# collection table
INSERT INTO collection(collection_id, name, locked, system, mutable) VALUES(1, 'collection', FALSE, TRUE, TRUE);
INSERT INTO collection(collection_id, name, locked, system, mutable) VALUES(2, 'attribute', FALSE, TRUE, TRUE);
INSERT INTO collection(collection_id, name, locked, system, mutable) VALUES(3, 'instance_attribute', FALSE, TRUE, TRUE);
INSERT INTO collection(collection_id, name, locked, system, mutable) VALUES(4, 'primary_attribute', FALSE, TRUE, TRUE);
INSERT INTO collection(collection_id, name, locked, system, mutable) VALUES(5, 'index_attribute', FALSE, TRUE, TRUE);
INSERT INTO collection(collection_id, name, locked, system, mutable) VALUES(6, 'relationship', FALSE, TRUE, TRUE);
INSERT INTO collection(collection_id, name, locked, system, mutable) VALUES(7, 'role', FALSE, TRUE, TRUE);
INSERT INTO collection(collection_id, name, locked, system, mutable) VALUES(8, 'security_instantiation', FALSE, TRUE, TRUE);
INSERT INTO collection(collection_id, name, locked, system, mutable) VALUES(9, 'security_action', FALSE, TRUE, TRUE);
INSERT INTO collection(collection_id, name, locked, system, mutable) VALUES(10, 'user', FALSE, TRUE, FALSE);
INSERT INTO collection(collection_id, name, locked, system, mutable) VALUES(11, 'socket', FALSE, TRUE, TRUE);
INSERT INTO collection(collection_id, name, locked, system, mutable) VALUES(12, 'file', FALSE, TRUE, TRUE);
INSERT INTO collection(collection_id, name, locked, system, mutable) VALUES(13, 'setting', FALSE, TRUE, TRUE);
INSERT INTO collection(collection_id, name, locked, system, mutable) VALUES(14, 'localization', FALSE, TRUE, TRUE);
INSERT INTO collection(collection_id, name, locked, system, mutable) VALUES(15, 'section', FALSE, TRUE, TRUE);
INSERT INTO collection(collection_id, name, locked, system, mutable) VALUES(16, 'menu', FALSE, TRUE, TRUE);
INSERT INTO collection(collection_id, name, locked, system, mutable) VALUES(17, 'menu_item', FALSE, TRUE, TRUE);
INSERT INTO collection(collection_id, name, locked, system, mutable) VALUES(18, 'layout', FALSE, TRUE, TRUE);
INSERT INTO collection(collection_id, name, locked, system, mutable) VALUES(19, 'page', FALSE, TRUE, TRUE);
INSERT INTO collection(collection_id, name, locked, system, mutable) VALUES(20, 'page_role', FALSE, TRUE, TRUE);
INSERT INTO collection(collection_id, name, locked, system, mutable) VALUES(21, 'rest_role', FALSE, TRUE, TRUE);
INSERT INTO collection(collection_id, name, locked, system, mutable) VALUES(22, 'block', FALSE, TRUE, TRUE);
INSERT INTO collection(collection_id, name, locked, system, mutable) VALUES(23, 'groovy', FALSE, TRUE, TRUE);
INSERT INTO collection(collection_id, name, locked, system, mutable) VALUES(24, 'rest', FALSE, TRUE, TRUE);
INSERT INTO collection(collection_id, name, locked, system, mutable) VALUES(25, 'eav_decimal', FALSE, TRUE, TRUE);
INSERT INTO collection(collection_id, name, locked, system, mutable) VALUES(26, 'eav_integer', FALSE, TRUE, TRUE);
INSERT INTO collection(collection_id, name, locked, system, mutable) VALUES(27, 'eav_text', FALSE, TRUE, TRUE);
INSERT INTO collection(collection_id, name, locked, system, mutable) VALUES(28, 'eav_varchar', FALSE, TRUE, TRUE);
INSERT INTO collection(collection_id, name, locked, system, mutable) VALUES(29, 'eav_boolean', FALSE, TRUE, TRUE);
INSERT INTO collection(collection_id, name, locked, system, mutable) VALUES(30, 'eav_date_time', FALSE, TRUE, TRUE);
INSERT INTO collection(collection_id, name, locked, system, mutable) VALUES(31, 'eav_date', FALSE, TRUE, TRUE);
INSERT INTO collection(collection_id, name, locked, system, mutable) VALUES(32, 'eav_time', FALSE, TRUE, TRUE);
INSERT INTO collection(collection_id, name, locked, system, mutable) VALUES(33, 'eav_character', FALSE, TRUE, TRUE);
INSERT INTO collection(collection_id, name, locked, system, mutable) VALUES(34, 'restore', FALSE, TRUE, TRUE);

# attribute table
INSERT INTO attribute (attribute_id, collection_id, name, type, length, `precision`, allow_null, eav, system) VALUES (1, 1, 'collection_id', 'String', 100, NULL, FALSE, FALSE, TRUE);
INSERT INTO attribute (attribute_id, collection_id, name, type, length, `precision`, allow_null, eav, system) VALUES (2, 1, 'name', 'String', 255, NULL, FALSE, FALSE, TRUE);
INSERT INTO attribute (attribute_id, collection_id, name, type, length, `precision`, allow_null, eav, system) VALUES (5, 1, 'mutable', 'Boolean', NULL, NULL, FALSE, FALSE, TRUE);
INSERT INTO attribute (attribute_id, collection_id, name, type, length, `precision`, allow_null, eav, system) VALUES (4, 1, 'system', 'Boolean', NULL, NULL, FALSE, FALSE, TRUE);
INSERT INTO attribute (attribute_id, collection_id, name, type, length, `precision`, allow_null, eav, system) VALUES (3, 1, 'locked', 'Boolean', NULL, NULL, FALSE, FALSE, TRUE);
INSERT INTO attribute (attribute_id, collection_id, name, type, length, `precision`, allow_null, eav, system) VALUES (7, 2, 'collection_id', 'String', 100, NULL, FALSE, FALSE, TRUE);
INSERT INTO attribute (attribute_id, collection_id, name, type, length, `precision`, allow_null, eav, system) VALUES (15, 2, 'system', 'Boolean', NULL, NULL, FALSE, FALSE, TRUE);
INSERT INTO attribute (attribute_id, collection_id, name, type, length, `precision`, allow_null, eav, system) VALUES (6, 2, 'attribute_id', 'String', 100, NULL, FALSE, FALSE, TRUE);
INSERT INTO attribute (attribute_id, collection_id, name, type, length, `precision`, allow_null, eav, system) VALUES (11, 2, 'precision', 'Long', 11, NULL, TRUE, FALSE, TRUE);
INSERT INTO attribute (attribute_id, collection_id, name, type, length, `precision`, allow_null, eav, system) VALUES (8, 2, 'name', 'String', 255, NULL, FALSE, FALSE, TRUE);
INSERT INTO attribute (attribute_id, collection_id, name, type, length, `precision`, allow_null, eav, system) VALUES (10, 2, 'length', 'Long', 11, NULL, TRUE, FALSE, TRUE);
INSERT INTO attribute (attribute_id, collection_id, name, type, length, `precision`, allow_null, eav, system) VALUES (13, 2, 'allow_null', 'Boolean', NULL, NULL, FALSE, FALSE, TRUE);
INSERT INTO attribute (attribute_id, collection_id, name, type, length, `precision`, allow_null, eav, system) VALUES (14, 2, 'eav', 'Boolean', NULL, NULL, FALSE, FALSE, TRUE);
INSERT INTO attribute (attribute_id, collection_id, name, type, length, `precision`, allow_null, eav, system) VALUES (9, 2, 'type', 'String', 10, NULL, FALSE, FALSE, TRUE);
INSERT INTO attribute (attribute_id, collection_id, name, type, length, `precision`, allow_null, eav, system) VALUES (12, 2, 'order', 'Long', 11, NULL, FALSE, FALSE, TRUE);
INSERT INTO attribute (attribute_id, collection_id, name, type, length, `precision`, allow_null, eav, system) VALUES (16, 3, 'instance_attribute_id', 'String', 100, NULL, FALSE, FALSE, TRUE);
INSERT INTO attribute (attribute_id, collection_id, name, type, length, `precision`, allow_null, eav, system) VALUES (17, 3, 'collection_id', 'String', 100, NULL, FALSE, FALSE, TRUE);
INSERT INTO attribute (attribute_id, collection_id, name, type, length, `precision`, allow_null, eav, system) VALUES (20, 3, 'system', 'Boolean', NULL, NULL, FALSE, FALSE, TRUE);
INSERT INTO attribute (attribute_id, collection_id, name, type, length, `precision`, allow_null, eav, system) VALUES (18, 3, 'attribute_id', 'String', 100, NULL, FALSE, FALSE, TRUE);
INSERT INTO attribute (attribute_id, collection_id, name, type, length, `precision`, allow_null, eav, system) VALUES (19, 3, 'order', 'Long', 11, NULL, FALSE, FALSE, TRUE);
INSERT INTO attribute (attribute_id, collection_id, name, type, length, `precision`, allow_null, eav, system) VALUES (22, 4, 'collection_id', 'String', 100, NULL, FALSE, FALSE, TRUE);
INSERT INTO attribute (attribute_id, collection_id, name, type, length, `precision`, allow_null, eav, system) VALUES (24, 4, 'system', 'Boolean', NULL, NULL, FALSE, FALSE, TRUE);
INSERT INTO attribute (attribute_id, collection_id, name, type, length, `precision`, allow_null, eav, system) VALUES (21, 4, 'primary_attribute_id', 'String', 100, NULL, FALSE, FALSE, TRUE);
INSERT INTO attribute (attribute_id, collection_id, name, type, length, `precision`, allow_null, eav, system) VALUES (23, 4, 'attribute_id', 'String', 100, NULL, FALSE, FALSE, TRUE);
INSERT INTO attribute (attribute_id, collection_id, name, type, length, `precision`, allow_null, eav, system) VALUES (26, 5, 'collection_id', 'String', 100, NULL, FALSE, FALSE, TRUE);
INSERT INTO attribute (attribute_id, collection_id, name, type, length, `precision`, allow_null, eav, system) VALUES (30, 5, 'system', 'Boolean', NULL, NULL, FALSE, FALSE, TRUE);
INSERT INTO attribute (attribute_id, collection_id, name, type, length, `precision`, allow_null, eav, system) VALUES (25, 5, 'index_attribute_id', 'String', 100, NULL, FALSE, FALSE, TRUE);
INSERT INTO attribute (attribute_id, collection_id, name, type, length, `precision`, allow_null, eav, system) VALUES (27, 5, 'attribute_id', 'String', 100, NULL, FALSE, FALSE, TRUE);
INSERT INTO attribute (attribute_id, collection_id, name, type, length, `precision`, allow_null, eav, system) VALUES (28, 5, 'name', 'String', 100, NULL, FALSE, FALSE, TRUE);
INSERT INTO attribute (attribute_id, collection_id, name, type, length, `precision`, allow_null, eav, system) VALUES (29, 5, 'type', 'String', 12, NULL, FALSE, FALSE, TRUE);
INSERT INTO attribute (attribute_id, collection_id, name, type, length, `precision`, allow_null, eav, system) VALUES (32, 6, 'collection_id', 'String', 100, NULL, FALSE, FALSE, TRUE);
INSERT INTO attribute (attribute_id, collection_id, name, type, length, `precision`, allow_null, eav, system) VALUES (39, 6, 'many_join_attribute_id', 'String', 100, NULL, TRUE, FALSE, TRUE);
INSERT INTO attribute (attribute_id, collection_id, name, type, length, `precision`, allow_null, eav, system) VALUES (40, 6, 'many_reverse_attribute_id', 'String', 100, NULL, TRUE, FALSE, TRUE);
INSERT INTO attribute (attribute_id, collection_id, name, type, length, `precision`, allow_null, eav, system) VALUES (35, 6, 'join_type', 'String', 10, NULL, FALSE, FALSE, TRUE);
INSERT INTO attribute (attribute_id, collection_id, name, type, length, `precision`, allow_null, eav, system) VALUES (36, 6, 'join_collection_id', 'String', 100, NULL, FALSE, FALSE, TRUE);
INSERT INTO attribute (attribute_id, collection_id, name, type, length, `precision`, allow_null, eav, system) VALUES (41, 6, 'system', 'Boolean', NULL, NULL, FALSE, FALSE, TRUE);
INSERT INTO attribute (attribute_id, collection_id, name, type, length, `precision`, allow_null, eav, system) VALUES (33, 6, 'attribute_id', 'String', 100, NULL, FALSE, FALSE, TRUE);
INSERT INTO attribute (attribute_id, collection_id, name, type, length, `precision`, allow_null, eav, system) VALUES (31, 6, 'relationship_id', 'String', 100, NULL, FALSE, FALSE, TRUE);
INSERT INTO attribute (attribute_id, collection_id, name, type, length, `precision`, allow_null, eav, system) VALUES (34, 6, 'name', 'String', 100, NULL, FALSE, FALSE, TRUE);
INSERT INTO attribute (attribute_id, collection_id, name, type, length, `precision`, allow_null, eav, system) VALUES (37, 6, 'join_attribute_id', 'String', 100, NULL, FALSE, FALSE, TRUE);
INSERT INTO attribute (attribute_id, collection_id, name, type, length, `precision`, allow_null, eav, system) VALUES (38, 6, 'many_collection_id', 'String', 100, NULL, TRUE, FALSE, TRUE);
INSERT INTO attribute (attribute_id, collection_id, name, type, length, `precision`, allow_null, eav, system) VALUES (43, 7, 'name', 'String', 100, NULL, FALSE, FALSE, TRUE);
INSERT INTO attribute (attribute_id, collection_id, name, type, length, `precision`, allow_null, eav, system) VALUES (45, 7, 'description', 'String', 255, NULL, TRUE, FALSE, TRUE);
INSERT INTO attribute (attribute_id, collection_id, name, type, length, `precision`, allow_null, eav, system) VALUES (44, 7, 'system', 'Boolean', NULL, NULL, FALSE, FALSE, TRUE);
INSERT INTO attribute (attribute_id, collection_id, name, type, length, `precision`, allow_null, eav, system) VALUES (42, 7, 'role_id', 'String', 100, NULL, FALSE, FALSE, TRUE);
INSERT INTO attribute (attribute_id, collection_id, name, type, length, `precision`, allow_null, eav, system) VALUES (48, 8, 'system', 'Boolean', NULL, NULL, FALSE, FALSE, TRUE);
INSERT INTO attribute (attribute_id, collection_id, name, type, length, `precision`, allow_null, eav, system) VALUES (46, 8, 'security_instantiation_id', 'String', 100, NULL, FALSE, FALSE, TRUE);
INSERT INTO attribute (attribute_id, collection_id, name, type, length, `precision`, allow_null, eav, system) VALUES (47, 8, 'java_class', 'String', 255, NULL, FALSE, FALSE, TRUE);
INSERT INTO attribute (attribute_id, collection_id, name, type, length, `precision`, allow_null, eav, system) VALUES (49, 9, 'security_action_id', 'String', 100, NULL, FALSE, FALSE, TRUE);
INSERT INTO attribute (attribute_id, collection_id, name, type, length, `precision`, allow_null, eav, system) VALUES (52, 10, 'password', 'String', 255, NULL, FALSE, FALSE, TRUE);
INSERT INTO attribute (attribute_id, collection_id, name, type, length, `precision`, allow_null, eav, system) VALUES (56, 10, 'account_non_expired', 'Boolean', NULL, NULL, FALSE, FALSE, TRUE);
INSERT INTO attribute (attribute_id, collection_id, name, type, length, `precision`, allow_null, eav, system) VALUES (57, 10, 'account_non_locked', 'Boolean', NULL, NULL, FALSE, FALSE, TRUE);
INSERT INTO attribute (attribute_id, collection_id, name, type, length, `precision`, allow_null, eav, system) VALUES (53, 10, 'full_name', 'String', 255, NULL, FALSE, FALSE, TRUE);
INSERT INTO attribute (attribute_id, collection_id, name, type, length, `precision`, allow_null, eav, system) VALUES (55, 10, 'system', 'Boolean', NULL, NULL, FALSE, FALSE, TRUE);
INSERT INTO attribute (attribute_id, collection_id, name, type, length, `precision`, allow_null, eav, system) VALUES (50, 10, 'user_id', 'String', 100, NULL, FALSE, FALSE, TRUE);
INSERT INTO attribute (attribute_id, collection_id, name, type, length, `precision`, allow_null, eav, system) VALUES (54, 10, 'role_id', 'String', 100, NULL, FALSE, FALSE, TRUE);
INSERT INTO attribute (attribute_id, collection_id, name, type, length, `precision`, allow_null, eav, system) VALUES (58, 10, 'credentials_non_expired', 'Boolean', NULL, NULL, FALSE, FALSE, TRUE);
INSERT INTO attribute (attribute_id, collection_id, name, type, length, `precision`, allow_null, eav, system) VALUES (51, 10, 'login', 'String', 255, NULL, FALSE, FALSE, TRUE);
INSERT INTO attribute (attribute_id, collection_id, name, type, length, `precision`, allow_null, eav, system) VALUES (59, 10, 'status', 'String', 20, NULL, FALSE, FALSE, TRUE);
INSERT INTO attribute (attribute_id, collection_id, name, type, length, `precision`, allow_null, eav, system) VALUES (65, 11, 'page_key', 'Long', 11, NULL, TRUE, FALSE, TRUE);
INSERT INTO attribute (attribute_id, collection_id, name, type, length, `precision`, allow_null, eav, system) VALUES (60, 11, 'socket_id', 'String', 100, NULL, FALSE, FALSE, TRUE);
INSERT INTO attribute (attribute_id, collection_id, name, type, length, `precision`, allow_null, eav, system) VALUES (66, 11, 'system', 'Boolean', NULL, NULL, FALSE, FALSE, TRUE);
INSERT INTO attribute (attribute_id, collection_id, name, type, length, `precision`, allow_null, eav, system) VALUES (61, 11, 'user_id', 'String', 100, NULL, TRUE, FALSE, TRUE);
INSERT INTO attribute (attribute_id, collection_id, name, type, length, `precision`, allow_null, eav, system) VALUES (63, 11, 'date_created', 'DateTime', NULL, NULL, FALSE, FALSE, TRUE);
INSERT INTO attribute (attribute_id, collection_id, name, type, length, `precision`, allow_null, eav, system) VALUES (62, 11, 'session_id', 'String', 100, NULL, FALSE, FALSE, TRUE);
INSERT INTO attribute (attribute_id, collection_id, name, type, length, `precision`, allow_null, eav, system) VALUES (64, 11, 'resource_name', 'String', 100, NULL, TRUE, FALSE, TRUE);
INSERT INTO attribute (attribute_id, collection_id, name, type, length, `precision`, allow_null, eav, system) VALUES (70, 12, 'path', 'String', 255, NULL, FALSE, FALSE, TRUE);
INSERT INTO attribute (attribute_id, collection_id, name, type, length, `precision`, allow_null, eav, system) VALUES (72, 12, 'extension', 'String', 10, NULL, TRUE, FALSE, TRUE);
INSERT INTO attribute (attribute_id, collection_id, name, type, length, `precision`, allow_null, eav, system) VALUES (75, 12, 'system', 'Boolean', NULL, NULL, FALSE, FALSE, TRUE);
INSERT INTO attribute (attribute_id, collection_id, name, type, length, `precision`, allow_null, eav, system) VALUES (74, 12, 'date_created', 'DateTime', NULL, NULL, FALSE, FALSE, TRUE);
INSERT INTO attribute (attribute_id, collection_id, name, type, length, `precision`, allow_null, eav, system) VALUES (67, 12, 'file_id', 'String', 100, NULL, FALSE, FALSE, TRUE);
INSERT INTO attribute (attribute_id, collection_id, name, type, length, `precision`, allow_null, eav, system) VALUES (71, 12, 'mime', 'String', 100, NULL, TRUE, FALSE, TRUE);
INSERT INTO attribute (attribute_id, collection_id, name, type, length, `precision`, allow_null, eav, system) VALUES (68, 12, 'name', 'String', 255, NULL, TRUE, FALSE, TRUE);
INSERT INTO attribute (attribute_id, collection_id, name, type, length, `precision`, allow_null, eav, system) VALUES (73, 12, 'length', 'Long', 11, NULL, FALSE, FALSE, TRUE);
INSERT INTO attribute (attribute_id, collection_id, name, type, length, `precision`, allow_null, eav, system) VALUES (69, 12, 'label', 'String', 255, NULL, TRUE, FALSE, TRUE);
INSERT INTO attribute (attribute_id, collection_id, name, type, length, `precision`, allow_null, eav, system) VALUES (77, 13, 'name', 'String', 100, NULL, FALSE, FALSE, TRUE);
INSERT INTO attribute (attribute_id, collection_id, name, type, length, `precision`, allow_null, eav, system) VALUES (78, 13, 'value', 'String', 255, NULL, FALSE, FALSE, TRUE);
INSERT INTO attribute (attribute_id, collection_id, name, type, length, `precision`, allow_null, eav, system) VALUES (76, 13, 'setting_id', 'String', 100, NULL, FALSE, FALSE, TRUE);
INSERT INTO attribute (attribute_id, collection_id, name, type, length, `precision`, allow_null, eav, system) VALUES (84, 14, 'system', 'Boolean', NULL, NULL, FALSE, FALSE, TRUE);
INSERT INTO attribute (attribute_id, collection_id, name, type, length, `precision`, allow_null, eav, system) VALUES (82, 14, 'language', 'String', 10, NULL, TRUE, FALSE, TRUE);
INSERT INTO attribute (attribute_id, collection_id, name, type, length, `precision`, allow_null, eav, system) VALUES (81, 14, 'page', 'String', 255, NULL, TRUE, FALSE, TRUE);
INSERT INTO attribute (attribute_id, collection_id, name, type, length, `precision`, allow_null, eav, system) VALUES (83, 14, 'label', 'String', 255, NULL, FALSE, FALSE, TRUE);
INSERT INTO attribute (attribute_id, collection_id, name, type, length, `precision`, allow_null, eav, system) VALUES (79, 14, 'localization_id', 'String', 100, NULL, FALSE, FALSE, TRUE);
INSERT INTO attribute (attribute_id, collection_id, name, type, length, `precision`, allow_null, eav, system) VALUES (80, 14, 'key', 'String', 100, NULL, FALSE, FALSE, TRUE);
INSERT INTO attribute (attribute_id, collection_id, name, type, length, `precision`, allow_null, eav, system) VALUES (87, 15, 'system', 'Boolean', NULL, NULL, FALSE, FALSE, TRUE);
INSERT INTO attribute (attribute_id, collection_id, name, type, length, `precision`, allow_null, eav, system) VALUES (85, 15, 'section_id', 'String', 100, NULL, FALSE, FALSE, TRUE);
INSERT INTO attribute (attribute_id, collection_id, name, type, length, `precision`, allow_null, eav, system) VALUES (86, 15, 'title', 'String', 100, NULL, FALSE, FALSE, TRUE);
INSERT INTO attribute (attribute_id, collection_id, name, type, length, `precision`, allow_null, eav, system) VALUES (88, 15, 'order', 'Long', 11, NULL, FALSE, FALSE, TRUE);
INSERT INTO attribute (attribute_id, collection_id, name, type, length, `precision`, allow_null, eav, system) VALUES (91, 16, 'path', 'String', 255, NULL, FALSE, FALSE, TRUE);
INSERT INTO attribute (attribute_id, collection_id, name, type, length, `precision`, allow_null, eav, system) VALUES (92, 16, 'system', 'Boolean', NULL, NULL, FALSE, FALSE, TRUE);
INSERT INTO attribute (attribute_id, collection_id, name, type, length, `precision`, allow_null, eav, system) VALUES (94, 16, 'section_id', 'String', 100, NULL, TRUE, FALSE, TRUE);
INSERT INTO attribute (attribute_id, collection_id, name, type, length, `precision`, allow_null, eav, system) VALUES (93, 16, 'icon', 'String', 100, NULL, TRUE, FALSE, TRUE);
INSERT INTO attribute (attribute_id, collection_id, name, type, length, `precision`, allow_null, eav, system) VALUES (90, 16, 'title', 'String', 100, NULL, FALSE, FALSE, TRUE);
INSERT INTO attribute (attribute_id, collection_id, name, type, length, `precision`, allow_null, eav, system) VALUES (89, 16, 'menu_id', 'String', 100, NULL, FALSE, FALSE, TRUE);
INSERT INTO attribute (attribute_id, collection_id, name, type, length, `precision`, allow_null, eav, system) VALUES (95, 16, 'parent_menu_id', 'String', 100, NULL, TRUE, FALSE, TRUE);
INSERT INTO attribute (attribute_id, collection_id, name, type, length, `precision`, allow_null, eav, system) VALUES (96, 16, 'order', 'Long', 11, NULL, FALSE, FALSE, TRUE);
INSERT INTO attribute (attribute_id, collection_id, name, type, length, `precision`, allow_null, eav, system) VALUES (103, 17, 'page_id', 'String', 100, NULL, FALSE, FALSE, TRUE);
INSERT INTO attribute (attribute_id, collection_id, name, type, length, `precision`, allow_null, eav, system) VALUES (97, 17, 'menu_item_id', 'String', 100, NULL, FALSE, FALSE, TRUE);
INSERT INTO attribute (attribute_id, collection_id, name, type, length, `precision`, allow_null, eav, system) VALUES (100, 17, 'system', 'Boolean', NULL, NULL, FALSE, FALSE, TRUE);
INSERT INTO attribute (attribute_id, collection_id, name, type, length, `precision`, allow_null, eav, system) VALUES (104, 17, 'section_id', 'String', 100, NULL, TRUE, FALSE, TRUE);
INSERT INTO attribute (attribute_id, collection_id, name, type, length, `precision`, allow_null, eav, system) VALUES (101, 17, 'icon', 'String', 100, NULL, TRUE, FALSE, TRUE);
INSERT INTO attribute (attribute_id, collection_id, name, type, length, `precision`, allow_null, eav, system) VALUES (99, 17, 'title', 'String', 100, NULL, FALSE, FALSE, TRUE);
INSERT INTO attribute (attribute_id, collection_id, name, type, length, `precision`, allow_null, eav, system) VALUES (98, 17, 'menu_id', 'String', 100, NULL, TRUE, FALSE, TRUE);
INSERT INTO attribute (attribute_id, collection_id, name, type, length, `precision`, allow_null, eav, system) VALUES (102, 17, 'order', 'Long', 11, NULL, FALSE, FALSE, TRUE);
INSERT INTO attribute (attribute_id, collection_id, name, type, length, `precision`, allow_null, eav, system) VALUES (111, 18, 'html_crc32', 'String', 100, NULL, TRUE, FALSE, TRUE);
INSERT INTO attribute (attribute_id, collection_id, name, type, length, `precision`, allow_null, eav, system) VALUES (105, 18, 'layout_id', 'String', 100, NULL, FALSE, FALSE, TRUE);
INSERT INTO attribute (attribute_id, collection_id, name, type, length, `precision`, allow_null, eav, system) VALUES (108, 18, 'system', 'Boolean', NULL, NULL, FALSE, FALSE, TRUE);
INSERT INTO attribute (attribute_id, collection_id, name, type, length, `precision`, allow_null, eav, system) VALUES (114, 18, 'date_modified', 'DateTime', NULL, NULL, FALSE, FALSE, TRUE);
INSERT INTO attribute (attribute_id, collection_id, name, type, length, `precision`, allow_null, eav, system) VALUES (113, 18, 'date_created', 'DateTime', NULL, NULL, FALSE, FALSE, TRUE);
INSERT INTO attribute (attribute_id, collection_id, name, type, length, `precision`, allow_null, eav, system) VALUES (107, 18, 'description', 'String', 255, NULL, FALSE, FALSE, TRUE);
INSERT INTO attribute (attribute_id, collection_id, name, type, length, `precision`, allow_null, eav, system) VALUES (112, 18, 'modified', 'Boolean', NULL, NULL, FALSE, FALSE, TRUE);
INSERT INTO attribute (attribute_id, collection_id, name, type, length, `precision`, allow_null, eav, system) VALUES (110, 18, 'html', 'Text', NULL, NULL, TRUE, FALSE, TRUE);
INSERT INTO attribute (attribute_id, collection_id, name, type, length, `precision`, allow_null, eav, system) VALUES (106, 18, 'title', 'String', 100, NULL, FALSE, FALSE, TRUE);
INSERT INTO attribute (attribute_id, collection_id, name, type, length, `precision`, allow_null, eav, system) VALUES (115, 18, 'cms_layout', 'Boolean', NULL, NULL, FALSE, FALSE, TRUE);
INSERT INTO attribute (attribute_id, collection_id, name, type, length, `precision`, allow_null, eav, system) VALUES (109, 18, 'groovy_id', 'String', 100, NULL, TRUE, FALSE, TRUE);
INSERT INTO attribute (attribute_id, collection_id, name, type, length, `precision`, allow_null, eav, system) VALUES (124, 19, 'html_crc32', 'String', 100, NULL, TRUE, FALSE, TRUE);
INSERT INTO attribute (attribute_id, collection_id, name, type, length, `precision`, allow_null, eav, system) VALUES (128, 19, 'cms_page', 'Boolean', NULL, NULL, FALSE, FALSE, TRUE);
INSERT INTO attribute (attribute_id, collection_id, name, type, length, `precision`, allow_null, eav, system) VALUES (117, 19, 'layout_id', 'String', 100, NULL, TRUE, FALSE, TRUE);
INSERT INTO attribute (attribute_id, collection_id, name, type, length, `precision`, allow_null, eav, system) VALUES (126, 19, 'date_created', 'DateTime', NULL, NULL, FALSE, FALSE, TRUE);
INSERT INTO attribute (attribute_id, collection_id, name, type, length, `precision`, allow_null, eav, system) VALUES (120, 19, 'description', 'String', 255, NULL, FALSE, FALSE, TRUE);
INSERT INTO attribute (attribute_id, collection_id, name, type, length, `precision`, allow_null, eav, system) VALUES (118, 19, 'title', 'String', 100, NULL, FALSE, FALSE, TRUE);
INSERT INTO attribute (attribute_id, collection_id, name, type, length, `precision`, allow_null, eav, system) VALUES (122, 19, 'groovy_id', 'String', 100, NULL, TRUE, FALSE, TRUE);
INSERT INTO attribute (attribute_id, collection_id, name, type, length, `precision`, allow_null, eav, system) VALUES (116, 19, 'page_id', 'String', 100, NULL, FALSE, FALSE, TRUE);
INSERT INTO attribute (attribute_id, collection_id, name, type, length, `precision`, allow_null, eav, system) VALUES (119, 19, 'path', 'String', 255, NULL, FALSE, FALSE, TRUE);
INSERT INTO attribute (attribute_id, collection_id, name, type, length, `precision`, allow_null, eav, system) VALUES (121, 19, 'system', 'Boolean', NULL, NULL, FALSE, FALSE, TRUE);
INSERT INTO attribute (attribute_id, collection_id, name, type, length, `precision`, allow_null, eav, system) VALUES (127, 19, 'date_modified', 'DateTime', NULL, NULL, FALSE, FALSE, TRUE);
INSERT INTO attribute (attribute_id, collection_id, name, type, length, `precision`, allow_null, eav, system) VALUES (125, 19, 'modified', 'Boolean', NULL, NULL, FALSE, FALSE, TRUE);
INSERT INTO attribute (attribute_id, collection_id, name, type, length, `precision`, allow_null, eav, system) VALUES (123, 19, 'html', 'Text', NULL, NULL, TRUE, FALSE, TRUE);
INSERT INTO attribute (attribute_id, collection_id, name, type, length, `precision`, allow_null, eav, system) VALUES (130, 20, 'page_id', 'String', 100, NULL, FALSE, FALSE, TRUE);
INSERT INTO attribute (attribute_id, collection_id, name, type, length, `precision`, allow_null, eav, system) VALUES (129, 20, 'page_role_id', 'String', 100, NULL, FALSE, FALSE, TRUE);
INSERT INTO attribute (attribute_id, collection_id, name, type, length, `precision`, allow_null, eav, system) VALUES (132, 20, 'system', 'Boolean', NULL, NULL, FALSE, FALSE, TRUE);
INSERT INTO attribute (attribute_id, collection_id, name, type, length, `precision`, allow_null, eav, system) VALUES (131, 20, 'role_id', 'String', 100, NULL, FALSE, FALSE, TRUE);
INSERT INTO attribute (attribute_id, collection_id, name, type, length, `precision`, allow_null, eav, system) VALUES (136, 21, 'system', 'Boolean', NULL, NULL, FALSE, FALSE, TRUE);
INSERT INTO attribute (attribute_id, collection_id, name, type, length, `precision`, allow_null, eav, system) VALUES (134, 21, 'rest_id', 'String', 100, NULL, FALSE, FALSE, TRUE);
INSERT INTO attribute (attribute_id, collection_id, name, type, length, `precision`, allow_null, eav, system) VALUES (135, 21, 'role_id', 'String', 100, NULL, FALSE, FALSE, TRUE);
INSERT INTO attribute (attribute_id, collection_id, name, type, length, `precision`, allow_null, eav, system) VALUES (133, 21, 'rest_role_id', 'String', 100, NULL, FALSE, FALSE, TRUE);
INSERT INTO attribute (attribute_id, collection_id, name, type, length, `precision`, allow_null, eav, system) VALUES (143, 22, 'stage_javascript', 'Text', NULL, NULL, TRUE, FALSE, TRUE);
INSERT INTO attribute (attribute_id, collection_id, name, type, length, `precision`, allow_null, eav, system) VALUES (138, 22, 'code', 'String', 100, NULL, FALSE, FALSE, TRUE);
INSERT INTO attribute (attribute_id, collection_id, name, type, length, `precision`, allow_null, eav, system) VALUES (146, 22, 'date_created', 'DateTime', NULL, NULL, FALSE, FALSE, TRUE);
INSERT INTO attribute (attribute_id, collection_id, name, type, length, `precision`, allow_null, eav, system) VALUES (140, 22, 'description', 'String', 255, NULL, FALSE, FALSE, TRUE);
INSERT INTO attribute (attribute_id, collection_id, name, type, length, `precision`, allow_null, eav, system) VALUES (139, 22, 'title', 'String', 100, NULL, FALSE, FALSE, TRUE);
INSERT INTO attribute (attribute_id, collection_id, name, type, length, `precision`, allow_null, eav, system) VALUES (137, 22, 'block_id', 'String', 100, NULL, FALSE, FALSE, TRUE);
INSERT INTO attribute (attribute_id, collection_id, name, type, length, `precision`, allow_null, eav, system) VALUES (141, 22, 'javascript', 'Text', NULL, NULL, TRUE, FALSE, TRUE);
INSERT INTO attribute (attribute_id, collection_id, name, type, length, `precision`, allow_null, eav, system) VALUES (148, 22, 'system', 'Boolean', NULL, NULL, FALSE, FALSE, TRUE);
INSERT INTO attribute (attribute_id, collection_id, name, type, length, `precision`, allow_null, eav, system) VALUES (147, 22, 'date_modified', 'DateTime', NULL, NULL, FALSE, FALSE, TRUE);
INSERT INTO attribute (attribute_id, collection_id, name, type, length, `precision`, allow_null, eav, system) VALUES (144, 22, 'stage_html', 'Text', NULL, NULL, TRUE, FALSE, TRUE);
INSERT INTO attribute (attribute_id, collection_id, name, type, length, `precision`, allow_null, eav, system) VALUES (145, 22, 'modified', 'Boolean', NULL, NULL, FALSE, FALSE, TRUE);
INSERT INTO attribute (attribute_id, collection_id, name, type, length, `precision`, allow_null, eav, system) VALUES (142, 22, 'html', 'Text', NULL, NULL, TRUE, FALSE, TRUE);
INSERT INTO attribute (attribute_id, collection_id, name, type, length, `precision`, allow_null, eav, system) VALUES (152, 23, 'script_crc32', 'String', 100, NULL, TRUE, FALSE, TRUE);
INSERT INTO attribute (attribute_id, collection_id, name, type, length, `precision`, allow_null, eav, system) VALUES (153, 23, 'system', 'Boolean', NULL, NULL, FALSE, FALSE, TRUE);
INSERT INTO attribute (attribute_id, collection_id, name, type, length, `precision`, allow_null, eav, system) VALUES (150, 23, 'java_class', 'String', 255, NULL, FALSE, FALSE, TRUE);
INSERT INTO attribute (attribute_id, collection_id, name, type, length, `precision`, allow_null, eav, system) VALUES (151, 23, 'script', 'Text', NULL, NULL, FALSE, FALSE, TRUE);
INSERT INTO attribute (attribute_id, collection_id, name, type, length, `precision`, allow_null, eav, system) VALUES (149, 23, 'groovy_id', 'String', 100, NULL, FALSE, FALSE, TRUE);
INSERT INTO attribute (attribute_id, collection_id, name, type, length, `precision`, allow_null, eav, system) VALUES (155, 24, 'method', 'String', 10, NULL, FALSE, FALSE, TRUE);
INSERT INTO attribute (attribute_id, collection_id, name, type, length, `precision`, allow_null, eav, system) VALUES (165, 24, 'date_created', 'DateTime', NULL, NULL, FALSE, FALSE, TRUE);
INSERT INTO attribute (attribute_id, collection_id, name, type, length, `precision`, allow_null, eav, system) VALUES (159, 24, 'description', 'String', 255, NULL, FALSE, FALSE, TRUE);
INSERT INTO attribute (attribute_id, collection_id, name, type, length, `precision`, allow_null, eav, system) VALUES (154, 24, 'rest_id', 'String', 100, NULL, FALSE, FALSE, TRUE);
INSERT INTO attribute (attribute_id, collection_id, name, type, length, `precision`, allow_null, eav, system) VALUES (161, 24, 'groovy_id', 'String', 100, NULL, TRUE, FALSE, TRUE);
INSERT INTO attribute (attribute_id, collection_id, name, type, length, `precision`, allow_null, eav, system) VALUES (156, 24, 'path', 'String', 255, NULL, FALSE, FALSE, TRUE);
INSERT INTO attribute (attribute_id, collection_id, name, type, length, `precision`, allow_null, eav, system) VALUES (162, 24, 'security', 'String', 15, NULL, FALSE, FALSE, TRUE);
INSERT INTO attribute (attribute_id, collection_id, name, type, length, `precision`, allow_null, eav, system) VALUES (163, 24, 'system', 'Boolean', NULL, NULL, FALSE, FALSE, TRUE);
INSERT INTO attribute (attribute_id, collection_id, name, type, length, `precision`, allow_null, eav, system) VALUES (166, 24, 'date_modified', 'DateTime', NULL, NULL, FALSE, FALSE, TRUE);
INSERT INTO attribute (attribute_id, collection_id, name, type, length, `precision`, allow_null, eav, system) VALUES (157, 24, 'path_variable', 'String', 255, NULL, FALSE, FALSE, TRUE);
INSERT INTO attribute (attribute_id, collection_id, name, type, length, `precision`, allow_null, eav, system) VALUES (160, 24, 'segment', 'Long', 11, NULL, FALSE, FALSE, TRUE);
INSERT INTO attribute (attribute_id, collection_id, name, type, length, `precision`, allow_null, eav, system) VALUES (158, 24, 'name', 'String', 255, NULL, FALSE, FALSE, TRUE);
INSERT INTO attribute (attribute_id, collection_id, name, type, length, `precision`, allow_null, eav, system) VALUES (164, 24, 'modified', 'Boolean', NULL, NULL, FALSE, FALSE, TRUE);
INSERT INTO attribute (attribute_id, collection_id, name, type, length, `precision`, allow_null, eav, system) VALUES (168, 25, 'collection_id', 'String', 100, NULL, FALSE, FALSE, TRUE);
INSERT INTO attribute (attribute_id, collection_id, name, type, length, `precision`, allow_null, eav, system) VALUES (169, 25, 'attribute_id', 'String', 100, NULL, FALSE, FALSE, TRUE);
INSERT INTO attribute (attribute_id, collection_id, name, type, length, `precision`, allow_null, eav, system) VALUES (172, 25, 'eav_value', 'Double', 15, 4, TRUE, FALSE, TRUE);
INSERT INTO attribute (attribute_id, collection_id, name, type, length, `precision`, allow_null, eav, system) VALUES (171, 25, 'attribute_type', 'String', 50, NULL, FALSE, FALSE, TRUE);
INSERT INTO attribute (attribute_id, collection_id, name, type, length, `precision`, allow_null, eav, system) VALUES (167, 25, 'eav_decimal_id', 'String', 100, NULL, FALSE, FALSE, TRUE);
INSERT INTO attribute (attribute_id, collection_id, name, type, length, `precision`, allow_null, eav, system) VALUES (170, 25, 'document_id', 'String', 100, NULL, FALSE, FALSE, TRUE);
INSERT INTO attribute (attribute_id, collection_id, name, type, length, `precision`, allow_null, eav, system) VALUES (174, 26, 'collection_id', 'String', 100, NULL, FALSE, FALSE, TRUE);
INSERT INTO attribute (attribute_id, collection_id, name, type, length, `precision`, allow_null, eav, system) VALUES (173, 26, 'eav_integer_id', 'String', 100, NULL, FALSE, FALSE, TRUE);
INSERT INTO attribute (attribute_id, collection_id, name, type, length, `precision`, allow_null, eav, system) VALUES (175, 26, 'attribute_id', 'String', 100, NULL, FALSE, FALSE, TRUE);
INSERT INTO attribute (attribute_id, collection_id, name, type, length, `precision`, allow_null, eav, system) VALUES (178, 26, 'eav_value', 'Long', 11, NULL, TRUE, FALSE, TRUE);
INSERT INTO attribute (attribute_id, collection_id, name, type, length, `precision`, allow_null, eav, system) VALUES (177, 26, 'attribute_type', 'String', 50, NULL, FALSE, FALSE, TRUE);
INSERT INTO attribute (attribute_id, collection_id, name, type, length, `precision`, allow_null, eav, system) VALUES (176, 26, 'document_id', 'String', 100, NULL, FALSE, FALSE, TRUE);
INSERT INTO attribute (attribute_id, collection_id, name, type, length, `precision`, allow_null, eav, system) VALUES (180, 27, 'collection_id', 'String', 100, NULL, FALSE, FALSE, TRUE);
INSERT INTO attribute (attribute_id, collection_id, name, type, length, `precision`, allow_null, eav, system) VALUES (181, 27, 'attribute_id', 'String', 100, NULL, FALSE, FALSE, TRUE);
INSERT INTO attribute (attribute_id, collection_id, name, type, length, `precision`, allow_null, eav, system) VALUES (184, 27, 'eav_value', 'Text', NULL, NULL, TRUE, FALSE, TRUE);
INSERT INTO attribute (attribute_id, collection_id, name, type, length, `precision`, allow_null, eav, system) VALUES (183, 27, 'attribute_type', 'String', 50, NULL, FALSE, FALSE, TRUE);
INSERT INTO attribute (attribute_id, collection_id, name, type, length, `precision`, allow_null, eav, system) VALUES (182, 27, 'document_id', 'String', 100, NULL, FALSE, FALSE, TRUE);
INSERT INTO attribute (attribute_id, collection_id, name, type, length, `precision`, allow_null, eav, system) VALUES (179, 27, 'eav_text_id', 'String', 100, NULL, FALSE, FALSE, TRUE);
INSERT INTO attribute (attribute_id, collection_id, name, type, length, `precision`, allow_null, eav, system) VALUES (186, 28, 'collection_id', 'String', 100, NULL, FALSE, FALSE, TRUE);
INSERT INTO attribute (attribute_id, collection_id, name, type, length, `precision`, allow_null, eav, system) VALUES (185, 28, 'eav_varchar_id', 'String', 100, NULL, FALSE, FALSE, TRUE);
INSERT INTO attribute (attribute_id, collection_id, name, type, length, `precision`, allow_null, eav, system) VALUES (187, 28, 'attribute_id', 'String', 100, NULL, FALSE, FALSE, TRUE);
INSERT INTO attribute (attribute_id, collection_id, name, type, length, `precision`, allow_null, eav, system) VALUES (190, 28, 'eav_value', 'String', 255, NULL, TRUE, FALSE, TRUE);
INSERT INTO attribute (attribute_id, collection_id, name, type, length, `precision`, allow_null, eav, system) VALUES (189, 28, 'attribute_type', 'String', 50, NULL, FALSE, FALSE, TRUE);
INSERT INTO attribute (attribute_id, collection_id, name, type, length, `precision`, allow_null, eav, system) VALUES (188, 28, 'document_id', 'String', 100, NULL, FALSE, FALSE, TRUE);
INSERT INTO attribute (attribute_id, collection_id, name, type, length, `precision`, allow_null, eav, system) VALUES (191, 29, 'eav_boolean_id', 'String', 100, NULL, FALSE, FALSE, TRUE);
INSERT INTO attribute (attribute_id, collection_id, name, type, length, `precision`, allow_null, eav, system) VALUES (192, 29, 'collection_id', 'String', 100, NULL, FALSE, FALSE, TRUE);
INSERT INTO attribute (attribute_id, collection_id, name, type, length, `precision`, allow_null, eav, system) VALUES (193, 29, 'attribute_id', 'String', 100, NULL, FALSE, FALSE, TRUE);
INSERT INTO attribute (attribute_id, collection_id, name, type, length, `precision`, allow_null, eav, system) VALUES (196, 29, 'eav_value', 'Boolean', NULL, NULL, TRUE, FALSE, TRUE);
INSERT INTO attribute (attribute_id, collection_id, name, type, length, `precision`, allow_null, eav, system) VALUES (195, 29, 'attribute_type', 'String', 50, NULL, FALSE, FALSE, TRUE);
INSERT INTO attribute (attribute_id, collection_id, name, type, length, `precision`, allow_null, eav, system) VALUES (194, 29, 'document_id', 'String', 100, NULL, FALSE, FALSE, TRUE);
INSERT INTO attribute (attribute_id, collection_id, name, type, length, `precision`, allow_null, eav, system) VALUES (198, 30, 'collection_id', 'String', 100, NULL, FALSE, FALSE, TRUE);
INSERT INTO attribute (attribute_id, collection_id, name, type, length, `precision`, allow_null, eav, system) VALUES (199, 30, 'attribute_id', 'String', 100, NULL, FALSE, FALSE, TRUE);
INSERT INTO attribute (attribute_id, collection_id, name, type, length, `precision`, allow_null, eav, system) VALUES (202, 30, 'eav_value', 'DateTime', NULL, NULL, TRUE, FALSE, TRUE);
INSERT INTO attribute (attribute_id, collection_id, name, type, length, `precision`, allow_null, eav, system) VALUES (201, 30, 'attribute_type', 'String', 50, NULL, FALSE, FALSE, TRUE);
INSERT INTO attribute (attribute_id, collection_id, name, type, length, `precision`, allow_null, eav, system) VALUES (200, 30, 'document_id', 'String', 100, NULL, FALSE, FALSE, TRUE);
INSERT INTO attribute (attribute_id, collection_id, name, type, length, `precision`, allow_null, eav, system) VALUES (197, 30, 'eav_date_time_id', 'String', 100, NULL, FALSE, FALSE, TRUE);
INSERT INTO attribute (attribute_id, collection_id, name, type, length, `precision`, allow_null, eav, system) VALUES (204, 31, 'collection_id', 'String', 100, NULL, FALSE, FALSE, TRUE);
INSERT INTO attribute (attribute_id, collection_id, name, type, length, `precision`, allow_null, eav, system) VALUES (205, 31, 'attribute_id', 'String', 100, NULL, FALSE, FALSE, TRUE);
INSERT INTO attribute (attribute_id, collection_id, name, type, length, `precision`, allow_null, eav, system) VALUES (208, 31, 'eav_value', 'Date', NULL, NULL, TRUE, FALSE, TRUE);
INSERT INTO attribute (attribute_id, collection_id, name, type, length, `precision`, allow_null, eav, system) VALUES (203, 31, 'eav_date_id', 'String', 100, NULL, FALSE, FALSE, TRUE);
INSERT INTO attribute (attribute_id, collection_id, name, type, length, `precision`, allow_null, eav, system) VALUES (207, 31, 'attribute_type', 'String', 50, NULL, FALSE, FALSE, TRUE);
INSERT INTO attribute (attribute_id, collection_id, name, type, length, `precision`, allow_null, eav, system) VALUES (206, 31, 'document_id', 'String', 100, NULL, FALSE, FALSE, TRUE);
INSERT INTO attribute (attribute_id, collection_id, name, type, length, `precision`, allow_null, eav, system) VALUES (209, 32, 'eav_time_id', 'String', 100, NULL, FALSE, FALSE, TRUE);
INSERT INTO attribute (attribute_id, collection_id, name, type, length, `precision`, allow_null, eav, system) VALUES (210, 32, 'collection_id', 'String', 100, NULL, FALSE, FALSE, TRUE);
INSERT INTO attribute (attribute_id, collection_id, name, type, length, `precision`, allow_null, eav, system) VALUES (211, 32, 'attribute_id', 'String', 100, NULL, FALSE, FALSE, TRUE);
INSERT INTO attribute (attribute_id, collection_id, name, type, length, `precision`, allow_null, eav, system) VALUES (214, 32, 'eav_value', 'Time', NULL, NULL, TRUE, FALSE, TRUE);
INSERT INTO attribute (attribute_id, collection_id, name, type, length, `precision`, allow_null, eav, system) VALUES (213, 32, 'attribute_type', 'String', 50, NULL, FALSE, FALSE, TRUE);
INSERT INTO attribute (attribute_id, collection_id, name, type, length, `precision`, allow_null, eav, system) VALUES (212, 32, 'document_id', 'String', 100, NULL, FALSE, FALSE, TRUE);
INSERT INTO attribute (attribute_id, collection_id, name, type, length, `precision`, allow_null, eav, system) VALUES (216, 33, 'collection_id', 'String', 100, NULL, FALSE, FALSE, TRUE);
INSERT INTO attribute (attribute_id, collection_id, name, type, length, `precision`, allow_null, eav, system) VALUES (215, 33, 'eav_character_id', 'String', 100, NULL, FALSE, FALSE, TRUE);
INSERT INTO attribute (attribute_id, collection_id, name, type, length, `precision`, allow_null, eav, system) VALUES (217, 33, 'attribute_id', 'String', 100, NULL, FALSE, FALSE, TRUE);
INSERT INTO attribute (attribute_id, collection_id, name, type, length, `precision`, allow_null, eav, system) VALUES (220, 33, 'eav_value', 'String', 1, NULL, TRUE, FALSE, TRUE);
INSERT INTO attribute (attribute_id, collection_id, name, type, length, `precision`, allow_null, eav, system) VALUES (219, 33, 'attribute_type', 'String', 50, NULL, FALSE, FALSE, TRUE);
INSERT INTO attribute (attribute_id, collection_id, name, type, length, `precision`, allow_null, eav, system) VALUES (218, 33, 'document_id', 'String', 100, NULL, FALSE, FALSE, TRUE);
INSERT INTO attribute (attribute_id, collection_id, name, type, length, `precision`, allow_null, eav, system) VALUES (221, 34, 'restore_id', 'String', 100, NULL, FALSE, FALSE, TRUE);
INSERT INTO attribute (attribute_id, collection_id, name, type, length, `precision`, allow_null, eav, system) VALUES (222, 34, 'fields', 'Text', NULL, NULL, TRUE, FALSE, TRUE);
INSERT INTO attribute (attribute_id, collection_id, name, type, length, `precision`, allow_null, eav, system) VALUES (223, 34, 'table_name', 'String', 100, NULL, TRUE, FALSE, TRUE);
INSERT INTO attribute (attribute_id, collection_id, name, type, length, `precision`, allow_null, eav, system) VALUES (224, 34, 'date_created', 'DateTime', NULL, NULL, FALSE, FALSE, TRUE);

# instance_attribute
INSERT INTO instance_attribute (instance_attribute_id, collection_id, attribute_id, `order`, system) VALUES (1, 1, 2, 1, true);
INSERT INTO instance_attribute (instance_attribute_id, collection_id, attribute_id, `order`, system) VALUES (2, 2, 8, 2, true);
INSERT INTO instance_attribute (instance_attribute_id, collection_id, attribute_id, `order`, system) VALUES (3, 7, 43, 3, true);
INSERT INTO instance_attribute (instance_attribute_id, collection_id, attribute_id, `order`, system) VALUES (4, 8, 47, 4, true);
INSERT INTO instance_attribute (instance_attribute_id, collection_id, attribute_id, `order`, system) VALUES (5, 10, 51, 5, true);
INSERT INTO instance_attribute (instance_attribute_id, collection_id, attribute_id, `order`, system) VALUES (6, 13, 77, 6, true);
INSERT INTO instance_attribute (instance_attribute_id, collection_id, attribute_id, `order`, system) VALUES (7, 15, 86, 7, true);
INSERT INTO instance_attribute (instance_attribute_id, collection_id, attribute_id, `order`, system) VALUES (8, 16, 90, 8, true);
INSERT INTO instance_attribute (instance_attribute_id, collection_id, attribute_id, `order`, system) VALUES (9, 17, 99, 9, true);
INSERT INTO instance_attribute (instance_attribute_id, collection_id, attribute_id, `order`, system) VALUES (10, 18, 106, 10, true);
INSERT INTO instance_attribute (instance_attribute_id, collection_id, attribute_id, `order`, system) VALUES (11, 19, 118, 11, true);
INSERT INTO instance_attribute (instance_attribute_id, collection_id, attribute_id, `order`, system) VALUES (12, 22, 139, 12, true);
INSERT INTO instance_attribute (instance_attribute_id, collection_id, attribute_id, `order`, system) VALUES (13, 24, 158, 13, true);

# primary_attribute
INSERT INTO primary_attribute (primary_attribute_id, collection_id, attribute_id, system) VALUES (1, 1, 1, true);
INSERT INTO primary_attribute (primary_attribute_id, collection_id, attribute_id, system) VALUES (2, 2, 6, true);
INSERT INTO primary_attribute (primary_attribute_id, collection_id, attribute_id, system) VALUES (3, 3, 16, true);
INSERT INTO primary_attribute (primary_attribute_id, collection_id, attribute_id, system) VALUES (4, 4, 21, true);
INSERT INTO primary_attribute (primary_attribute_id, collection_id, attribute_id, system) VALUES (5, 5, 25, true);
INSERT INTO primary_attribute (primary_attribute_id, collection_id, attribute_id, system) VALUES (6, 6, 31, true);
INSERT INTO primary_attribute (primary_attribute_id, collection_id, attribute_id, system) VALUES (7, 7, 42, true);
INSERT INTO primary_attribute (primary_attribute_id, collection_id, attribute_id, system) VALUES (8, 8, 46, true);
INSERT INTO primary_attribute (primary_attribute_id, collection_id, attribute_id, system) VALUES (9, 9, 49, true);
INSERT INTO primary_attribute (primary_attribute_id, collection_id, attribute_id, system) VALUES (10, 10, 50, true);
INSERT INTO primary_attribute (primary_attribute_id, collection_id, attribute_id, system) VALUES (11, 11, 60, true);
INSERT INTO primary_attribute (primary_attribute_id, collection_id, attribute_id, system) VALUES (12, 12, 67, true);
INSERT INTO primary_attribute (primary_attribute_id, collection_id, attribute_id, system) VALUES (13, 13, 76, true);
INSERT INTO primary_attribute (primary_attribute_id, collection_id, attribute_id, system) VALUES (14, 14, 79, true);
INSERT INTO primary_attribute (primary_attribute_id, collection_id, attribute_id, system) VALUES (15, 15, 85, true);
INSERT INTO primary_attribute (primary_attribute_id, collection_id, attribute_id, system) VALUES (16, 16, 89, true);
INSERT INTO primary_attribute (primary_attribute_id, collection_id, attribute_id, system) VALUES (17, 17, 97, true);
INSERT INTO primary_attribute (primary_attribute_id, collection_id, attribute_id, system) VALUES (18, 18, 105, true);
INSERT INTO primary_attribute (primary_attribute_id, collection_id, attribute_id, system) VALUES (19, 19, 116, true);
INSERT INTO primary_attribute (primary_attribute_id, collection_id, attribute_id, system) VALUES (20, 20, 129, true);
INSERT INTO primary_attribute (primary_attribute_id, collection_id, attribute_id, system) VALUES (21, 21, 133, true);
INSERT INTO primary_attribute (primary_attribute_id, collection_id, attribute_id, system) VALUES (22, 22, 137, true);
INSERT INTO primary_attribute (primary_attribute_id, collection_id, attribute_id, system) VALUES (23, 23, 149, true);
INSERT INTO primary_attribute (primary_attribute_id, collection_id, attribute_id, system) VALUES (24, 24, 154, true);
INSERT INTO primary_attribute (primary_attribute_id, collection_id, attribute_id, system) VALUES (25, 25, 167, true);
INSERT INTO primary_attribute (primary_attribute_id, collection_id, attribute_id, system) VALUES (26, 26, 173, true);
INSERT INTO primary_attribute (primary_attribute_id, collection_id, attribute_id, system) VALUES (27, 27, 179, true);
INSERT INTO primary_attribute (primary_attribute_id, collection_id, attribute_id, system) VALUES (28, 28, 185, true);
INSERT INTO primary_attribute (primary_attribute_id, collection_id, attribute_id, system) VALUES (29, 29, 191, true);
INSERT INTO primary_attribute (primary_attribute_id, collection_id, attribute_id, system) VALUES (30, 30, 197, true);
INSERT INTO primary_attribute (primary_attribute_id, collection_id, attribute_id, system) VALUES (31, 31, 203, true);
INSERT INTO primary_attribute (primary_attribute_id, collection_id, attribute_id, system) VALUES (32, 32, 209, true);
INSERT INTO primary_attribute (primary_attribute_id, collection_id, attribute_id, system) VALUES (33, 33, 215, true);
INSERT INTO primary_attribute (primary_attribute_id, collection_id, attribute_id, system) VALUES (34, 34, 221, true);

# index_attribute table
INSERT INTO index_attribute (index_attribute_id, collection_id, attribute_id, name, type, system) VALUES (1, 1, 5, 'index__collection__mutable', 'KEY', true);
INSERT INTO index_attribute (index_attribute_id, collection_id, attribute_id, name, type, system) VALUES (2, 1, 4, 'index__collection__system', 'KEY', true);
INSERT INTO index_attribute (index_attribute_id, collection_id, attribute_id, name, type, system) VALUES (3, 1, 3, 'index__collection__locked', 'KEY', true);
INSERT INTO index_attribute (index_attribute_id, collection_id, attribute_id, name, type, system) VALUES (4, 1, 2, 'unique__collection__name', 'UNIQUE KEY', true);
INSERT INTO index_attribute (index_attribute_id, collection_id, attribute_id, name, type, system) VALUES (5, 2, 15, 'index__attribute__system', 'KEY', true);
INSERT INTO index_attribute (index_attribute_id, collection_id, attribute_id, name, type, system) VALUES (6, 2, 9, 'index__attribute__type', 'KEY', true);
INSERT INTO index_attribute (index_attribute_id, collection_id, attribute_id, name, type, system) VALUES (7, 2, 12, 'index__attribute__order', 'KEY', true);
INSERT INTO index_attribute (index_attribute_id, collection_id, attribute_id, name, type, system) VALUES (8, 2, 14, 'index__attribute__eav', 'KEY', true);
INSERT INTO index_attribute (index_attribute_id, collection_id, attribute_id, name, type, system) VALUES (9, 2, 8, 'unique__attribute__name__collection_id', 'UNIQUE KEY', true);
INSERT INTO index_attribute (index_attribute_id, collection_id, attribute_id, name, type, system) VALUES (10, 2, 7, 'unique__attribute__name__collection_id', 'UNIQUE KEY', true);
INSERT INTO index_attribute (index_attribute_id, collection_id, attribute_id, name, type, system) VALUES (11, 3, 19, 'index__instance_attribute__order', 'KEY', true);
INSERT INTO index_attribute (index_attribute_id, collection_id, attribute_id, name, type, system) VALUES (12, 3, 20, 'index__instance_attribute__system', 'KEY', true);
INSERT INTO index_attribute (index_attribute_id, collection_id, attribute_id, name, type, system) VALUES (13, 3, 18, 'unique__instance_attribute__attribute_id__collection_id', 'UNIQUE KEY', true);
INSERT INTO index_attribute (index_attribute_id, collection_id, attribute_id, name, type, system) VALUES (14, 3, 17, 'unique__instance_attribute__attribute_id__collection_id', 'UNIQUE KEY', true);
INSERT INTO index_attribute (index_attribute_id, collection_id, attribute_id, name, type, system) VALUES (15, 4, 24, 'index__primary_attribute__system', 'KEY', true);
INSERT INTO index_attribute (index_attribute_id, collection_id, attribute_id, name, type, system) VALUES (16, 4, 22, 'unique__primary_attribute__collection_id__attribute_id', 'UNIQUE KEY', true);
INSERT INTO index_attribute (index_attribute_id, collection_id, attribute_id, name, type, system) VALUES (17, 4, 23, 'unique__primary_attribute__collection_id__attribute_id', 'UNIQUE KEY', true);
INSERT INTO index_attribute (index_attribute_id, collection_id, attribute_id, name, type, system) VALUES (18, 5, 30, 'index__index_attribute__system', 'KEY', true);
INSERT INTO index_attribute (index_attribute_id, collection_id, attribute_id, name, type, system) VALUES (19, 5, 26, 'unique__index_attribute__collection_id__attribute_id__type__name', 'UNIQUE KEY', true);
INSERT INTO index_attribute (index_attribute_id, collection_id, attribute_id, name, type, system) VALUES (20, 5, 27, 'unique__index_attribute__collection_id__attribute_id__type__name', 'UNIQUE KEY', true);
INSERT INTO index_attribute (index_attribute_id, collection_id, attribute_id, name, type, system) VALUES (21, 5, 29, 'unique__index_attribute__collection_id__attribute_id__type__name', 'UNIQUE KEY', true);
INSERT INTO index_attribute (index_attribute_id, collection_id, attribute_id, name, type, system) VALUES (22, 5, 28, 'unique__index_attribute__collection_id__attribute_id__type__name', 'UNIQUE KEY', true);
INSERT INTO index_attribute (index_attribute_id, collection_id, attribute_id, name, type, system) VALUES (23, 6, 35, 'index__relationship__join_type', 'KEY', true);
INSERT INTO index_attribute (index_attribute_id, collection_id, attribute_id, name, type, system) VALUES (24, 6, 39, 'index__relationship__many_join_attribute_id', 'KEY', true);
INSERT INTO index_attribute (index_attribute_id, collection_id, attribute_id, name, type, system) VALUES (25, 6, 40, 'index__relationship__many_reverse_attribute_id', 'KEY', true);
INSERT INTO index_attribute (index_attribute_id, collection_id, attribute_id, name, type, system) VALUES (26, 6, 36, 'index__relationship__join_collection_id', 'KEY', true);
INSERT INTO index_attribute (index_attribute_id, collection_id, attribute_id, name, type, system) VALUES (27, 6, 41, 'index__relationship__system', 'KEY', true);
INSERT INTO index_attribute (index_attribute_id, collection_id, attribute_id, name, type, system) VALUES (28, 6, 33, 'index__relationship__attribute_id', 'KEY', true);
INSERT INTO index_attribute (index_attribute_id, collection_id, attribute_id, name, type, system) VALUES (29, 6, 38, 'index__relationship__many_collection_id', 'KEY', true);
INSERT INTO index_attribute (index_attribute_id, collection_id, attribute_id, name, type, system) VALUES (30, 6, 37, 'index__relationship__join_attribute_id', 'KEY', true);
INSERT INTO index_attribute (index_attribute_id, collection_id, attribute_id, name, type, system) VALUES (31, 6, 32, 'unique__relationship__collection_id__name__attribute_id', 'UNIQUE KEY', true);
INSERT INTO index_attribute (index_attribute_id, collection_id, attribute_id, name, type, system) VALUES (32, 6, 34, 'unique__relationship__collection_id__name__attribute_id', 'UNIQUE KEY', true);
INSERT INTO index_attribute (index_attribute_id, collection_id, attribute_id, name, type, system) VALUES (33, 6, 33, 'unique__relationship__collection_id__name__attribute_id', 'UNIQUE KEY', true);
INSERT INTO index_attribute (index_attribute_id, collection_id, attribute_id, name, type, system) VALUES (34, 7, 44, 'index__role__system', 'KEY', true);
INSERT INTO index_attribute (index_attribute_id, collection_id, attribute_id, name, type, system) VALUES (35, 7, 45, 'index__role__description', 'KEY', true);
INSERT INTO index_attribute (index_attribute_id, collection_id, attribute_id, name, type, system) VALUES (36, 7, 43, 'unique__role__name', 'UNIQUE KEY', true);
INSERT INTO index_attribute (index_attribute_id, collection_id, attribute_id, name, type, system) VALUES (37, 8, 48, 'index__security_instantiation__system', 'KEY', true);
INSERT INTO index_attribute (index_attribute_id, collection_id, attribute_id, name, type, system) VALUES (38, 8, 47, 'unique__security_instantiation__java_class', 'UNIQUE KEY', true);
INSERT INTO index_attribute (index_attribute_id, collection_id, attribute_id, name, type, system) VALUES (39, 10, 53, 'index__user__full_name', 'KEY', true);
INSERT INTO index_attribute (index_attribute_id, collection_id, attribute_id, name, type, system) VALUES (40, 10, 54, 'index__user__role_id', 'KEY', true);
INSERT INTO index_attribute (index_attribute_id, collection_id, attribute_id, name, type, system) VALUES (41, 10, 59, 'index__user__status', 'KEY', true);
INSERT INTO index_attribute (index_attribute_id, collection_id, attribute_id, name, type, system) VALUES (42, 10, 57, 'index__user__account_non_locked', 'KEY', true);
INSERT INTO index_attribute (index_attribute_id, collection_id, attribute_id, name, type, system) VALUES (43, 10, 55, 'index__user__system', 'KEY', true);
INSERT INTO index_attribute (index_attribute_id, collection_id, attribute_id, name, type, system) VALUES (44, 10, 56, 'index__user__account_non_expired', 'KEY', true);
INSERT INTO index_attribute (index_attribute_id, collection_id, attribute_id, name, type, system) VALUES (45, 10, 58, 'index__user__credentials_non_expired', 'KEY', true);
INSERT INTO index_attribute (index_attribute_id, collection_id, attribute_id, name, type, system) VALUES (46, 10, 52, 'index__user__password', 'KEY', true);
INSERT INTO index_attribute (index_attribute_id, collection_id, attribute_id, name, type, system) VALUES (47, 10, 51, 'unique__user__login', 'UNIQUE KEY', true);
INSERT INTO index_attribute (index_attribute_id, collection_id, attribute_id, name, type, system) VALUES (48, 11, 66, 'index__socket__system', 'KEY', true);
INSERT INTO index_attribute (index_attribute_id, collection_id, attribute_id, name, type, system) VALUES (49, 11, 61, 'index__socket__user_id', 'KEY', true);
INSERT INTO index_attribute (index_attribute_id, collection_id, attribute_id, name, type, system) VALUES (50, 11, 65, 'index__socket__page_key', 'KEY', true);
INSERT INTO index_attribute (index_attribute_id, collection_id, attribute_id, name, type, system) VALUES (51, 11, 62, 'index__socket__session_id', 'KEY', true);
INSERT INTO index_attribute (index_attribute_id, collection_id, attribute_id, name, type, system) VALUES (52, 11, 64, 'index__socket__resource_name', 'KEY', true);
INSERT INTO index_attribute (index_attribute_id, collection_id, attribute_id, name, type, system) VALUES (53, 11, 63, 'index__socket__date_created', 'KEY', true);
INSERT INTO index_attribute (index_attribute_id, collection_id, attribute_id, name, type, system) VALUES (54, 12, 75, 'index__file__system', 'KEY', true);
INSERT INTO index_attribute (index_attribute_id, collection_id, attribute_id, name, type, system) VALUES (55, 12, 68, 'index__file__name', 'KEY', true);
INSERT INTO index_attribute (index_attribute_id, collection_id, attribute_id, name, type, system) VALUES (56, 12, 69, 'index__file__label', 'KEY', true);
INSERT INTO index_attribute (index_attribute_id, collection_id, attribute_id, name, type, system) VALUES (57, 12, 70, 'index__file__path', 'KEY', true);
INSERT INTO index_attribute (index_attribute_id, collection_id, attribute_id, name, type, system) VALUES (58, 12, 71, 'index__file__mime', 'KEY', true);
INSERT INTO index_attribute (index_attribute_id, collection_id, attribute_id, name, type, system) VALUES (59, 12, 73, 'index__file__length', 'KEY', true);
INSERT INTO index_attribute (index_attribute_id, collection_id, attribute_id, name, type, system) VALUES (60, 12, 74, 'index__file__date_created', 'KEY', true);
INSERT INTO index_attribute (index_attribute_id, collection_id, attribute_id, name, type, system) VALUES (61, 12, 72, 'index__file__extension', 'KEY', true);
INSERT INTO index_attribute (index_attribute_id, collection_id, attribute_id, name, type, system) VALUES (62, 13, 78, 'index__setting__value', 'KEY', true);
INSERT INTO index_attribute (index_attribute_id, collection_id, attribute_id, name, type, system) VALUES (63, 13, 77, 'index__setting__name', 'UNIQUE KEY', true);
INSERT INTO index_attribute (index_attribute_id, collection_id, attribute_id, name, type, system) VALUES (64, 14, 81, 'index__localization__page', 'KEY', true);
INSERT INTO index_attribute (index_attribute_id, collection_id, attribute_id, name, type, system) VALUES (65, 14, 82, 'index__localization__language', 'KEY', true);
INSERT INTO index_attribute (index_attribute_id, collection_id, attribute_id, name, type, system) VALUES (66, 14, 83, 'index__localization__label', 'KEY', true);
INSERT INTO index_attribute (index_attribute_id, collection_id, attribute_id, name, type, system) VALUES (67, 14, 80, 'index__localization__key', 'KEY', true);
INSERT INTO index_attribute (index_attribute_id, collection_id, attribute_id, name, type, system) VALUES (68, 14, 84, 'index__localization__system', 'KEY', true);
INSERT INTO index_attribute (index_attribute_id, collection_id, attribute_id, name, type, system) VALUES (69, 14, 80, 'index__localization__key__page__language', 'UNIQUE KEY', true);
INSERT INTO index_attribute (index_attribute_id, collection_id, attribute_id, name, type, system) VALUES (70, 14, 81, 'index__localization__key__page__language', 'UNIQUE KEY', true);
INSERT INTO index_attribute (index_attribute_id, collection_id, attribute_id, name, type, system) VALUES (71, 14, 82, 'index__localization__key__page__language', 'UNIQUE KEY', true);
INSERT INTO index_attribute (index_attribute_id, collection_id, attribute_id, name, type, system) VALUES (72, 15, 87, 'index__section__system', 'KEY', true);
INSERT INTO index_attribute (index_attribute_id, collection_id, attribute_id, name, type, system) VALUES (73, 15, 88, 'index__section__order', 'KEY', true);
INSERT INTO index_attribute (index_attribute_id, collection_id, attribute_id, name, type, system) VALUES (74, 15, 86, 'unique__section__title', 'UNIQUE KEY', true);
INSERT INTO index_attribute (index_attribute_id, collection_id, attribute_id, name, type, system) VALUES (75, 16, 96, 'index__menu__order', 'KEY', true);
INSERT INTO index_attribute (index_attribute_id, collection_id, attribute_id, name, type, system) VALUES (76, 16, 91, 'index__menu__path', 'KEY', true);
INSERT INTO index_attribute (index_attribute_id, collection_id, attribute_id, name, type, system) VALUES (77, 16, 93, 'index__menu__icon', 'KEY', true);
INSERT INTO index_attribute (index_attribute_id, collection_id, attribute_id, name, type, system) VALUES (78, 16, 90, 'index__menu__title', 'KEY', true);
INSERT INTO index_attribute (index_attribute_id, collection_id, attribute_id, name, type, system) VALUES (79, 16, 95, 'index__menu__parent_menu_id', 'KEY', true);
INSERT INTO index_attribute (index_attribute_id, collection_id, attribute_id, name, type, system) VALUES (80, 16, 94, 'index__menu__section_id', 'KEY', true);
INSERT INTO index_attribute (index_attribute_id, collection_id, attribute_id, name, type, system) VALUES (81, 16, 92, 'index__menu__system', 'KEY', true);
INSERT INTO index_attribute (index_attribute_id, collection_id, attribute_id, name, type, system) VALUES (82, 17, 104, 'index__menu_item__section_id', 'KEY', true);
INSERT INTO index_attribute (index_attribute_id, collection_id, attribute_id, name, type, system) VALUES (83, 17, 102, 'index__menu_item__order', 'KEY', true);
INSERT INTO index_attribute (index_attribute_id, collection_id, attribute_id, name, type, system) VALUES (84, 17, 99, 'index__menu_item__title', 'KEY', true);
INSERT INTO index_attribute (index_attribute_id, collection_id, attribute_id, name, type, system) VALUES (85, 17, 101, 'index__menu_item__icon', 'KEY', true);
INSERT INTO index_attribute (index_attribute_id, collection_id, attribute_id, name, type, system) VALUES (86, 17, 100, 'index__menu_item__system', 'KEY', true);
INSERT INTO index_attribute (index_attribute_id, collection_id, attribute_id, name, type, system) VALUES (87, 17, 98, 'index__menu_item__menu_id', 'KEY', true);
INSERT INTO index_attribute (index_attribute_id, collection_id, attribute_id, name, type, system) VALUES (88, 17, 103, 'unique__menu_item__page_id', 'UNIQUE KEY', true);
INSERT INTO index_attribute (index_attribute_id, collection_id, attribute_id, name, type, system) VALUES (89, 18, 111, 'index__layout__html_crc32', 'KEY', true);
INSERT INTO index_attribute (index_attribute_id, collection_id, attribute_id, name, type, system) VALUES (90, 18, 114, 'index__layout__date_modified', 'KEY', true);
INSERT INTO index_attribute (index_attribute_id, collection_id, attribute_id, name, type, system) VALUES (91, 18, 115, 'index__layout__cms_layout', 'KEY', true);
INSERT INTO index_attribute (index_attribute_id, collection_id, attribute_id, name, type, system) VALUES (92, 18, 113, 'index__layout__date_created', 'KEY', true);
INSERT INTO index_attribute (index_attribute_id, collection_id, attribute_id, name, type, system) VALUES (93, 18, 107, 'index__layout__description', 'KEY', true);
INSERT INTO index_attribute (index_attribute_id, collection_id, attribute_id, name, type, system) VALUES (94, 18, 108, 'index__layout__system', 'KEY', true);
INSERT INTO index_attribute (index_attribute_id, collection_id, attribute_id, name, type, system) VALUES (95, 18, 112, 'index__layout__modified', 'KEY', true);
INSERT INTO index_attribute (index_attribute_id, collection_id, attribute_id, name, type, system) VALUES (96, 18, 106, 'unique__layout__title', 'UNIQUE KEY', true);
INSERT INTO index_attribute (index_attribute_id, collection_id, attribute_id, name, type, system) VALUES (97, 18, 109, 'unique__layout__groovy_id', 'UNIQUE KEY', true);
INSERT INTO index_attribute (index_attribute_id, collection_id, attribute_id, name, type, system) VALUES (98, 19, 126, 'index__page__date_created', 'KEY', true);
INSERT INTO index_attribute (index_attribute_id, collection_id, attribute_id, name, type, system) VALUES (99, 19, 125, 'index__page__modified', 'KEY', true);
INSERT INTO index_attribute (index_attribute_id, collection_id, attribute_id, name, type, system) VALUES (100, 19, 122, 'index__page__groovy_id', 'KEY', true);
INSERT INTO index_attribute (index_attribute_id, collection_id, attribute_id, name, type, system) VALUES (101, 19, 118, 'index__page__title', 'KEY', true);
INSERT INTO index_attribute (index_attribute_id, collection_id, attribute_id, name, type, system) VALUES (102, 19, 128, 'index__page__cms_page', 'KEY', true);
INSERT INTO index_attribute (index_attribute_id, collection_id, attribute_id, name, type, system) VALUES (103, 19, 117, 'index__page__layout_id', 'KEY', true);
INSERT INTO index_attribute (index_attribute_id, collection_id, attribute_id, name, type, system) VALUES (104, 19, 127, 'index__page__date_modified', 'KEY', true);
INSERT INTO index_attribute (index_attribute_id, collection_id, attribute_id, name, type, system) VALUES (105, 19, 121, 'index__page__system', 'KEY', true);
INSERT INTO index_attribute (index_attribute_id, collection_id, attribute_id, name, type, system) VALUES (106, 19, 120, 'index__page__description', 'KEY', true);
INSERT INTO index_attribute (index_attribute_id, collection_id, attribute_id, name, type, system) VALUES (107, 19, 124, 'index__page__html_crc32', 'KEY', true);
INSERT INTO index_attribute (index_attribute_id, collection_id, attribute_id, name, type, system) VALUES (108, 19, 119, 'unique__page__path', 'UNIQUE KEY', true);
INSERT INTO index_attribute (index_attribute_id, collection_id, attribute_id, name, type, system) VALUES (109, 20, 132, 'unique__page_role__system', 'KEY', true);
INSERT INTO index_attribute (index_attribute_id, collection_id, attribute_id, name, type, system) VALUES (110, 20, 130, 'unique__page_role__page_id__role_id', 'UNIQUE KEY', true);
INSERT INTO index_attribute (index_attribute_id, collection_id, attribute_id, name, type, system) VALUES (111, 20, 131, 'unique__page_role__page_id__role_id', 'UNIQUE KEY', true);
INSERT INTO index_attribute (index_attribute_id, collection_id, attribute_id, name, type, system) VALUES (112, 21, 136, 'unique__rest_role__system', 'KEY', true);
INSERT INTO index_attribute (index_attribute_id, collection_id, attribute_id, name, type, system) VALUES (113, 21, 134, 'unique__rest_role__rest_id__role_id', 'UNIQUE KEY', true);
INSERT INTO index_attribute (index_attribute_id, collection_id, attribute_id, name, type, system) VALUES (114, 21, 135, 'unique__rest_role__rest_id__role_id', 'UNIQUE KEY', true);
INSERT INTO index_attribute (index_attribute_id, collection_id, attribute_id, name, type, system) VALUES (115, 22, 139, 'index__block__title', 'KEY', true);
INSERT INTO index_attribute (index_attribute_id, collection_id, attribute_id, name, type, system) VALUES (116, 22, 140, 'index__block__description', 'KEY', true);
INSERT INTO index_attribute (index_attribute_id, collection_id, attribute_id, name, type, system) VALUES (117, 22, 147, 'index__block__date_modified', 'KEY', true);
INSERT INTO index_attribute (index_attribute_id, collection_id, attribute_id, name, type, system) VALUES (118, 22, 148, 'index__block__system', 'KEY', true);
INSERT INTO index_attribute (index_attribute_id, collection_id, attribute_id, name, type, system) VALUES (119, 22, 146, 'index__block__date_created', 'KEY', true);
INSERT INTO index_attribute (index_attribute_id, collection_id, attribute_id, name, type, system) VALUES (120, 22, 145, 'index__block__modified', 'KEY', true);
INSERT INTO index_attribute (index_attribute_id, collection_id, attribute_id, name, type, system) VALUES (121, 22, 138, 'unique__block__code', 'UNIQUE KEY', true);
INSERT INTO index_attribute (index_attribute_id, collection_id, attribute_id, name, type, system) VALUES (122, 23, 153, 'index__groovy__system', 'KEY', true);
INSERT INTO index_attribute (index_attribute_id, collection_id, attribute_id, name, type, system) VALUES (123, 23, 152, 'index__groovy__script_crc32', 'KEY', true);
INSERT INTO index_attribute (index_attribute_id, collection_id, attribute_id, name, type, system) VALUES (124, 23, 150, 'unique__groovy__java_class', 'UNIQUE KEY', true);
INSERT INTO index_attribute (index_attribute_id, collection_id, attribute_id, name, type, system) VALUES (125, 24, 159, 'index__rest__description', 'KEY', true);
INSERT INTO index_attribute (index_attribute_id, collection_id, attribute_id, name, type, system) VALUES (126, 24, 160, 'index__rest__segment', 'KEY', true);
INSERT INTO index_attribute (index_attribute_id, collection_id, attribute_id, name, type, system) VALUES (127, 24, 163, 'index__rest__system', 'KEY', true);
INSERT INTO index_attribute (index_attribute_id, collection_id, attribute_id, name, type, system) VALUES (128, 24, 161, 'index__rest__groovy_id', 'KEY', true);
INSERT INTO index_attribute (index_attribute_id, collection_id, attribute_id, name, type, system) VALUES (129, 24, 164, 'index__rest__modified', 'KEY', true);
INSERT INTO index_attribute (index_attribute_id, collection_id, attribute_id, name, type, system) VALUES (130, 24, 162, 'index__rest__security', 'KEY', true);
INSERT INTO index_attribute (index_attribute_id, collection_id, attribute_id, name, type, system) VALUES (131, 24, 165, 'index__rest__date_created', 'KEY', true);
INSERT INTO index_attribute (index_attribute_id, collection_id, attribute_id, name, type, system) VALUES (132, 24, 166, 'index__rest__date_modified', 'KEY', true);
INSERT INTO index_attribute (index_attribute_id, collection_id, attribute_id, name, type, system) VALUES (133, 24, 158, 'index__rest__name', 'KEY', true);
INSERT INTO index_attribute (index_attribute_id, collection_id, attribute_id, name, type, system) VALUES (134, 24, 156, 'unique__rest__path__method', 'UNIQUE KEY', true);
INSERT INTO index_attribute (index_attribute_id, collection_id, attribute_id, name, type, system) VALUES (135, 24, 155, 'unique__rest__path__method', 'UNIQUE KEY', true);
INSERT INTO index_attribute (index_attribute_id, collection_id, attribute_id, name, type, system) VALUES (136, 24, 157, 'unique__rest__path_variable__method', 'UNIQUE KEY', true);
INSERT INTO index_attribute (index_attribute_id, collection_id, attribute_id, name, type, system) VALUES (137, 24, 155, 'unique__rest__path_variable__method', 'UNIQUE KEY', true);
INSERT INTO index_attribute (index_attribute_id, collection_id, attribute_id, name, type, system) VALUES (138, 25, 168, 'index__eav_decimal__collection_id', 'KEY', true);
INSERT INTO index_attribute (index_attribute_id, collection_id, attribute_id, name, type, system) VALUES (139, 25, 172, 'index__eav_decimal__eav_value', 'KEY', true);
INSERT INTO index_attribute (index_attribute_id, collection_id, attribute_id, name, type, system) VALUES (140, 25, 170, 'index__eav_decimal__document_id', 'KEY', true);
INSERT INTO index_attribute (index_attribute_id, collection_id, attribute_id, name, type, system) VALUES (141, 25, 169, 'index__eav_decimal__attribute_id', 'KEY', true);
INSERT INTO index_attribute (index_attribute_id, collection_id, attribute_id, name, type, system) VALUES (142, 25, 171, 'index__eav_decimal__attribute_type', 'KEY', true);
INSERT INTO index_attribute (index_attribute_id, collection_id, attribute_id, name, type, system) VALUES (143, 25, 168, 'unique__eav_decimal__collection_id__attribute_id__document_id', 'UNIQUE KEY', true);
INSERT INTO index_attribute (index_attribute_id, collection_id, attribute_id, name, type, system) VALUES (144, 25, 169, 'unique__eav_decimal__collection_id__attribute_id__document_id', 'UNIQUE KEY', true);
INSERT INTO index_attribute (index_attribute_id, collection_id, attribute_id, name, type, system) VALUES (145, 25, 170, 'unique__eav_decimal__collection_id__attribute_id__document_id', 'UNIQUE KEY', true);
INSERT INTO index_attribute (index_attribute_id, collection_id, attribute_id, name, type, system) VALUES (146, 26, 174, 'index__eav_integer__collection_id', 'KEY', true);
INSERT INTO index_attribute (index_attribute_id, collection_id, attribute_id, name, type, system) VALUES (147, 26, 176, 'index__eav_integer__document_id', 'KEY', true);
INSERT INTO index_attribute (index_attribute_id, collection_id, attribute_id, name, type, system) VALUES (148, 26, 178, 'index__eav_integer__eav_value', 'KEY', true);
INSERT INTO index_attribute (index_attribute_id, collection_id, attribute_id, name, type, system) VALUES (149, 26, 177, 'index__eav_integer__attribute_type', 'KEY', true);
INSERT INTO index_attribute (index_attribute_id, collection_id, attribute_id, name, type, system) VALUES (150, 26, 175, 'index__eav_integer__attribute_id', 'KEY', true);
INSERT INTO index_attribute (index_attribute_id, collection_id, attribute_id, name, type, system) VALUES (151, 26, 174, 'unique__eav_integer__collection_id__attribute_id__document_id', 'UNIQUE KEY', true);
INSERT INTO index_attribute (index_attribute_id, collection_id, attribute_id, name, type, system) VALUES (152, 26, 175, 'unique__eav_integer__collection_id__attribute_id__document_id', 'UNIQUE KEY', true);
INSERT INTO index_attribute (index_attribute_id, collection_id, attribute_id, name, type, system) VALUES (153, 26, 176, 'unique__eav_integer__collection_id__attribute_id__document_id', 'UNIQUE KEY', true);
INSERT INTO index_attribute (index_attribute_id, collection_id, attribute_id, name, type, system) VALUES (154, 27, 182, 'index__eav_text__document_id', 'KEY', true);
INSERT INTO index_attribute (index_attribute_id, collection_id, attribute_id, name, type, system) VALUES (155, 27, 183, 'index__eav_text__attribute_type', 'KEY', true);
INSERT INTO index_attribute (index_attribute_id, collection_id, attribute_id, name, type, system) VALUES (156, 27, 181, 'index__eav_text__attribute_id', 'KEY', true);
INSERT INTO index_attribute (index_attribute_id, collection_id, attribute_id, name, type, system) VALUES (157, 27, 180, 'index__eav_text__collection_id', 'KEY', true);
INSERT INTO index_attribute (index_attribute_id, collection_id, attribute_id, name, type, system) VALUES (158, 27, 180, 'unique__eav_text__collection_id__attribute_id__document_id', 'UNIQUE KEY', true);
INSERT INTO index_attribute (index_attribute_id, collection_id, attribute_id, name, type, system) VALUES (159, 27, 181, 'unique__eav_text__collection_id__attribute_id__document_id', 'UNIQUE KEY', true);
INSERT INTO index_attribute (index_attribute_id, collection_id, attribute_id, name, type, system) VALUES (160, 27, 182, 'unique__eav_text__collection_id__attribute_id__document_id', 'UNIQUE KEY', true);
INSERT INTO index_attribute (index_attribute_id, collection_id, attribute_id, name, type, system) VALUES (161, 27, 184, 'fulltext__eav_text__eav_value', 'FULLTEXT KEY', true);
INSERT INTO index_attribute (index_attribute_id, collection_id, attribute_id, name, type, system) VALUES (162, 28, 189, 'index__eav_varchar__attribute_type', 'KEY', true);
INSERT INTO index_attribute (index_attribute_id, collection_id, attribute_id, name, type, system) VALUES (163, 28, 186, 'index__eav_varchar__collection_id', 'KEY', true);
INSERT INTO index_attribute (index_attribute_id, collection_id, attribute_id, name, type, system) VALUES (164, 28, 187, 'index__eav_varchar__attribute_id', 'KEY', true);
INSERT INTO index_attribute (index_attribute_id, collection_id, attribute_id, name, type, system) VALUES (165, 28, 188, 'index__eav_varchar__document_id', 'KEY', true);
INSERT INTO index_attribute (index_attribute_id, collection_id, attribute_id, name, type, system) VALUES (166, 28, 186, 'unique__eav_varchar__collection_id__attribute_id__document_id', 'UNIQUE KEY', true);
INSERT INTO index_attribute (index_attribute_id, collection_id, attribute_id, name, type, system) VALUES (167, 28, 187, 'unique__eav_varchar__collection_id__attribute_id__document_id', 'UNIQUE KEY', true);
INSERT INTO index_attribute (index_attribute_id, collection_id, attribute_id, name, type, system) VALUES (168, 28, 188, 'unique__eav_varchar__collection_id__attribute_id__document_id', 'UNIQUE KEY', true);
INSERT INTO index_attribute (index_attribute_id, collection_id, attribute_id, name, type, system) VALUES (169, 28, 190, 'fulltext__eav_varchar__eav_value', 'FULLTEXT KEY', true);
INSERT INTO index_attribute (index_attribute_id, collection_id, attribute_id, name, type, system) VALUES (170, 29, 192, 'index__eav_boolean__collection_id', 'KEY', true);
INSERT INTO index_attribute (index_attribute_id, collection_id, attribute_id, name, type, system) VALUES (171, 29, 193, 'index__eav_boolean__attribute_id', 'KEY', true);
INSERT INTO index_attribute (index_attribute_id, collection_id, attribute_id, name, type, system) VALUES (172, 29, 196, 'index__eav_boolean__eav_value', 'KEY', true);
INSERT INTO index_attribute (index_attribute_id, collection_id, attribute_id, name, type, system) VALUES (173, 29, 194, 'index__eav_boolean__document_id', 'KEY', true);
INSERT INTO index_attribute (index_attribute_id, collection_id, attribute_id, name, type, system) VALUES (174, 29, 195, 'index__eav_boolean__attribute_type', 'KEY', true);
INSERT INTO index_attribute (index_attribute_id, collection_id, attribute_id, name, type, system) VALUES (175, 29, 192, 'unique__eav_boolean__collection_id__attribute_id__document_id', 'UNIQUE KEY', true);
INSERT INTO index_attribute (index_attribute_id, collection_id, attribute_id, name, type, system) VALUES (176, 29, 193, 'unique__eav_boolean__collection_id__attribute_id__document_id', 'UNIQUE KEY', true);
INSERT INTO index_attribute (index_attribute_id, collection_id, attribute_id, name, type, system) VALUES (177, 29, 194, 'unique__eav_boolean__collection_id__attribute_id__document_id', 'UNIQUE KEY', true);
INSERT INTO index_attribute (index_attribute_id, collection_id, attribute_id, name, type, system) VALUES (178, 30, 199, 'index__eav_date_time__attribute_id', 'KEY', true);
INSERT INTO index_attribute (index_attribute_id, collection_id, attribute_id, name, type, system) VALUES (179, 30, 198, 'index__eav_date_time__collection_id', 'KEY', true);
INSERT INTO index_attribute (index_attribute_id, collection_id, attribute_id, name, type, system) VALUES (180, 30, 202, 'index__eav_date_time__eav_value', 'KEY', true);
INSERT INTO index_attribute (index_attribute_id, collection_id, attribute_id, name, type, system) VALUES (181, 30, 200, 'index__eav_date_time__document_id', 'KEY', true);
INSERT INTO index_attribute (index_attribute_id, collection_id, attribute_id, name, type, system) VALUES (182, 30, 201, 'index__eav_date_time__attribute_type', 'KEY', true);
INSERT INTO index_attribute (index_attribute_id, collection_id, attribute_id, name, type, system) VALUES (183, 30, 198, 'unique__eav_date_time__collection_id__attribute_id__document_id', 'UNIQUE KEY', true);
INSERT INTO index_attribute (index_attribute_id, collection_id, attribute_id, name, type, system) VALUES (184, 30, 199, 'unique__eav_date_time__collection_id__attribute_id__document_id', 'UNIQUE KEY', true);
INSERT INTO index_attribute (index_attribute_id, collection_id, attribute_id, name, type, system) VALUES (185, 30, 200, 'unique__eav_date_time__collection_id__attribute_id__document_id', 'UNIQUE KEY', true);
INSERT INTO index_attribute (index_attribute_id, collection_id, attribute_id, name, type, system) VALUES (186, 31, 204, 'index__eav_date__collection_id', 'KEY', true);
INSERT INTO index_attribute (index_attribute_id, collection_id, attribute_id, name, type, system) VALUES (187, 31, 205, 'index__eav_date__attribute_id', 'KEY', true);
INSERT INTO index_attribute (index_attribute_id, collection_id, attribute_id, name, type, system) VALUES (188, 31, 206, 'index__eav_date__document_id', 'KEY', true);
INSERT INTO index_attribute (index_attribute_id, collection_id, attribute_id, name, type, system) VALUES (189, 31, 207, 'index__eav_date__attribute_type', 'KEY', true);
INSERT INTO index_attribute (index_attribute_id, collection_id, attribute_id, name, type, system) VALUES (190, 31, 208, 'index__eav_date__eav_value', 'KEY', true);
INSERT INTO index_attribute (index_attribute_id, collection_id, attribute_id, name, type, system) VALUES (191, 31, 204, 'unique__eav_date__collection_id__attribute_id__document_id', 'UNIQUE KEY', true);
INSERT INTO index_attribute (index_attribute_id, collection_id, attribute_id, name, type, system) VALUES (192, 31, 205, 'unique__eav_date__collection_id__attribute_id__document_id', 'UNIQUE KEY', true);
INSERT INTO index_attribute (index_attribute_id, collection_id, attribute_id, name, type, system) VALUES (193, 31, 206, 'unique__eav_date__collection_id__attribute_id__document_id', 'UNIQUE KEY', true);
INSERT INTO index_attribute (index_attribute_id, collection_id, attribute_id, name, type, system) VALUES (194, 32, 211, 'index__eav_time__attribute_id', 'KEY', true);
INSERT INTO index_attribute (index_attribute_id, collection_id, attribute_id, name, type, system) VALUES (195, 32, 214, 'index__eav_time__eav_value', 'KEY', true);
INSERT INTO index_attribute (index_attribute_id, collection_id, attribute_id, name, type, system) VALUES (196, 32, 213, 'index__eav_time__attribute_type', 'KEY', true);
INSERT INTO index_attribute (index_attribute_id, collection_id, attribute_id, name, type, system) VALUES (197, 32, 212, 'index__eav_time__document_id', 'KEY', true);
INSERT INTO index_attribute (index_attribute_id, collection_id, attribute_id, name, type, system) VALUES (198, 32, 210, 'index__eav_time__collection_id', 'KEY', true);
INSERT INTO index_attribute (index_attribute_id, collection_id, attribute_id, name, type, system) VALUES (199, 32, 210, 'unique__eav_time__collection_id__attribute_id__document_id', 'UNIQUE KEY', true);
INSERT INTO index_attribute (index_attribute_id, collection_id, attribute_id, name, type, system) VALUES (200, 32, 211, 'unique__eav_time__collection_id__attribute_id__document_id', 'UNIQUE KEY', true);
INSERT INTO index_attribute (index_attribute_id, collection_id, attribute_id, name, type, system) VALUES (201, 32, 212, 'unique__eav_time__collection_id__attribute_id__document_id', 'UNIQUE KEY', true);
INSERT INTO index_attribute (index_attribute_id, collection_id, attribute_id, name, type, system) VALUES (202, 33, 220, 'index__eav_character__eav_value', 'KEY', true);
INSERT INTO index_attribute (index_attribute_id, collection_id, attribute_id, name, type, system) VALUES (203, 33, 218, 'index__eav_character__document_id', 'KEY', true);
INSERT INTO index_attribute (index_attribute_id, collection_id, attribute_id, name, type, system) VALUES (204, 33, 219, 'index__eav_character__attribute_type', 'KEY', true);
INSERT INTO index_attribute (index_attribute_id, collection_id, attribute_id, name, type, system) VALUES (205, 33, 216, 'index__eav_character__collection_id', 'KEY', true);
INSERT INTO index_attribute (index_attribute_id, collection_id, attribute_id, name, type, system) VALUES (206, 33, 217, 'index__eav_character__attribute_id', 'KEY', true);
INSERT INTO index_attribute (index_attribute_id, collection_id, attribute_id, name, type, system) VALUES (207, 33, 216, 'unique__eav_character__collection_id__attribute_id__document_id', 'UNIQUE KEY', true);
INSERT INTO index_attribute (index_attribute_id, collection_id, attribute_id, name, type, system) VALUES (208, 33, 217, 'unique__eav_character__collection_id__attribute_id__document_id', 'UNIQUE KEY', true);
INSERT INTO index_attribute (index_attribute_id, collection_id, attribute_id, name, type, system) VALUES (209, 33, 218, 'unique__eav_character__collection_id__attribute_id__document_id', 'UNIQUE KEY', true);
INSERT INTO index_attribute (index_attribute_id, collection_id, attribute_id, name, type, system) VALUES (210, 34, 223, 'index__restore__table_name', 'KEY', true);
INSERT INTO index_attribute (index_attribute_id, collection_id, attribute_id, name, type, system) VALUES (211, 34, 224, 'index__restore__date_created', 'KEY', true);
INSERT INTO index_attribute (index_attribute_id, collection_id, attribute_id, name, type, system) VALUES (212, 34, 222, 'fulltext__restore__fields', 'FULLTEXT KEY', true);
