# collection table
INSERT INTO collection(collection_id, name, locked, system, mutable) VALUES(1, 'collection', FALSE, TRUE, TRUE);
INSERT INTO collection(collection_id, name, locked, system, mutable) VALUES(2, 'view', FALSE, TRUE, TRUE);
INSERT INTO collection(collection_id, name, locked, system, mutable) VALUES(3, 'function', FALSE, TRUE, TRUE);
INSERT INTO collection(collection_id, name, locked, system, mutable) VALUES(4, 'procedure', FALSE, TRUE, TRUE);
INSERT INTO collection(collection_id, name, locked, system, mutable) VALUES(5, 'trigger', FALSE, TRUE, TRUE);
INSERT INTO collection(collection_id, name, locked, system, mutable) VALUES(6, 'attribute', FALSE, TRUE, TRUE);
INSERT INTO collection(collection_id, name, locked, system, mutable) VALUES(7, 'instance_attribute', FALSE, TRUE, TRUE);
INSERT INTO collection(collection_id, name, locked, system, mutable) VALUES(8, 'primary_attribute', FALSE, TRUE, TRUE);
INSERT INTO collection(collection_id, name, locked, system, mutable) VALUES(9, 'index_attribute', FALSE, TRUE, TRUE);
INSERT INTO collection(collection_id, name, locked, system, mutable) VALUES(10, 'relationship', FALSE, TRUE, TRUE);
INSERT INTO collection(collection_id, name, locked, system, mutable) VALUES(11, 'role', FALSE, TRUE, TRUE);
INSERT INTO collection(collection_id, name, locked, system, mutable) VALUES(12, 'security_instantiation', FALSE, TRUE, TRUE);
INSERT INTO collection(collection_id, name, locked, system, mutable) VALUES(13, 'security_action', FALSE, TRUE, TRUE);
INSERT INTO collection(collection_id, name, locked, system, mutable) VALUES(14, 'user', FALSE, TRUE, FALSE);
INSERT INTO collection(collection_id, name, locked, system, mutable) VALUES(15, 'job', FALSE, TRUE, TRUE);
INSERT INTO collection(collection_id, name, locked, system, mutable) VALUES(16, 'socket', FALSE, TRUE, TRUE);
INSERT INTO collection(collection_id, name, locked, system, mutable) VALUES(17, 'file', FALSE, TRUE, TRUE);
INSERT INTO collection(collection_id, name, locked, system, mutable) VALUES(18, 'enum', FALSE, TRUE, TRUE);
INSERT INTO collection(collection_id, name, locked, system, mutable) VALUES(19, 'enum_item', FALSE, TRUE, TRUE);
INSERT INTO collection(collection_id, name, locked, system, mutable) VALUES(20, 'setting', FALSE, TRUE, TRUE);
INSERT INTO collection(collection_id, name, locked, system, mutable) VALUES(21, 'localization', FALSE, TRUE, TRUE);
INSERT INTO collection(collection_id, name, locked, system, mutable) VALUES(22, 'query', FALSE, TRUE, TRUE);
INSERT INTO collection(collection_id, name, locked, system, mutable) VALUES(23, 'query_parameter', FALSE, TRUE, TRUE);
INSERT INTO collection(collection_id, name, locked, system, mutable) VALUES(24, 'section', FALSE, TRUE, TRUE);
INSERT INTO collection(collection_id, name, locked, system, mutable) VALUES(25, 'menu', FALSE, TRUE, TRUE);
INSERT INTO collection(collection_id, name, locked, system, mutable) VALUES(26, 'menu_item', FALSE, TRUE, TRUE);
INSERT INTO collection(collection_id, name, locked, system, mutable) VALUES(27, 'menu_item_parameter', FALSE, TRUE, TRUE);
INSERT INTO collection(collection_id, name, locked, system, mutable) VALUES(28, 'layout', FALSE, TRUE, TRUE);
INSERT INTO collection(collection_id, name, locked, system, mutable) VALUES(29, 'page', FALSE, TRUE, TRUE);
INSERT INTO collection(collection_id, name, locked, system, mutable) VALUES(30, 'page_role', FALSE, TRUE, TRUE);
INSERT INTO collection(collection_id, name, locked, system, mutable) VALUES(31, 'rest_role', FALSE, TRUE, TRUE);
INSERT INTO collection(collection_id, name, locked, system, mutable) VALUES(32, 'block', FALSE, TRUE, TRUE);
INSERT INTO collection(collection_id, name, locked, system, mutable) VALUES(33, 'groovy', FALSE, TRUE, TRUE);
INSERT INTO collection(collection_id, name, locked, system, mutable) VALUES(34, 'rest', FALSE, TRUE, TRUE);
INSERT INTO collection(collection_id, name, locked, system, mutable) VALUES(35, 'eav_decimal', FALSE, TRUE, TRUE);
INSERT INTO collection(collection_id, name, locked, system, mutable) VALUES(36, 'eav_integer', FALSE, TRUE, TRUE);
INSERT INTO collection(collection_id, name, locked, system, mutable) VALUES(37, 'eav_text', FALSE, TRUE, TRUE);
INSERT INTO collection(collection_id, name, locked, system, mutable) VALUES(38, 'eav_varchar', FALSE, TRUE, TRUE);
INSERT INTO collection(collection_id, name, locked, system, mutable) VALUES(39, 'eav_boolean', FALSE, TRUE, TRUE);
INSERT INTO collection(collection_id, name, locked, system, mutable) VALUES(40, 'eav_date_time', FALSE, TRUE, TRUE);
INSERT INTO collection(collection_id, name, locked, system, mutable) VALUES(41, 'eav_date', FALSE, TRUE, TRUE);
INSERT INTO collection(collection_id, name, locked, system, mutable) VALUES(42, 'eav_time', FALSE, TRUE, TRUE);
INSERT INTO collection(collection_id, name, locked, system, mutable) VALUES(43, 'eav_character', FALSE, TRUE, TRUE);
INSERT INTO collection(collection_id, name, locked, system, mutable) VALUES(44, 'restore', FALSE, TRUE, TRUE);

# attribute table
INSERT INTO attribute (attribute_id, collection_id, name, type, length, `precision`, allow_null, eav, system) VALUES (1, 1, 'collection_id', 'String', 100, NULL, FALSE, FALSE, TRUE);
INSERT INTO attribute (attribute_id, collection_id, name, type, length, `precision`, allow_null, eav, system) VALUES (2, 1, 'name', 'String', 255, NULL, FALSE, FALSE, TRUE);
INSERT INTO attribute (attribute_id, collection_id, name, type, length, `precision`, allow_null, eav, system) VALUES (5, 1, 'mutable', 'Boolean', NULL, NULL, FALSE, FALSE, TRUE);
INSERT INTO attribute (attribute_id, collection_id, name, type, length, `precision`, allow_null, eav, system) VALUES (4, 1, 'system', 'Boolean', NULL, NULL, FALSE, FALSE, TRUE);
INSERT INTO attribute (attribute_id, collection_id, name, type, length, `precision`, allow_null, eav, system) VALUES (3, 1, 'locked', 'Boolean', NULL, NULL, FALSE, FALSE, TRUE);
INSERT INTO attribute (attribute_id, collection_id, name, type, length, `precision`, allow_null, eav, system) VALUES (7, 2, 'name', 'String', 255, NULL, FALSE, FALSE, TRUE);
INSERT INTO attribute (attribute_id, collection_id, name, type, length, `precision`, allow_null, eav, system) VALUES (9, 2, 'system', 'Boolean', NULL, NULL, FALSE, FALSE, TRUE);
INSERT INTO attribute (attribute_id, collection_id, name, type, length, `precision`, allow_null, eav, system) VALUES (8, 2, 'script', 'Text', NULL, NULL, FALSE, FALSE, TRUE);
INSERT INTO attribute (attribute_id, collection_id, name, type, length, `precision`, allow_null, eav, system) VALUES (6, 2, 'view_id', 'String', 100, NULL, FALSE, FALSE, TRUE);
INSERT INTO attribute (attribute_id, collection_id, name, type, length, `precision`, allow_null, eav, system) VALUES (11, 3, 'name', 'String', 255, NULL, FALSE, FALSE, TRUE);
INSERT INTO attribute (attribute_id, collection_id, name, type, length, `precision`, allow_null, eav, system) VALUES (10, 3, 'function_id', 'String', 100, NULL, FALSE, FALSE, TRUE);
INSERT INTO attribute (attribute_id, collection_id, name, type, length, `precision`, allow_null, eav, system) VALUES (13, 3, 'system', 'Boolean', NULL, NULL, FALSE, FALSE, TRUE);
INSERT INTO attribute (attribute_id, collection_id, name, type, length, `precision`, allow_null, eav, system) VALUES (12, 3, 'script', 'Text', NULL, NULL, FALSE, FALSE, TRUE);
INSERT INTO attribute (attribute_id, collection_id, name, type, length, `precision`, allow_null, eav, system) VALUES (15, 4, 'name', 'String', 255, NULL, FALSE, FALSE, TRUE);
INSERT INTO attribute (attribute_id, collection_id, name, type, length, `precision`, allow_null, eav, system) VALUES (17, 4, 'system', 'Boolean', NULL, NULL, FALSE, FALSE, TRUE);
INSERT INTO attribute (attribute_id, collection_id, name, type, length, `precision`, allow_null, eav, system) VALUES (14, 4, 'procedure_id', 'String', 100, NULL, FALSE, FALSE, TRUE);
INSERT INTO attribute (attribute_id, collection_id, name, type, length, `precision`, allow_null, eav, system) VALUES (16, 4, 'script', 'Text', NULL, NULL, FALSE, FALSE, TRUE);
INSERT INTO attribute (attribute_id, collection_id, name, type, length, `precision`, allow_null, eav, system) VALUES (19, 5, 'name', 'String', 255, NULL, FALSE, FALSE, TRUE);
INSERT INTO attribute (attribute_id, collection_id, name, type, length, `precision`, allow_null, eav, system) VALUES (21, 5, 'system', 'Boolean', NULL, NULL, FALSE, FALSE, TRUE);
INSERT INTO attribute (attribute_id, collection_id, name, type, length, `precision`, allow_null, eav, system) VALUES (20, 5, 'script', 'Text', NULL, NULL, FALSE, FALSE, TRUE);
INSERT INTO attribute (attribute_id, collection_id, name, type, length, `precision`, allow_null, eav, system) VALUES (18, 5, 'trigger_id', 'String', 100, NULL, FALSE, FALSE, TRUE);
INSERT INTO attribute (attribute_id, collection_id, name, type, length, `precision`, allow_null, eav, system) VALUES (23, 6, 'collection_id', 'String', 100, NULL, FALSE, FALSE, TRUE);
INSERT INTO attribute (attribute_id, collection_id, name, type, length, `precision`, allow_null, eav, system) VALUES (31, 6, 'system', 'Boolean', NULL, NULL, FALSE, FALSE, TRUE);
INSERT INTO attribute (attribute_id, collection_id, name, type, length, `precision`, allow_null, eav, system) VALUES (22, 6, 'attribute_id', 'String', 100, NULL, FALSE, FALSE, TRUE);
INSERT INTO attribute (attribute_id, collection_id, name, type, length, `precision`, allow_null, eav, system) VALUES (27, 6, 'precision', 'Long', 11, NULL, TRUE, FALSE, TRUE);
INSERT INTO attribute (attribute_id, collection_id, name, type, length, `precision`, allow_null, eav, system) VALUES (24, 6, 'name', 'String', 255, NULL, FALSE, FALSE, TRUE);
INSERT INTO attribute (attribute_id, collection_id, name, type, length, `precision`, allow_null, eav, system) VALUES (26, 6, 'length', 'Long', 11, NULL, TRUE, FALSE, TRUE);
INSERT INTO attribute (attribute_id, collection_id, name, type, length, `precision`, allow_null, eav, system) VALUES (29, 6, 'allow_null', 'Boolean', NULL, NULL, FALSE, FALSE, TRUE);
INSERT INTO attribute (attribute_id, collection_id, name, type, length, `precision`, allow_null, eav, system) VALUES (30, 6, 'eav', 'Boolean', NULL, NULL, FALSE, FALSE, TRUE);
INSERT INTO attribute (attribute_id, collection_id, name, type, length, `precision`, allow_null, eav, system) VALUES (25, 6, 'type', 'String', 10, NULL, FALSE, FALSE, TRUE);
INSERT INTO attribute (attribute_id, collection_id, name, type, length, `precision`, allow_null, eav, system) VALUES (28, 6, 'order', 'Long', 11, NULL, FALSE, FALSE, TRUE);
INSERT INTO attribute (attribute_id, collection_id, name, type, length, `precision`, allow_null, eav, system) VALUES (32, 7, 'instance_attribute_id', 'String', 100, NULL, FALSE, FALSE, TRUE);
INSERT INTO attribute (attribute_id, collection_id, name, type, length, `precision`, allow_null, eav, system) VALUES (33, 7, 'collection_id', 'String', 100, NULL, FALSE, FALSE, TRUE);
INSERT INTO attribute (attribute_id, collection_id, name, type, length, `precision`, allow_null, eav, system) VALUES (36, 7, 'system', 'Boolean', NULL, NULL, FALSE, FALSE, TRUE);
INSERT INTO attribute (attribute_id, collection_id, name, type, length, `precision`, allow_null, eav, system) VALUES (34, 7, 'attribute_id', 'String', 100, NULL, FALSE, FALSE, TRUE);
INSERT INTO attribute (attribute_id, collection_id, name, type, length, `precision`, allow_null, eav, system) VALUES (35, 7, 'order', 'Long', 11, NULL, FALSE, FALSE, TRUE);
INSERT INTO attribute (attribute_id, collection_id, name, type, length, `precision`, allow_null, eav, system) VALUES (38, 8, 'collection_id', 'String', 100, NULL, FALSE, FALSE, TRUE);
INSERT INTO attribute (attribute_id, collection_id, name, type, length, `precision`, allow_null, eav, system) VALUES (40, 8, 'system', 'Boolean', NULL, NULL, FALSE, FALSE, TRUE);
INSERT INTO attribute (attribute_id, collection_id, name, type, length, `precision`, allow_null, eav, system) VALUES (37, 8, 'primary_attribute_id', 'String', 100, NULL, FALSE, FALSE, TRUE);
INSERT INTO attribute (attribute_id, collection_id, name, type, length, `precision`, allow_null, eav, system) VALUES (39, 8, 'attribute_id', 'String', 100, NULL, FALSE, FALSE, TRUE);
INSERT INTO attribute (attribute_id, collection_id, name, type, length, `precision`, allow_null, eav, system) VALUES (42, 9, 'collection_id', 'String', 100, NULL, FALSE, FALSE, TRUE);
INSERT INTO attribute (attribute_id, collection_id, name, type, length, `precision`, allow_null, eav, system) VALUES (46, 9, 'system', 'Boolean', NULL, NULL, FALSE, FALSE, TRUE);
INSERT INTO attribute (attribute_id, collection_id, name, type, length, `precision`, allow_null, eav, system) VALUES (41, 9, 'index_attribute_id', 'String', 100, NULL, FALSE, FALSE, TRUE);
INSERT INTO attribute (attribute_id, collection_id, name, type, length, `precision`, allow_null, eav, system) VALUES (43, 9, 'attribute_id', 'String', 100, NULL, FALSE, FALSE, TRUE);
INSERT INTO attribute (attribute_id, collection_id, name, type, length, `precision`, allow_null, eav, system) VALUES (44, 9, 'name', 'String', 100, NULL, FALSE, FALSE, TRUE);
INSERT INTO attribute (attribute_id, collection_id, name, type, length, `precision`, allow_null, eav, system) VALUES (45, 9, 'type', 'String', 12, NULL, FALSE, FALSE, TRUE);
INSERT INTO attribute (attribute_id, collection_id, name, type, length, `precision`, allow_null, eav, system) VALUES (48, 10, 'collection_id', 'String', 100, NULL, FALSE, FALSE, TRUE);
INSERT INTO attribute (attribute_id, collection_id, name, type, length, `precision`, allow_null, eav, system) VALUES (55, 10, 'many_join_attribute_id', 'String', 100, NULL, TRUE, FALSE, TRUE);
INSERT INTO attribute (attribute_id, collection_id, name, type, length, `precision`, allow_null, eav, system) VALUES (56, 10, 'many_reverse_attribute_id', 'String', 100, NULL, TRUE, FALSE, TRUE);
INSERT INTO attribute (attribute_id, collection_id, name, type, length, `precision`, allow_null, eav, system) VALUES (51, 10, 'join_type', 'String', 10, NULL, FALSE, FALSE, TRUE);
INSERT INTO attribute (attribute_id, collection_id, name, type, length, `precision`, allow_null, eav, system) VALUES (52, 10, 'join_collection_id', 'String', 100, NULL, FALSE, FALSE, TRUE);
INSERT INTO attribute (attribute_id, collection_id, name, type, length, `precision`, allow_null, eav, system) VALUES (57, 10, 'system', 'Boolean', NULL, NULL, FALSE, FALSE, TRUE);
INSERT INTO attribute (attribute_id, collection_id, name, type, length, `precision`, allow_null, eav, system) VALUES (49, 10, 'attribute_id', 'String', 100, NULL, FALSE, FALSE, TRUE);
INSERT INTO attribute (attribute_id, collection_id, name, type, length, `precision`, allow_null, eav, system) VALUES (47, 10, 'relationship_id', 'String', 100, NULL, FALSE, FALSE, TRUE);
INSERT INTO attribute (attribute_id, collection_id, name, type, length, `precision`, allow_null, eav, system) VALUES (50, 10, 'name', 'String', 100, NULL, FALSE, FALSE, TRUE);
INSERT INTO attribute (attribute_id, collection_id, name, type, length, `precision`, allow_null, eav, system) VALUES (53, 10, 'join_attribute_id', 'String', 100, NULL, FALSE, FALSE, TRUE);
INSERT INTO attribute (attribute_id, collection_id, name, type, length, `precision`, allow_null, eav, system) VALUES (54, 10, 'many_collection_id', 'String', 100, NULL, TRUE, FALSE, TRUE);
INSERT INTO attribute (attribute_id, collection_id, name, type, length, `precision`, allow_null, eav, system) VALUES (59, 11, 'name', 'String', 100, NULL, FALSE, FALSE, TRUE);
INSERT INTO attribute (attribute_id, collection_id, name, type, length, `precision`, allow_null, eav, system) VALUES (61, 11, 'description', 'String', 255, NULL, TRUE, FALSE, TRUE);
INSERT INTO attribute (attribute_id, collection_id, name, type, length, `precision`, allow_null, eav, system) VALUES (60, 11, 'system', 'Boolean', NULL, NULL, FALSE, FALSE, TRUE);
INSERT INTO attribute (attribute_id, collection_id, name, type, length, `precision`, allow_null, eav, system) VALUES (58, 11, 'role_id', 'String', 100, NULL, FALSE, FALSE, TRUE);
INSERT INTO attribute (attribute_id, collection_id, name, type, length, `precision`, allow_null, eav, system) VALUES (64, 12, 'system', 'Boolean', NULL, NULL, FALSE, FALSE, TRUE);
INSERT INTO attribute (attribute_id, collection_id, name, type, length, `precision`, allow_null, eav, system) VALUES (62, 12, 'security_instantiation_id', 'String', 100, NULL, FALSE, FALSE, TRUE);
INSERT INTO attribute (attribute_id, collection_id, name, type, length, `precision`, allow_null, eav, system) VALUES (63, 12, 'java_class', 'String', 255, NULL, FALSE, FALSE, TRUE);
INSERT INTO attribute (attribute_id, collection_id, name, type, length, `precision`, allow_null, eav, system) VALUES (65, 13, 'security_action_id', 'String', 100, NULL, FALSE, FALSE, TRUE);
INSERT INTO attribute (attribute_id, collection_id, name, type, length, `precision`, allow_null, eav, system) VALUES (68, 14, 'password', 'String', 255, NULL, FALSE, FALSE, TRUE);
INSERT INTO attribute (attribute_id, collection_id, name, type, length, `precision`, allow_null, eav, system) VALUES (72, 14, 'account_non_expired', 'Boolean', NULL, NULL, FALSE, FALSE, TRUE);
INSERT INTO attribute (attribute_id, collection_id, name, type, length, `precision`, allow_null, eav, system) VALUES (73, 14, 'account_non_locked', 'Boolean', NULL, NULL, FALSE, FALSE, TRUE);
INSERT INTO attribute (attribute_id, collection_id, name, type, length, `precision`, allow_null, eav, system) VALUES (69, 14, 'full_name', 'String', 255, NULL, FALSE, FALSE, TRUE);
INSERT INTO attribute (attribute_id, collection_id, name, type, length, `precision`, allow_null, eav, system) VALUES (71, 14, 'system', 'Boolean', NULL, NULL, FALSE, FALSE, TRUE);
INSERT INTO attribute (attribute_id, collection_id, name, type, length, `precision`, allow_null, eav, system) VALUES (66, 14, 'user_id', 'String', 100, NULL, FALSE, FALSE, TRUE);
INSERT INTO attribute (attribute_id, collection_id, name, type, length, `precision`, allow_null, eav, system) VALUES (70, 14, 'role_id', 'String', 100, NULL, FALSE, FALSE, TRUE);
INSERT INTO attribute (attribute_id, collection_id, name, type, length, `precision`, allow_null, eav, system) VALUES (74, 14, 'credentials_non_expired', 'Boolean', NULL, NULL, FALSE, FALSE, TRUE);
INSERT INTO attribute (attribute_id, collection_id, name, type, length, `precision`, allow_null, eav, system) VALUES (67, 14, 'login', 'String', 255, NULL, FALSE, FALSE, TRUE);
INSERT INTO attribute (attribute_id, collection_id, name, type, length, `precision`, allow_null, eav, system) VALUES (75, 14, 'status', 'String', 20, NULL, FALSE, FALSE, TRUE);
INSERT INTO attribute (attribute_id, collection_id, name, type, length, `precision`, allow_null, eav, system) VALUES (78, 15, 'cron', 'String', 255, NULL, FALSE, FALSE, TRUE);
INSERT INTO attribute (attribute_id, collection_id, name, type, length, `precision`, allow_null, eav, system) VALUES (81, 15, 'error_message', 'String', 255, NULL, TRUE, FALSE, TRUE);
INSERT INTO attribute (attribute_id, collection_id, name, type, length, `precision`, allow_null, eav, system) VALUES (82, 15, 'error_class', 'String', 255, NULL, TRUE, FALSE, TRUE);
INSERT INTO attribute (attribute_id, collection_id, name, type, length, `precision`, allow_null, eav, system) VALUES (83, 15, 'date_last_executed', 'DateTime', NULL, NULL, TRUE, FALSE, TRUE);
INSERT INTO attribute (attribute_id, collection_id, name, type, length, `precision`, allow_null, eav, system) VALUES (84, 15, 'security', 'String', 50, NULL, FALSE, FALSE, TRUE);
INSERT INTO attribute (attribute_id, collection_id, name, type, length, `precision`, allow_null, eav, system) VALUES (86, 15, 'system', 'Boolean', NULL, NULL, FALSE, FALSE, TRUE);
INSERT INTO attribute (attribute_id, collection_id, name, type, length, `precision`, allow_null, eav, system) VALUES (76, 15, 'job_id', 'String', 100, NULL, FALSE, FALSE, TRUE);
INSERT INTO attribute (attribute_id, collection_id, name, type, length, `precision`, allow_null, eav, system) VALUES (85, 15, 'date_created', 'DateTime', NULL, NULL, FALSE, FALSE, TRUE);
INSERT INTO attribute (attribute_id, collection_id, name, type, length, `precision`, allow_null, eav, system) VALUES (77, 15, 'name', 'String', 255, NULL, FALSE, FALSE, TRUE);
INSERT INTO attribute (attribute_id, collection_id, name, type, length, `precision`, allow_null, eav, system) VALUES (79, 15, 'consume', 'Double', 15, 4, TRUE, FALSE, TRUE);
INSERT INTO attribute (attribute_id, collection_id, name, type, length, `precision`, allow_null, eav, system) VALUES (80, 15, 'javascript', 'Text', NULL, NULL, FALSE, FALSE, TRUE);
INSERT INTO attribute (attribute_id, collection_id, name, type, length, `precision`, allow_null, eav, system) VALUES (92, 16, 'page_key', 'Long', 11, NULL, TRUE, FALSE, TRUE);
INSERT INTO attribute (attribute_id, collection_id, name, type, length, `precision`, allow_null, eav, system) VALUES (87, 16, 'socket_id', 'String', 100, NULL, FALSE, FALSE, TRUE);
INSERT INTO attribute (attribute_id, collection_id, name, type, length, `precision`, allow_null, eav, system) VALUES (93, 16, 'system', 'Boolean', NULL, NULL, FALSE, FALSE, TRUE);
INSERT INTO attribute (attribute_id, collection_id, name, type, length, `precision`, allow_null, eav, system) VALUES (88, 16, 'user_id', 'String', 100, NULL, TRUE, FALSE, TRUE);
INSERT INTO attribute (attribute_id, collection_id, name, type, length, `precision`, allow_null, eav, system) VALUES (90, 16, 'date_created', 'DateTime', NULL, NULL, FALSE, FALSE, TRUE);
INSERT INTO attribute (attribute_id, collection_id, name, type, length, `precision`, allow_null, eav, system) VALUES (89, 16, 'session_id', 'String', 100, NULL, FALSE, FALSE, TRUE);
INSERT INTO attribute (attribute_id, collection_id, name, type, length, `precision`, allow_null, eav, system) VALUES (91, 16, 'resource_name', 'String', 100, NULL, TRUE, FALSE, TRUE);
INSERT INTO attribute (attribute_id, collection_id, name, type, length, `precision`, allow_null, eav, system) VALUES (97, 17, 'path', 'String', 255, NULL, FALSE, FALSE, TRUE);
INSERT INTO attribute (attribute_id, collection_id, name, type, length, `precision`, allow_null, eav, system) VALUES (99, 17, 'extension', 'String', 10, NULL, TRUE, FALSE, TRUE);
INSERT INTO attribute (attribute_id, collection_id, name, type, length, `precision`, allow_null, eav, system) VALUES (102, 17, 'system', 'Boolean', NULL, NULL, FALSE, FALSE, TRUE);
INSERT INTO attribute (attribute_id, collection_id, name, type, length, `precision`, allow_null, eav, system) VALUES (101, 17, 'date_created', 'DateTime', NULL, NULL, FALSE, FALSE, TRUE);
INSERT INTO attribute (attribute_id, collection_id, name, type, length, `precision`, allow_null, eav, system) VALUES (94, 17, 'file_id', 'String', 100, NULL, FALSE, FALSE, TRUE);
INSERT INTO attribute (attribute_id, collection_id, name, type, length, `precision`, allow_null, eav, system) VALUES (98, 17, 'mime', 'String', 100, NULL, TRUE, FALSE, TRUE);
INSERT INTO attribute (attribute_id, collection_id, name, type, length, `precision`, allow_null, eav, system) VALUES (95, 17, 'name', 'String', 255, NULL, TRUE, FALSE, TRUE);
INSERT INTO attribute (attribute_id, collection_id, name, type, length, `precision`, allow_null, eav, system) VALUES (100, 17, 'length', 'Long', 11, NULL, FALSE, FALSE, TRUE);
INSERT INTO attribute (attribute_id, collection_id, name, type, length, `precision`, allow_null, eav, system) VALUES (96, 17, 'label', 'String', 255, NULL, TRUE, FALSE, TRUE);
INSERT INTO attribute (attribute_id, collection_id, name, type, length, `precision`, allow_null, eav, system) VALUES (108, 18, 'system', 'Boolean', NULL, NULL, FALSE, FALSE, TRUE);
INSERT INTO attribute (attribute_id, collection_id, name, type, length, `precision`, allow_null, eav, system) VALUES (103, 18, 'enum_id', 'String', 100, NULL, FALSE, FALSE, TRUE);
INSERT INTO attribute (attribute_id, collection_id, name, type, length, `precision`, allow_null, eav, system) VALUES (104, 18, 'name', 'String', 100, NULL, TRUE, FALSE, TRUE);
INSERT INTO attribute (attribute_id, collection_id, name, type, length, `precision`, allow_null, eav, system) VALUES (106, 18, 'format', 'String', 255, NULL, TRUE, FALSE, TRUE);
INSERT INTO attribute (attribute_id, collection_id, name, type, length, `precision`, allow_null, eav, system) VALUES (107, 18, 'description', 'String', 100, NULL, TRUE, FALSE, TRUE);
INSERT INTO attribute (attribute_id, collection_id, name, type, length, `precision`, allow_null, eav, system) VALUES (105, 18, 'type', 'String', 20, NULL, FALSE, FALSE, TRUE);
INSERT INTO attribute (attribute_id, collection_id, name, type, length, `precision`, allow_null, eav, system) VALUES (109, 19, 'enum_item_id', 'String', 100, NULL, FALSE, FALSE, TRUE);
INSERT INTO attribute (attribute_id, collection_id, name, type, length, `precision`, allow_null, eav, system) VALUES (112, 19, 'system', 'Boolean', NULL, NULL, FALSE, FALSE, TRUE);
INSERT INTO attribute (attribute_id, collection_id, name, type, length, `precision`, allow_null, eav, system) VALUES (111, 19, 'value', 'String', 255, NULL, FALSE, FALSE, TRUE);
INSERT INTO attribute (attribute_id, collection_id, name, type, length, `precision`, allow_null, eav, system) VALUES (110, 19, 'enum_id', 'String', 100, NULL, FALSE, FALSE, TRUE);
INSERT INTO attribute (attribute_id, collection_id, name, type, length, `precision`, allow_null, eav, system) VALUES (114, 20, 'name', 'String', 100, NULL, FALSE, FALSE, TRUE);
INSERT INTO attribute (attribute_id, collection_id, name, type, length, `precision`, allow_null, eav, system) VALUES (115, 20, 'description', 'String', 255, NULL, FALSE, FALSE, TRUE);
INSERT INTO attribute (attribute_id, collection_id, name, type, length, `precision`, allow_null, eav, system) VALUES (117, 20, 'system', 'Boolean', NULL, NULL, FALSE, FALSE, TRUE);
INSERT INTO attribute (attribute_id, collection_id, name, type, length, `precision`, allow_null, eav, system) VALUES (116, 20, 'value', 'String', 255, NULL, FALSE, FALSE, TRUE);
INSERT INTO attribute (attribute_id, collection_id, name, type, length, `precision`, allow_null, eav, system) VALUES (113, 20, 'setting_id', 'String', 100, NULL, FALSE, FALSE, TRUE);
INSERT INTO attribute (attribute_id, collection_id, name, type, length, `precision`, allow_null, eav, system) VALUES (123, 21, 'system', 'Boolean', NULL, NULL, FALSE, FALSE, TRUE);
INSERT INTO attribute (attribute_id, collection_id, name, type, length, `precision`, allow_null, eav, system) VALUES (121, 21, 'language', 'String', 10, NULL, TRUE, FALSE, TRUE);
INSERT INTO attribute (attribute_id, collection_id, name, type, length, `precision`, allow_null, eav, system) VALUES (120, 21, 'page', 'String', 255, NULL, TRUE, FALSE, TRUE);
INSERT INTO attribute (attribute_id, collection_id, name, type, length, `precision`, allow_null, eav, system) VALUES (122, 21, 'label', 'String', 255, NULL, FALSE, FALSE, TRUE);
INSERT INTO attribute (attribute_id, collection_id, name, type, length, `precision`, allow_null, eav, system) VALUES (118, 21, 'localization_id', 'String', 100, NULL, FALSE, FALSE, TRUE);
INSERT INTO attribute (attribute_id, collection_id, name, type, length, `precision`, allow_null, eav, system) VALUES (119, 21, 'key', 'String', 100, NULL, FALSE, FALSE, TRUE);
INSERT INTO attribute (attribute_id, collection_id, name, type, length, `precision`, allow_null, eav, system) VALUES (128, 22, 'return_type', 'String', 50, NULL, FALSE, FALSE, TRUE);
INSERT INTO attribute (attribute_id, collection_id, name, type, length, `precision`, allow_null, eav, system) VALUES (131, 22, 'security', 'String', 15, NULL, FALSE, FALSE, TRUE);
INSERT INTO attribute (attribute_id, collection_id, name, type, length, `precision`, allow_null, eav, system) VALUES (132, 22, 'system', 'Boolean', NULL, NULL, FALSE, FALSE, TRUE);
INSERT INTO attribute (attribute_id, collection_id, name, type, length, `precision`, allow_null, eav, system) VALUES (124, 22, 'query_id', 'String', 100, NULL, FALSE, FALSE, TRUE);
INSERT INTO attribute (attribute_id, collection_id, name, type, length, `precision`, allow_null, eav, system) VALUES (129, 22, 'return_sub_type', 'String', 50, NULL, TRUE, FALSE, TRUE);
INSERT INTO attribute (attribute_id, collection_id, name, type, length, `precision`, allow_null, eav, system) VALUES (130, 22, 'date_created', 'DateTime', NULL, NULL, FALSE, FALSE, TRUE);
INSERT INTO attribute (attribute_id, collection_id, name, type, length, `precision`, allow_null, eav, system) VALUES (125, 22, 'name', 'String', 255, NULL, FALSE, FALSE, TRUE);
INSERT INTO attribute (attribute_id, collection_id, name, type, length, `precision`, allow_null, eav, system) VALUES (126, 22, 'description', 'String', 255, NULL, FALSE, FALSE, TRUE);
INSERT INTO attribute (attribute_id, collection_id, name, type, length, `precision`, allow_null, eav, system) VALUES (127, 22, 'script', 'Text', NULL, NULL, FALSE, FALSE, TRUE);
INSERT INTO attribute (attribute_id, collection_id, name, type, length, `precision`, allow_null, eav, system) VALUES (133, 23, 'query_parameter_id', 'String', 100, NULL, FALSE, FALSE, TRUE);
INSERT INTO attribute (attribute_id, collection_id, name, type, length, `precision`, allow_null, eav, system) VALUES (138, 23, 'system', 'Boolean', NULL, NULL, FALSE, FALSE, TRUE);
INSERT INTO attribute (attribute_id, collection_id, name, type, length, `precision`, allow_null, eav, system) VALUES (134, 23, 'query_id', 'String', 100, NULL, FALSE, FALSE, TRUE);
INSERT INTO attribute (attribute_id, collection_id, name, type, length, `precision`, allow_null, eav, system) VALUES (137, 23, 'sub_type', 'String', 50, NULL, TRUE, FALSE, TRUE);
INSERT INTO attribute (attribute_id, collection_id, name, type, length, `precision`, allow_null, eav, system) VALUES (135, 23, 'name', 'String', 255, NULL, FALSE, FALSE, TRUE);
INSERT INTO attribute (attribute_id, collection_id, name, type, length, `precision`, allow_null, eav, system) VALUES (136, 23, 'type', 'String', 50, NULL, TRUE, FALSE, TRUE);
INSERT INTO attribute (attribute_id, collection_id, name, type, length, `precision`, allow_null, eav, system) VALUES (141, 24, 'system', 'Boolean', NULL, NULL, FALSE, FALSE, TRUE);
INSERT INTO attribute (attribute_id, collection_id, name, type, length, `precision`, allow_null, eav, system) VALUES (139, 24, 'section_id', 'String', 100, NULL, FALSE, FALSE, TRUE);
INSERT INTO attribute (attribute_id, collection_id, name, type, length, `precision`, allow_null, eav, system) VALUES (140, 24, 'title', 'String', 100, NULL, FALSE, FALSE, TRUE);
INSERT INTO attribute (attribute_id, collection_id, name, type, length, `precision`, allow_null, eav, system) VALUES (142, 24, 'order', 'Long', 11, NULL, FALSE, FALSE, TRUE);
INSERT INTO attribute (attribute_id, collection_id, name, type, length, `precision`, allow_null, eav, system) VALUES (145, 25, 'path', 'String', 255, NULL, FALSE, FALSE, TRUE);
INSERT INTO attribute (attribute_id, collection_id, name, type, length, `precision`, allow_null, eav, system) VALUES (146, 25, 'system', 'Boolean', NULL, NULL, FALSE, FALSE, TRUE);
INSERT INTO attribute (attribute_id, collection_id, name, type, length, `precision`, allow_null, eav, system) VALUES (148, 25, 'section_id', 'String', 100, NULL, TRUE, FALSE, TRUE);
INSERT INTO attribute (attribute_id, collection_id, name, type, length, `precision`, allow_null, eav, system) VALUES (147, 25, 'icon', 'String', 100, NULL, TRUE, FALSE, TRUE);
INSERT INTO attribute (attribute_id, collection_id, name, type, length, `precision`, allow_null, eav, system) VALUES (144, 25, 'title', 'String', 100, NULL, FALSE, FALSE, TRUE);
INSERT INTO attribute (attribute_id, collection_id, name, type, length, `precision`, allow_null, eav, system) VALUES (143, 25, 'menu_id', 'String', 100, NULL, FALSE, FALSE, TRUE);
INSERT INTO attribute (attribute_id, collection_id, name, type, length, `precision`, allow_null, eav, system) VALUES (149, 25, 'parent_menu_id', 'String', 100, NULL, TRUE, FALSE, TRUE);
INSERT INTO attribute (attribute_id, collection_id, name, type, length, `precision`, allow_null, eav, system) VALUES (150, 25, 'order', 'Long', 11, NULL, FALSE, FALSE, TRUE);
INSERT INTO attribute (attribute_id, collection_id, name, type, length, `precision`, allow_null, eav, system) VALUES (157, 26, 'page_id', 'String', 100, NULL, FALSE, FALSE, TRUE);
INSERT INTO attribute (attribute_id, collection_id, name, type, length, `precision`, allow_null, eav, system) VALUES (151, 26, 'menu_item_id', 'String', 100, NULL, FALSE, FALSE, TRUE);
INSERT INTO attribute (attribute_id, collection_id, name, type, length, `precision`, allow_null, eav, system) VALUES (154, 26, 'system', 'Boolean', NULL, NULL, FALSE, FALSE, TRUE);
INSERT INTO attribute (attribute_id, collection_id, name, type, length, `precision`, allow_null, eav, system) VALUES (158, 26, 'section_id', 'String', 100, NULL, TRUE, FALSE, TRUE);
INSERT INTO attribute (attribute_id, collection_id, name, type, length, `precision`, allow_null, eav, system) VALUES (155, 26, 'icon', 'String', 100, NULL, TRUE, FALSE, TRUE);
INSERT INTO attribute (attribute_id, collection_id, name, type, length, `precision`, allow_null, eav, system) VALUES (153, 26, 'title', 'String', 100, NULL, FALSE, FALSE, TRUE);
INSERT INTO attribute (attribute_id, collection_id, name, type, length, `precision`, allow_null, eav, system) VALUES (152, 26, 'menu_id', 'String', 100, NULL, TRUE, FALSE, TRUE);
INSERT INTO attribute (attribute_id, collection_id, name, type, length, `precision`, allow_null, eav, system) VALUES (156, 26, 'order', 'Long', 11, NULL, FALSE, FALSE, TRUE);
INSERT INTO attribute (attribute_id, collection_id, name, type, length, `precision`, allow_null, eav, system) VALUES (161, 27, 'name', 'String', 100, NULL, FALSE, FALSE, TRUE);
INSERT INTO attribute (attribute_id, collection_id, name, type, length, `precision`, allow_null, eav, system) VALUES (160, 27, 'menu_item_id', 'String', 100, NULL, FALSE, FALSE, TRUE);
INSERT INTO attribute (attribute_id, collection_id, name, type, length, `precision`, allow_null, eav, system) VALUES (159, 27, 'menu_item_parameter_id', 'String', 100, NULL, FALSE, FALSE, TRUE);
INSERT INTO attribute (attribute_id, collection_id, name, type, length, `precision`, allow_null, eav, system) VALUES (163, 27, 'system', 'Boolean', NULL, NULL, FALSE, FALSE, TRUE);
INSERT INTO attribute (attribute_id, collection_id, name, type, length, `precision`, allow_null, eav, system) VALUES (162, 27, 'value', 'String', 255, NULL, FALSE, FALSE, TRUE);
INSERT INTO attribute (attribute_id, collection_id, name, type, length, `precision`, allow_null, eav, system) VALUES (164, 28, 'layout_id', 'String', 100, NULL, FALSE, FALSE, TRUE);
INSERT INTO attribute (attribute_id, collection_id, name, type, length, `precision`, allow_null, eav, system) VALUES (167, 28, 'system', 'Boolean', NULL, NULL, FALSE, FALSE, TRUE);
INSERT INTO attribute (attribute_id, collection_id, name, type, length, `precision`, allow_null, eav, system) VALUES (172, 28, 'date_modified', 'DateTime', NULL, NULL, FALSE, FALSE, TRUE);
INSERT INTO attribute (attribute_id, collection_id, name, type, length, `precision`, allow_null, eav, system) VALUES (171, 28, 'date_created', 'DateTime', NULL, NULL, FALSE, FALSE, TRUE);
INSERT INTO attribute (attribute_id, collection_id, name, type, length, `precision`, allow_null, eav, system) VALUES (166, 28, 'description', 'String', 255, NULL, FALSE, FALSE, TRUE);
INSERT INTO attribute (attribute_id, collection_id, name, type, length, `precision`, allow_null, eav, system) VALUES (170, 28, 'modified', 'Boolean', NULL, NULL, FALSE, FALSE, TRUE);
INSERT INTO attribute (attribute_id, collection_id, name, type, length, `precision`, allow_null, eav, system) VALUES (169, 28, 'html', 'Text', NULL, NULL, TRUE, FALSE, TRUE);
INSERT INTO attribute (attribute_id, collection_id, name, type, length, `precision`, allow_null, eav, system) VALUES (165, 28, 'title', 'String', 100, NULL, FALSE, FALSE, TRUE);
INSERT INTO attribute (attribute_id, collection_id, name, type, length, `precision`, allow_null, eav, system) VALUES (168, 28, 'groovy_id', 'String', 100, NULL, TRUE, FALSE, TRUE);
INSERT INTO attribute (attribute_id, collection_id, name, type, length, `precision`, allow_null, eav, system) VALUES (182, 29, 'html_crc32', 'String', 100, NULL, TRUE, FALSE, TRUE);
INSERT INTO attribute (attribute_id, collection_id, name, type, length, `precision`, allow_null, eav, system) VALUES (186, 29, 'cms_page', 'Boolean', NULL, NULL, FALSE, FALSE, TRUE);
INSERT INTO attribute (attribute_id, collection_id, name, type, length, `precision`, allow_null, eav, system) VALUES (174, 29, 'layout_id', 'String', 100, NULL, TRUE, FALSE, TRUE);
INSERT INTO attribute (attribute_id, collection_id, name, type, length, `precision`, allow_null, eav, system) VALUES (175, 29, 'code', 'String', 100, NULL, FALSE, FALSE, TRUE);
INSERT INTO attribute (attribute_id, collection_id, name, type, length, `precision`, allow_null, eav, system) VALUES (184, 29, 'date_created', 'DateTime', NULL, NULL, FALSE, FALSE, TRUE);
INSERT INTO attribute (attribute_id, collection_id, name, type, length, `precision`, allow_null, eav, system) VALUES (178, 29, 'description', 'String', 255, NULL, FALSE, FALSE, TRUE);
INSERT INTO attribute (attribute_id, collection_id, name, type, length, `precision`, allow_null, eav, system) VALUES (176, 29, 'title', 'String', 100, NULL, FALSE, FALSE, TRUE);
INSERT INTO attribute (attribute_id, collection_id, name, type, length, `precision`, allow_null, eav, system) VALUES (180, 29, 'groovy_id', 'String', 100, NULL, TRUE, FALSE, TRUE);
INSERT INTO attribute (attribute_id, collection_id, name, type, length, `precision`, allow_null, eav, system) VALUES (173, 29, 'page_id', 'String', 100, NULL, FALSE, FALSE, TRUE);
INSERT INTO attribute (attribute_id, collection_id, name, type, length, `precision`, allow_null, eav, system) VALUES (177, 29, 'path', 'String', 255, NULL, FALSE, FALSE, TRUE);
INSERT INTO attribute (attribute_id, collection_id, name, type, length, `precision`, allow_null, eav, system) VALUES (179, 29, 'system', 'Boolean', NULL, NULL, FALSE, FALSE, TRUE);
INSERT INTO attribute (attribute_id, collection_id, name, type, length, `precision`, allow_null, eav, system) VALUES (185, 29, 'date_modified', 'DateTime', NULL, NULL, FALSE, FALSE, TRUE);
INSERT INTO attribute (attribute_id, collection_id, name, type, length, `precision`, allow_null, eav, system) VALUES (183, 29, 'modified', 'Boolean', NULL, NULL, FALSE, FALSE, TRUE);
INSERT INTO attribute (attribute_id, collection_id, name, type, length, `precision`, allow_null, eav, system) VALUES (181, 29, 'html', 'Text', NULL, NULL, TRUE, FALSE, TRUE);
INSERT INTO attribute (attribute_id, collection_id, name, type, length, `precision`, allow_null, eav, system) VALUES (188, 30, 'page_id', 'String', 100, NULL, FALSE, FALSE, TRUE);
INSERT INTO attribute (attribute_id, collection_id, name, type, length, `precision`, allow_null, eav, system) VALUES (187, 30, 'page_role_id', 'String', 100, NULL, FALSE, FALSE, TRUE);
INSERT INTO attribute (attribute_id, collection_id, name, type, length, `precision`, allow_null, eav, system) VALUES (190, 30, 'system', 'Boolean', NULL, NULL, FALSE, FALSE, TRUE);
INSERT INTO attribute (attribute_id, collection_id, name, type, length, `precision`, allow_null, eav, system) VALUES (189, 30, 'role_id', 'String', 100, NULL, FALSE, FALSE, TRUE);
INSERT INTO attribute (attribute_id, collection_id, name, type, length, `precision`, allow_null, eav, system) VALUES (194, 31, 'system', 'Boolean', NULL, NULL, FALSE, FALSE, TRUE);
INSERT INTO attribute (attribute_id, collection_id, name, type, length, `precision`, allow_null, eav, system) VALUES (192, 31, 'rest_id', 'String', 100, NULL, FALSE, FALSE, TRUE);
INSERT INTO attribute (attribute_id, collection_id, name, type, length, `precision`, allow_null, eav, system) VALUES (193, 31, 'role_id', 'String', 100, NULL, FALSE, FALSE, TRUE);
INSERT INTO attribute (attribute_id, collection_id, name, type, length, `precision`, allow_null, eav, system) VALUES (191, 31, 'rest_role_id', 'String', 100, NULL, FALSE, FALSE, TRUE);
INSERT INTO attribute (attribute_id, collection_id, name, type, length, `precision`, allow_null, eav, system) VALUES (201, 32, 'stage_javascript', 'Text', NULL, NULL, TRUE, FALSE, TRUE);
INSERT INTO attribute (attribute_id, collection_id, name, type, length, `precision`, allow_null, eav, system) VALUES (196, 32, 'code', 'String', 100, NULL, FALSE, FALSE, TRUE);
INSERT INTO attribute (attribute_id, collection_id, name, type, length, `precision`, allow_null, eav, system) VALUES (204, 32, 'date_created', 'DateTime', NULL, NULL, FALSE, FALSE, TRUE);
INSERT INTO attribute (attribute_id, collection_id, name, type, length, `precision`, allow_null, eav, system) VALUES (198, 32, 'description', 'String', 255, NULL, FALSE, FALSE, TRUE);
INSERT INTO attribute (attribute_id, collection_id, name, type, length, `precision`, allow_null, eav, system) VALUES (197, 32, 'title', 'String', 100, NULL, FALSE, FALSE, TRUE);
INSERT INTO attribute (attribute_id, collection_id, name, type, length, `precision`, allow_null, eav, system) VALUES (195, 32, 'block_id', 'String', 100, NULL, FALSE, FALSE, TRUE);
INSERT INTO attribute (attribute_id, collection_id, name, type, length, `precision`, allow_null, eav, system) VALUES (199, 32, 'javascript', 'Text', NULL, NULL, TRUE, FALSE, TRUE);
INSERT INTO attribute (attribute_id, collection_id, name, type, length, `precision`, allow_null, eav, system) VALUES (206, 32, 'system', 'Boolean', NULL, NULL, FALSE, FALSE, TRUE);
INSERT INTO attribute (attribute_id, collection_id, name, type, length, `precision`, allow_null, eav, system) VALUES (205, 32, 'date_modified', 'DateTime', NULL, NULL, FALSE, FALSE, TRUE);
INSERT INTO attribute (attribute_id, collection_id, name, type, length, `precision`, allow_null, eav, system) VALUES (202, 32, 'stage_html', 'Text', NULL, NULL, TRUE, FALSE, TRUE);
INSERT INTO attribute (attribute_id, collection_id, name, type, length, `precision`, allow_null, eav, system) VALUES (203, 32, 'modified', 'Boolean', NULL, NULL, FALSE, FALSE, TRUE);
INSERT INTO attribute (attribute_id, collection_id, name, type, length, `precision`, allow_null, eav, system) VALUES (200, 32, 'html', 'Text', NULL, NULL, TRUE, FALSE, TRUE);
INSERT INTO attribute (attribute_id, collection_id, name, type, length, `precision`, allow_null, eav, system) VALUES (210, 33, 'script_crc32', 'String', 100, NULL, TRUE, FALSE, TRUE);
INSERT INTO attribute (attribute_id, collection_id, name, type, length, `precision`, allow_null, eav, system) VALUES (211, 33, 'system', 'Boolean', NULL, NULL, FALSE, FALSE, TRUE);
INSERT INTO attribute (attribute_id, collection_id, name, type, length, `precision`, allow_null, eav, system) VALUES (208, 33, 'java_class', 'String', 255, NULL, FALSE, FALSE, TRUE);
INSERT INTO attribute (attribute_id, collection_id, name, type, length, `precision`, allow_null, eav, system) VALUES (209, 33, 'script', 'Text', NULL, NULL, FALSE, FALSE, TRUE);
INSERT INTO attribute (attribute_id, collection_id, name, type, length, `precision`, allow_null, eav, system) VALUES (207, 33, 'groovy_id', 'String', 100, NULL, FALSE, FALSE, TRUE);
INSERT INTO attribute (attribute_id, collection_id, name, type, length, `precision`, allow_null, eav, system) VALUES (214, 34, 'path', 'String', 255, NULL, FALSE, FALSE, TRUE);
INSERT INTO attribute (attribute_id, collection_id, name, type, length, `precision`, allow_null, eav, system) VALUES (218, 34, 'security', 'String', 15, NULL, FALSE, FALSE, TRUE);
INSERT INTO attribute (attribute_id, collection_id, name, type, length, `precision`, allow_null, eav, system) VALUES (219, 34, 'system', 'Boolean', NULL, NULL, FALSE, FALSE, TRUE);
INSERT INTO attribute (attribute_id, collection_id, name, type, length, `precision`, allow_null, eav, system) VALUES (213, 34, 'method', 'String', 10, NULL, FALSE, FALSE, TRUE);
INSERT INTO attribute (attribute_id, collection_id, name, type, length, `precision`, allow_null, eav, system) VALUES (215, 34, 'name', 'String', 255, NULL, FALSE, FALSE, TRUE);
INSERT INTO attribute (attribute_id, collection_id, name, type, length, `precision`, allow_null, eav, system) VALUES (216, 34, 'description', 'String', 255, NULL, FALSE, FALSE, TRUE);
INSERT INTO attribute (attribute_id, collection_id, name, type, length, `precision`, allow_null, eav, system) VALUES (212, 34, 'rest_id', 'String', 100, NULL, FALSE, FALSE, TRUE);
INSERT INTO attribute (attribute_id, collection_id, name, type, length, `precision`, allow_null, eav, system) VALUES (217, 34, 'groovy_id', 'String', 100, NULL, TRUE, FALSE, TRUE);
INSERT INTO attribute (attribute_id, collection_id, name, type, length, `precision`, allow_null, eav, system) VALUES (221, 35, 'collection_id', 'String', 100, NULL, FALSE, FALSE, TRUE);
INSERT INTO attribute (attribute_id, collection_id, name, type, length, `precision`, allow_null, eav, system) VALUES (222, 35, 'attribute_id', 'String', 100, NULL, FALSE, FALSE, TRUE);
INSERT INTO attribute (attribute_id, collection_id, name, type, length, `precision`, allow_null, eav, system) VALUES (225, 35, 'eav_value', 'Double', 15, 4, TRUE, FALSE, TRUE);
INSERT INTO attribute (attribute_id, collection_id, name, type, length, `precision`, allow_null, eav, system) VALUES (224, 35, 'attribute_type', 'String', 50, NULL, FALSE, FALSE, TRUE);
INSERT INTO attribute (attribute_id, collection_id, name, type, length, `precision`, allow_null, eav, system) VALUES (220, 35, 'eav_decimal_id', 'String', 100, NULL, FALSE, FALSE, TRUE);
INSERT INTO attribute (attribute_id, collection_id, name, type, length, `precision`, allow_null, eav, system) VALUES (223, 35, 'document_id', 'String', 100, NULL, FALSE, FALSE, TRUE);
INSERT INTO attribute (attribute_id, collection_id, name, type, length, `precision`, allow_null, eav, system) VALUES (227, 36, 'collection_id', 'String', 100, NULL, FALSE, FALSE, TRUE);
INSERT INTO attribute (attribute_id, collection_id, name, type, length, `precision`, allow_null, eav, system) VALUES (226, 36, 'eav_integer_id', 'String', 100, NULL, FALSE, FALSE, TRUE);
INSERT INTO attribute (attribute_id, collection_id, name, type, length, `precision`, allow_null, eav, system) VALUES (228, 36, 'attribute_id', 'String', 100, NULL, FALSE, FALSE, TRUE);
INSERT INTO attribute (attribute_id, collection_id, name, type, length, `precision`, allow_null, eav, system) VALUES (231, 36, 'eav_value', 'Long', 11, NULL, TRUE, FALSE, TRUE);
INSERT INTO attribute (attribute_id, collection_id, name, type, length, `precision`, allow_null, eav, system) VALUES (230, 36, 'attribute_type', 'String', 50, NULL, FALSE, FALSE, TRUE);
INSERT INTO attribute (attribute_id, collection_id, name, type, length, `precision`, allow_null, eav, system) VALUES (229, 36, 'document_id', 'String', 100, NULL, FALSE, FALSE, TRUE);
INSERT INTO attribute (attribute_id, collection_id, name, type, length, `precision`, allow_null, eav, system) VALUES (233, 37, 'collection_id', 'String', 100, NULL, FALSE, FALSE, TRUE);
INSERT INTO attribute (attribute_id, collection_id, name, type, length, `precision`, allow_null, eav, system) VALUES (234, 37, 'attribute_id', 'String', 100, NULL, FALSE, FALSE, TRUE);
INSERT INTO attribute (attribute_id, collection_id, name, type, length, `precision`, allow_null, eav, system) VALUES (237, 37, 'eav_value', 'Text', NULL, NULL, TRUE, FALSE, TRUE);
INSERT INTO attribute (attribute_id, collection_id, name, type, length, `precision`, allow_null, eav, system) VALUES (236, 37, 'attribute_type', 'String', 50, NULL, FALSE, FALSE, TRUE);
INSERT INTO attribute (attribute_id, collection_id, name, type, length, `precision`, allow_null, eav, system) VALUES (235, 37, 'document_id', 'String', 100, NULL, FALSE, FALSE, TRUE);
INSERT INTO attribute (attribute_id, collection_id, name, type, length, `precision`, allow_null, eav, system) VALUES (232, 37, 'eav_text_id', 'String', 100, NULL, FALSE, FALSE, TRUE);
INSERT INTO attribute (attribute_id, collection_id, name, type, length, `precision`, allow_null, eav, system) VALUES (239, 38, 'collection_id', 'String', 100, NULL, FALSE, FALSE, TRUE);
INSERT INTO attribute (attribute_id, collection_id, name, type, length, `precision`, allow_null, eav, system) VALUES (238, 38, 'eav_varchar_id', 'String', 100, NULL, FALSE, FALSE, TRUE);
INSERT INTO attribute (attribute_id, collection_id, name, type, length, `precision`, allow_null, eav, system) VALUES (240, 38, 'attribute_id', 'String', 100, NULL, FALSE, FALSE, TRUE);
INSERT INTO attribute (attribute_id, collection_id, name, type, length, `precision`, allow_null, eav, system) VALUES (243, 38, 'eav_value', 'String', 255, NULL, TRUE, FALSE, TRUE);
INSERT INTO attribute (attribute_id, collection_id, name, type, length, `precision`, allow_null, eav, system) VALUES (242, 38, 'attribute_type', 'String', 50, NULL, FALSE, FALSE, TRUE);
INSERT INTO attribute (attribute_id, collection_id, name, type, length, `precision`, allow_null, eav, system) VALUES (241, 38, 'document_id', 'String', 100, NULL, FALSE, FALSE, TRUE);
INSERT INTO attribute (attribute_id, collection_id, name, type, length, `precision`, allow_null, eav, system) VALUES (244, 39, 'eav_boolean_id', 'String', 100, NULL, FALSE, FALSE, TRUE);
INSERT INTO attribute (attribute_id, collection_id, name, type, length, `precision`, allow_null, eav, system) VALUES (245, 39, 'collection_id', 'String', 100, NULL, FALSE, FALSE, TRUE);
INSERT INTO attribute (attribute_id, collection_id, name, type, length, `precision`, allow_null, eav, system) VALUES (246, 39, 'attribute_id', 'String', 100, NULL, FALSE, FALSE, TRUE);
INSERT INTO attribute (attribute_id, collection_id, name, type, length, `precision`, allow_null, eav, system) VALUES (249, 39, 'eav_value', 'Boolean', NULL, NULL, TRUE, FALSE, TRUE);
INSERT INTO attribute (attribute_id, collection_id, name, type, length, `precision`, allow_null, eav, system) VALUES (248, 39, 'attribute_type', 'String', 50, NULL, FALSE, FALSE, TRUE);
INSERT INTO attribute (attribute_id, collection_id, name, type, length, `precision`, allow_null, eav, system) VALUES (247, 39, 'document_id', 'String', 100, NULL, FALSE, FALSE, TRUE);
INSERT INTO attribute (attribute_id, collection_id, name, type, length, `precision`, allow_null, eav, system) VALUES (251, 40, 'collection_id', 'String', 100, NULL, FALSE, FALSE, TRUE);
INSERT INTO attribute (attribute_id, collection_id, name, type, length, `precision`, allow_null, eav, system) VALUES (252, 40, 'attribute_id', 'String', 100, NULL, FALSE, FALSE, TRUE);
INSERT INTO attribute (attribute_id, collection_id, name, type, length, `precision`, allow_null, eav, system) VALUES (255, 40, 'eav_value', 'DateTime', NULL, NULL, TRUE, FALSE, TRUE);
INSERT INTO attribute (attribute_id, collection_id, name, type, length, `precision`, allow_null, eav, system) VALUES (254, 40, 'attribute_type', 'String', 50, NULL, FALSE, FALSE, TRUE);
INSERT INTO attribute (attribute_id, collection_id, name, type, length, `precision`, allow_null, eav, system) VALUES (253, 40, 'document_id', 'String', 100, NULL, FALSE, FALSE, TRUE);
INSERT INTO attribute (attribute_id, collection_id, name, type, length, `precision`, allow_null, eav, system) VALUES (250, 40, 'eav_date_time_id', 'String', 100, NULL, FALSE, FALSE, TRUE);
INSERT INTO attribute (attribute_id, collection_id, name, type, length, `precision`, allow_null, eav, system) VALUES (257, 41, 'collection_id', 'String', 100, NULL, FALSE, FALSE, TRUE);
INSERT INTO attribute (attribute_id, collection_id, name, type, length, `precision`, allow_null, eav, system) VALUES (258, 41, 'attribute_id', 'String', 100, NULL, FALSE, FALSE, TRUE);
INSERT INTO attribute (attribute_id, collection_id, name, type, length, `precision`, allow_null, eav, system) VALUES (261, 41, 'eav_value', 'Date', NULL, NULL, TRUE, FALSE, TRUE);
INSERT INTO attribute (attribute_id, collection_id, name, type, length, `precision`, allow_null, eav, system) VALUES (256, 41, 'eav_date_id', 'String', 100, NULL, FALSE, FALSE, TRUE);
INSERT INTO attribute (attribute_id, collection_id, name, type, length, `precision`, allow_null, eav, system) VALUES (260, 41, 'attribute_type', 'String', 50, NULL, FALSE, FALSE, TRUE);
INSERT INTO attribute (attribute_id, collection_id, name, type, length, `precision`, allow_null, eav, system) VALUES (259, 41, 'document_id', 'String', 100, NULL, FALSE, FALSE, TRUE);
INSERT INTO attribute (attribute_id, collection_id, name, type, length, `precision`, allow_null, eav, system) VALUES (262, 42, 'eav_time_id', 'String', 100, NULL, FALSE, FALSE, TRUE);
INSERT INTO attribute (attribute_id, collection_id, name, type, length, `precision`, allow_null, eav, system) VALUES (263, 42, 'collection_id', 'String', 100, NULL, FALSE, FALSE, TRUE);
INSERT INTO attribute (attribute_id, collection_id, name, type, length, `precision`, allow_null, eav, system) VALUES (264, 42, 'attribute_id', 'String', 100, NULL, FALSE, FALSE, TRUE);
INSERT INTO attribute (attribute_id, collection_id, name, type, length, `precision`, allow_null, eav, system) VALUES (267, 42, 'eav_value', 'Time', NULL, NULL, TRUE, FALSE, TRUE);
INSERT INTO attribute (attribute_id, collection_id, name, type, length, `precision`, allow_null, eav, system) VALUES (266, 42, 'attribute_type', 'String', 50, NULL, FALSE, FALSE, TRUE);
INSERT INTO attribute (attribute_id, collection_id, name, type, length, `precision`, allow_null, eav, system) VALUES (265, 42, 'document_id', 'String', 100, NULL, FALSE, FALSE, TRUE);
INSERT INTO attribute (attribute_id, collection_id, name, type, length, `precision`, allow_null, eav, system) VALUES (269, 43, 'collection_id', 'String', 100, NULL, FALSE, FALSE, TRUE);
INSERT INTO attribute (attribute_id, collection_id, name, type, length, `precision`, allow_null, eav, system) VALUES (268, 43, 'eav_character_id', 'String', 100, NULL, FALSE, FALSE, TRUE);
INSERT INTO attribute (attribute_id, collection_id, name, type, length, `precision`, allow_null, eav, system) VALUES (270, 43, 'attribute_id', 'String', 100, NULL, FALSE, FALSE, TRUE);
INSERT INTO attribute (attribute_id, collection_id, name, type, length, `precision`, allow_null, eav, system) VALUES (273, 43, 'eav_value', 'String', 1, NULL, TRUE, FALSE, TRUE);
INSERT INTO attribute (attribute_id, collection_id, name, type, length, `precision`, allow_null, eav, system) VALUES (272, 43, 'attribute_type', 'String', 50, NULL, FALSE, FALSE, TRUE);
INSERT INTO attribute (attribute_id, collection_id, name, type, length, `precision`, allow_null, eav, system) VALUES (271, 43, 'document_id', 'String', 100, NULL, FALSE, FALSE, TRUE);
INSERT INTO attribute (attribute_id, collection_id, name, type, length, `precision`, allow_null, eav, system) VALUES (274, 44, 'restore_id', 'String', 100, NULL, FALSE, FALSE, TRUE);
INSERT INTO attribute (attribute_id, collection_id, name, type, length, `precision`, allow_null, eav, system) VALUES (275, 44, 'fields', 'Text', NULL, NULL, TRUE, FALSE, TRUE);
INSERT INTO attribute (attribute_id, collection_id, name, type, length, `precision`, allow_null, eav, system) VALUES (276, 44, 'table_name', 'String', 100, NULL, TRUE, FALSE, TRUE);
INSERT INTO attribute (attribute_id, collection_id, name, type, length, `precision`, allow_null, eav, system) VALUES (277, 44, 'date_created', 'DateTime', NULL, NULL, FALSE, FALSE, TRUE);

# instance_attribute
INSERT INTO instance_attribute (instance_attribute_id, collection_id, attribute_id, `order`, system) VALUES (1, 1, 2, 1, true);
INSERT INTO instance_attribute (instance_attribute_id, collection_id, attribute_id, `order`, system) VALUES (2, 2, 7, 2, true);
INSERT INTO instance_attribute (instance_attribute_id, collection_id, attribute_id, `order`, system) VALUES (3, 3, 11, 3, true);
INSERT INTO instance_attribute (instance_attribute_id, collection_id, attribute_id, `order`, system) VALUES (4, 4, 15, 4, true);
INSERT INTO instance_attribute (instance_attribute_id, collection_id, attribute_id, `order`, system) VALUES (5, 5, 19, 5, true);
INSERT INTO instance_attribute (instance_attribute_id, collection_id, attribute_id, `order`, system) VALUES (6, 6, 24, 6, true);
INSERT INTO instance_attribute (instance_attribute_id, collection_id, attribute_id, `order`, system) VALUES (7, 11, 59, 7, true);
INSERT INTO instance_attribute (instance_attribute_id, collection_id, attribute_id, `order`, system) VALUES (8, 12, 63, 8, true);
INSERT INTO instance_attribute (instance_attribute_id, collection_id, attribute_id, `order`, system) VALUES (9, 14, 67, 9, true);
INSERT INTO instance_attribute (instance_attribute_id, collection_id, attribute_id, `order`, system) VALUES (10, 15, 77, 10, true);
INSERT INTO instance_attribute (instance_attribute_id, collection_id, attribute_id, `order`, system) VALUES (11, 18, 104, 11, true);
INSERT INTO instance_attribute (instance_attribute_id, collection_id, attribute_id, `order`, system) VALUES (12, 20, 114, 12, true);
INSERT INTO instance_attribute (instance_attribute_id, collection_id, attribute_id, `order`, system) VALUES (13, 22, 125, 13, true);
INSERT INTO instance_attribute (instance_attribute_id, collection_id, attribute_id, `order`, system) VALUES (14, 23, 135, 14, true);
INSERT INTO instance_attribute (instance_attribute_id, collection_id, attribute_id, `order`, system) VALUES (15, 24, 140, 15, true);
INSERT INTO instance_attribute (instance_attribute_id, collection_id, attribute_id, `order`, system) VALUES (16, 25, 144, 16, true);
INSERT INTO instance_attribute (instance_attribute_id, collection_id, attribute_id, `order`, system) VALUES (17, 26, 153, 17, true);
INSERT INTO instance_attribute (instance_attribute_id, collection_id, attribute_id, `order`, system) VALUES (18, 27, 161, 18, true);
INSERT INTO instance_attribute (instance_attribute_id, collection_id, attribute_id, `order`, system) VALUES (19, 27, 162, 19, true);
INSERT INTO instance_attribute (instance_attribute_id, collection_id, attribute_id, `order`, system) VALUES (20, 28, 165, 20, true);
INSERT INTO instance_attribute (instance_attribute_id, collection_id, attribute_id, `order`, system) VALUES (21, 29, 176, 21, true);
INSERT INTO instance_attribute (instance_attribute_id, collection_id, attribute_id, `order`, system) VALUES (22, 32, 197, 22, true);
INSERT INTO instance_attribute (instance_attribute_id, collection_id, attribute_id, `order`, system) VALUES (23, 34, 215, 23, true);

# primary_attribute
INSERT INTO primary_attribute (primary_attribute_id, collection_id, attribute_id, system) VALUES (1, 1, 1, true);
INSERT INTO primary_attribute (primary_attribute_id, collection_id, attribute_id, system) VALUES (2, 2, 6, true);
INSERT INTO primary_attribute (primary_attribute_id, collection_id, attribute_id, system) VALUES (3, 3, 10, true);
INSERT INTO primary_attribute (primary_attribute_id, collection_id, attribute_id, system) VALUES (4, 4, 14, true);
INSERT INTO primary_attribute (primary_attribute_id, collection_id, attribute_id, system) VALUES (5, 5, 18, true);
INSERT INTO primary_attribute (primary_attribute_id, collection_id, attribute_id, system) VALUES (6, 6, 22, true);
INSERT INTO primary_attribute (primary_attribute_id, collection_id, attribute_id, system) VALUES (7, 7, 32, true);
INSERT INTO primary_attribute (primary_attribute_id, collection_id, attribute_id, system) VALUES (8, 8, 37, true);
INSERT INTO primary_attribute (primary_attribute_id, collection_id, attribute_id, system) VALUES (9, 9, 41, true);
INSERT INTO primary_attribute (primary_attribute_id, collection_id, attribute_id, system) VALUES (10, 10, 47, true);
INSERT INTO primary_attribute (primary_attribute_id, collection_id, attribute_id, system) VALUES (11, 11, 58, true);
INSERT INTO primary_attribute (primary_attribute_id, collection_id, attribute_id, system) VALUES (12, 12, 62, true);
INSERT INTO primary_attribute (primary_attribute_id, collection_id, attribute_id, system) VALUES (13, 13, 65, true);
INSERT INTO primary_attribute (primary_attribute_id, collection_id, attribute_id, system) VALUES (14, 14, 66, true);
INSERT INTO primary_attribute (primary_attribute_id, collection_id, attribute_id, system) VALUES (15, 15, 76, true);
INSERT INTO primary_attribute (primary_attribute_id, collection_id, attribute_id, system) VALUES (16, 16, 87, true);
INSERT INTO primary_attribute (primary_attribute_id, collection_id, attribute_id, system) VALUES (17, 17, 94, true);
INSERT INTO primary_attribute (primary_attribute_id, collection_id, attribute_id, system) VALUES (18, 18, 103, true);
INSERT INTO primary_attribute (primary_attribute_id, collection_id, attribute_id, system) VALUES (19, 19, 109, true);
INSERT INTO primary_attribute (primary_attribute_id, collection_id, attribute_id, system) VALUES (20, 20, 113, true);
INSERT INTO primary_attribute (primary_attribute_id, collection_id, attribute_id, system) VALUES (21, 21, 118, true);
INSERT INTO primary_attribute (primary_attribute_id, collection_id, attribute_id, system) VALUES (22, 22, 124, true);
INSERT INTO primary_attribute (primary_attribute_id, collection_id, attribute_id, system) VALUES (23, 23, 133, true);
INSERT INTO primary_attribute (primary_attribute_id, collection_id, attribute_id, system) VALUES (24, 24, 139, true);
INSERT INTO primary_attribute (primary_attribute_id, collection_id, attribute_id, system) VALUES (25, 25, 143, true);
INSERT INTO primary_attribute (primary_attribute_id, collection_id, attribute_id, system) VALUES (26, 26, 151, true);
INSERT INTO primary_attribute (primary_attribute_id, collection_id, attribute_id, system) VALUES (27, 27, 159, true);
INSERT INTO primary_attribute (primary_attribute_id, collection_id, attribute_id, system) VALUES (28, 28, 164, true);
INSERT INTO primary_attribute (primary_attribute_id, collection_id, attribute_id, system) VALUES (29, 29, 173, true);
INSERT INTO primary_attribute (primary_attribute_id, collection_id, attribute_id, system) VALUES (30, 30, 187, true);
INSERT INTO primary_attribute (primary_attribute_id, collection_id, attribute_id, system) VALUES (31, 31, 191, true);
INSERT INTO primary_attribute (primary_attribute_id, collection_id, attribute_id, system) VALUES (32, 32, 195, true);
INSERT INTO primary_attribute (primary_attribute_id, collection_id, attribute_id, system) VALUES (33, 33, 207, true);
INSERT INTO primary_attribute (primary_attribute_id, collection_id, attribute_id, system) VALUES (34, 34, 212, true);
INSERT INTO primary_attribute (primary_attribute_id, collection_id, attribute_id, system) VALUES (35, 35, 220, true);
INSERT INTO primary_attribute (primary_attribute_id, collection_id, attribute_id, system) VALUES (36, 36, 226, true);
INSERT INTO primary_attribute (primary_attribute_id, collection_id, attribute_id, system) VALUES (37, 37, 232, true);
INSERT INTO primary_attribute (primary_attribute_id, collection_id, attribute_id, system) VALUES (38, 38, 238, true);
INSERT INTO primary_attribute (primary_attribute_id, collection_id, attribute_id, system) VALUES (39, 39, 244, true);
INSERT INTO primary_attribute (primary_attribute_id, collection_id, attribute_id, system) VALUES (40, 40, 250, true);
INSERT INTO primary_attribute (primary_attribute_id, collection_id, attribute_id, system) VALUES (41, 41, 256, true);
INSERT INTO primary_attribute (primary_attribute_id, collection_id, attribute_id, system) VALUES (42, 42, 262, true);
INSERT INTO primary_attribute (primary_attribute_id, collection_id, attribute_id, system) VALUES (43, 43, 268, true);
INSERT INTO primary_attribute (primary_attribute_id, collection_id, attribute_id, system) VALUES (44, 44, 274, true);

# index_attribute table
INSERT INTO index_attribute (index_attribute_id, collection_id, attribute_id, name, type, system) VALUES (1, 1, 5, 'index__collection__mutable', 'KEY', true);
INSERT INTO index_attribute (index_attribute_id, collection_id, attribute_id, name, type, system) VALUES (2, 1, 4, 'index__collection__system', 'KEY', true);
INSERT INTO index_attribute (index_attribute_id, collection_id, attribute_id, name, type, system) VALUES (3, 1, 3, 'index__collection__locked', 'KEY', true);
INSERT INTO index_attribute (index_attribute_id, collection_id, attribute_id, name, type, system) VALUES (4, 1, 2, 'unique__collection__name', 'UNIQUE KEY', true);
INSERT INTO index_attribute (index_attribute_id, collection_id, attribute_id, name, type, system) VALUES (5, 2, 9, 'index__view__system', 'KEY', true);
INSERT INTO index_attribute (index_attribute_id, collection_id, attribute_id, name, type, system) VALUES (6, 2, 7, 'unique__view__name', 'UNIQUE KEY', true);
INSERT INTO index_attribute (index_attribute_id, collection_id, attribute_id, name, type, system) VALUES (7, 3, 13, 'index__function__system', 'KEY', true);
INSERT INTO index_attribute (index_attribute_id, collection_id, attribute_id, name, type, system) VALUES (8, 3, 11, 'unique__function__name', 'UNIQUE KEY', true);
INSERT INTO index_attribute (index_attribute_id, collection_id, attribute_id, name, type, system) VALUES (9, 4, 17, 'index__procedure__system', 'KEY', true);
INSERT INTO index_attribute (index_attribute_id, collection_id, attribute_id, name, type, system) VALUES (10, 4, 15, 'unique__procedure__name', 'UNIQUE KEY', true);
INSERT INTO index_attribute (index_attribute_id, collection_id, attribute_id, name, type, system) VALUES (11, 5, 21, 'index__trigger__system', 'KEY', true);
INSERT INTO index_attribute (index_attribute_id, collection_id, attribute_id, name, type, system) VALUES (12, 5, 19, 'unique__trigger__name', 'UNIQUE KEY', true);
INSERT INTO index_attribute (index_attribute_id, collection_id, attribute_id, name, type, system) VALUES (13, 6, 31, 'index__attribute__system', 'KEY', true);
INSERT INTO index_attribute (index_attribute_id, collection_id, attribute_id, name, type, system) VALUES (14, 6, 25, 'index__attribute__type', 'KEY', true);
INSERT INTO index_attribute (index_attribute_id, collection_id, attribute_id, name, type, system) VALUES (15, 6, 28, 'index__attribute__order', 'KEY', true);
INSERT INTO index_attribute (index_attribute_id, collection_id, attribute_id, name, type, system) VALUES (16, 6, 30, 'index__attribute__eav', 'KEY', true);
INSERT INTO index_attribute (index_attribute_id, collection_id, attribute_id, name, type, system) VALUES (17, 6, 24, 'unique__attribute__name__collection_id', 'UNIQUE KEY', true);
INSERT INTO index_attribute (index_attribute_id, collection_id, attribute_id, name, type, system) VALUES (18, 6, 23, 'unique__attribute__name__collection_id', 'UNIQUE KEY', true);
INSERT INTO index_attribute (index_attribute_id, collection_id, attribute_id, name, type, system) VALUES (19, 7, 35, 'index__instance_attribute__order', 'KEY', true);
INSERT INTO index_attribute (index_attribute_id, collection_id, attribute_id, name, type, system) VALUES (20, 7, 36, 'index__instance_attribute__system', 'KEY', true);
INSERT INTO index_attribute (index_attribute_id, collection_id, attribute_id, name, type, system) VALUES (21, 7, 34, 'unique__instance_attribute__attribute_id__collection_id', 'UNIQUE KEY', true);
INSERT INTO index_attribute (index_attribute_id, collection_id, attribute_id, name, type, system) VALUES (22, 7, 33, 'unique__instance_attribute__attribute_id__collection_id', 'UNIQUE KEY', true);
INSERT INTO index_attribute (index_attribute_id, collection_id, attribute_id, name, type, system) VALUES (23, 8, 40, 'index__primary_attribute__system', 'KEY', true);
INSERT INTO index_attribute (index_attribute_id, collection_id, attribute_id, name, type, system) VALUES (24, 8, 38, 'unique__primary_attribute__collection_id__attribute_id', 'UNIQUE KEY', true);
INSERT INTO index_attribute (index_attribute_id, collection_id, attribute_id, name, type, system) VALUES (25, 8, 39, 'unique__primary_attribute__collection_id__attribute_id', 'UNIQUE KEY', true);
INSERT INTO index_attribute (index_attribute_id, collection_id, attribute_id, name, type, system) VALUES (26, 9, 46, 'index__index_attribute__system', 'KEY', true);
INSERT INTO index_attribute (index_attribute_id, collection_id, attribute_id, name, type, system) VALUES (27, 9, 42, 'unique__index_attribute__collection_id__attribute_id__type__name', 'UNIQUE KEY', true);
INSERT INTO index_attribute (index_attribute_id, collection_id, attribute_id, name, type, system) VALUES (28, 9, 43, 'unique__index_attribute__collection_id__attribute_id__type__name', 'UNIQUE KEY', true);
INSERT INTO index_attribute (index_attribute_id, collection_id, attribute_id, name, type, system) VALUES (29, 9, 45, 'unique__index_attribute__collection_id__attribute_id__type__name', 'UNIQUE KEY', true);
INSERT INTO index_attribute (index_attribute_id, collection_id, attribute_id, name, type, system) VALUES (30, 9, 44, 'unique__index_attribute__collection_id__attribute_id__type__name', 'UNIQUE KEY', true);
INSERT INTO index_attribute (index_attribute_id, collection_id, attribute_id, name, type, system) VALUES (31, 10, 51, 'index__relationship__join_type', 'KEY', true);
INSERT INTO index_attribute (index_attribute_id, collection_id, attribute_id, name, type, system) VALUES (32, 10, 55, 'index__relationship__many_join_attribute_id', 'KEY', true);
INSERT INTO index_attribute (index_attribute_id, collection_id, attribute_id, name, type, system) VALUES (33, 10, 56, 'index__relationship__many_reverse_attribute_id', 'KEY', true);
INSERT INTO index_attribute (index_attribute_id, collection_id, attribute_id, name, type, system) VALUES (34, 10, 52, 'index__relationship__join_collection_id', 'KEY', true);
INSERT INTO index_attribute (index_attribute_id, collection_id, attribute_id, name, type, system) VALUES (35, 10, 57, 'index__relationship__system', 'KEY', true);
INSERT INTO index_attribute (index_attribute_id, collection_id, attribute_id, name, type, system) VALUES (36, 10, 49, 'index__relationship__attribute_id', 'KEY', true);
INSERT INTO index_attribute (index_attribute_id, collection_id, attribute_id, name, type, system) VALUES (37, 10, 54, 'index__relationship__many_collection_id', 'KEY', true);
INSERT INTO index_attribute (index_attribute_id, collection_id, attribute_id, name, type, system) VALUES (38, 10, 53, 'index__relationship__join_attribute_id', 'KEY', true);
INSERT INTO index_attribute (index_attribute_id, collection_id, attribute_id, name, type, system) VALUES (39, 10, 48, 'unique__relationship__collection_id__name__attribute_id', 'UNIQUE KEY', true);
INSERT INTO index_attribute (index_attribute_id, collection_id, attribute_id, name, type, system) VALUES (40, 10, 50, 'unique__relationship__collection_id__name__attribute_id', 'UNIQUE KEY', true);
INSERT INTO index_attribute (index_attribute_id, collection_id, attribute_id, name, type, system) VALUES (41, 10, 49, 'unique__relationship__collection_id__name__attribute_id', 'UNIQUE KEY', true);
INSERT INTO index_attribute (index_attribute_id, collection_id, attribute_id, name, type, system) VALUES (42, 11, 60, 'index__role__system', 'KEY', true);
INSERT INTO index_attribute (index_attribute_id, collection_id, attribute_id, name, type, system) VALUES (43, 11, 61, 'index__role__description', 'KEY', true);
INSERT INTO index_attribute (index_attribute_id, collection_id, attribute_id, name, type, system) VALUES (44, 11, 59, 'unique__role__name', 'UNIQUE KEY', true);
INSERT INTO index_attribute (index_attribute_id, collection_id, attribute_id, name, type, system) VALUES (45, 12, 64, 'index__security_instantiation__system', 'KEY', true);
INSERT INTO index_attribute (index_attribute_id, collection_id, attribute_id, name, type, system) VALUES (46, 12, 63, 'unique__security_instantiation__java_class', 'UNIQUE KEY', true);
INSERT INTO index_attribute (index_attribute_id, collection_id, attribute_id, name, type, system) VALUES (47, 14, 69, 'index__user__full_name', 'KEY', true);
INSERT INTO index_attribute (index_attribute_id, collection_id, attribute_id, name, type, system) VALUES (48, 14, 70, 'index__user__role_id', 'KEY', true);
INSERT INTO index_attribute (index_attribute_id, collection_id, attribute_id, name, type, system) VALUES (49, 14, 75, 'index__user__status', 'KEY', true);
INSERT INTO index_attribute (index_attribute_id, collection_id, attribute_id, name, type, system) VALUES (50, 14, 73, 'index__user__account_non_locked', 'KEY', true);
INSERT INTO index_attribute (index_attribute_id, collection_id, attribute_id, name, type, system) VALUES (51, 14, 71, 'index__user__system', 'KEY', true);
INSERT INTO index_attribute (index_attribute_id, collection_id, attribute_id, name, type, system) VALUES (52, 14, 72, 'index__user__account_non_expired', 'KEY', true);
INSERT INTO index_attribute (index_attribute_id, collection_id, attribute_id, name, type, system) VALUES (53, 14, 74, 'index__user__credentials_non_expired', 'KEY', true);
INSERT INTO index_attribute (index_attribute_id, collection_id, attribute_id, name, type, system) VALUES (54, 14, 68, 'index__user__password', 'KEY', true);
INSERT INTO index_attribute (index_attribute_id, collection_id, attribute_id, name, type, system) VALUES (55, 14, 67, 'unique__user__login', 'UNIQUE KEY', true);
INSERT INTO index_attribute (index_attribute_id, collection_id, attribute_id, name, type, system) VALUES (56, 15, 79, 'index__job__consume', 'KEY', true);
INSERT INTO index_attribute (index_attribute_id, collection_id, attribute_id, name, type, system) VALUES (57, 15, 86, 'index__job__system', 'KEY', true);
INSERT INTO index_attribute (index_attribute_id, collection_id, attribute_id, name, type, system) VALUES (58, 15, 84, 'index__job__security', 'KEY', true);
INSERT INTO index_attribute (index_attribute_id, collection_id, attribute_id, name, type, system) VALUES (59, 15, 82, 'index__job__error_class', 'KEY', true);
INSERT INTO index_attribute (index_attribute_id, collection_id, attribute_id, name, type, system) VALUES (60, 15, 85, 'index__job__date_created', 'KEY', true);
INSERT INTO index_attribute (index_attribute_id, collection_id, attribute_id, name, type, system) VALUES (61, 15, 83, 'index__job__date_last_executed', 'KEY', true);
INSERT INTO index_attribute (index_attribute_id, collection_id, attribute_id, name, type, system) VALUES (62, 15, 78, 'index__job__cron', 'KEY', true);
INSERT INTO index_attribute (index_attribute_id, collection_id, attribute_id, name, type, system) VALUES (63, 15, 81, 'index__job__error_message', 'KEY', true);
INSERT INTO index_attribute (index_attribute_id, collection_id, attribute_id, name, type, system) VALUES (64, 15, 77, 'unique__job__name', 'UNIQUE KEY', true);
INSERT INTO index_attribute (index_attribute_id, collection_id, attribute_id, name, type, system) VALUES (65, 16, 93, 'index__socket__system', 'KEY', true);
INSERT INTO index_attribute (index_attribute_id, collection_id, attribute_id, name, type, system) VALUES (66, 16, 88, 'index__socket__user_id', 'KEY', true);
INSERT INTO index_attribute (index_attribute_id, collection_id, attribute_id, name, type, system) VALUES (67, 16, 92, 'index__socket__page_key', 'KEY', true);
INSERT INTO index_attribute (index_attribute_id, collection_id, attribute_id, name, type, system) VALUES (68, 16, 89, 'index__socket__session_id', 'KEY', true);
INSERT INTO index_attribute (index_attribute_id, collection_id, attribute_id, name, type, system) VALUES (69, 16, 91, 'index__socket__resource_name', 'KEY', true);
INSERT INTO index_attribute (index_attribute_id, collection_id, attribute_id, name, type, system) VALUES (70, 16, 90, 'index__socket__date_created', 'KEY', true);
INSERT INTO index_attribute (index_attribute_id, collection_id, attribute_id, name, type, system) VALUES (71, 17, 102, 'index__file__system', 'KEY', true);
INSERT INTO index_attribute (index_attribute_id, collection_id, attribute_id, name, type, system) VALUES (72, 17, 95, 'index__file__name', 'KEY', true);
INSERT INTO index_attribute (index_attribute_id, collection_id, attribute_id, name, type, system) VALUES (73, 17, 96, 'index__file__label', 'KEY', true);
INSERT INTO index_attribute (index_attribute_id, collection_id, attribute_id, name, type, system) VALUES (74, 17, 97, 'index__file__path', 'KEY', true);
INSERT INTO index_attribute (index_attribute_id, collection_id, attribute_id, name, type, system) VALUES (75, 17, 98, 'index__file__mime', 'KEY', true);
INSERT INTO index_attribute (index_attribute_id, collection_id, attribute_id, name, type, system) VALUES (76, 17, 100, 'index__file__length', 'KEY', true);
INSERT INTO index_attribute (index_attribute_id, collection_id, attribute_id, name, type, system) VALUES (77, 17, 101, 'index__file__date_created', 'KEY', true);
INSERT INTO index_attribute (index_attribute_id, collection_id, attribute_id, name, type, system) VALUES (78, 17, 99, 'index__file__extension', 'KEY', true);
INSERT INTO index_attribute (index_attribute_id, collection_id, attribute_id, name, type, system) VALUES (79, 18, 106, 'index__enum__format', 'KEY', true);
INSERT INTO index_attribute (index_attribute_id, collection_id, attribute_id, name, type, system) VALUES (80, 18, 107, 'index__enum__description', 'KEY', true);
INSERT INTO index_attribute (index_attribute_id, collection_id, attribute_id, name, type, system) VALUES (81, 18, 108, 'index__enum__system', 'KEY', true);
INSERT INTO index_attribute (index_attribute_id, collection_id, attribute_id, name, type, system) VALUES (82, 18, 105, 'index__enum__type', 'KEY', true);
INSERT INTO index_attribute (index_attribute_id, collection_id, attribute_id, name, type, system) VALUES (83, 18, 104, 'unique__enum__name', 'UNIQUE KEY', true);
INSERT INTO index_attribute (index_attribute_id, collection_id, attribute_id, name, type, system) VALUES (84, 19, 112, 'index__enum_item__system', 'KEY', true);
INSERT INTO index_attribute (index_attribute_id, collection_id, attribute_id, name, type, system) VALUES (85, 19, 110, 'unique__enum_item__enum_id__value', 'UNIQUE KEY', true);
INSERT INTO index_attribute (index_attribute_id, collection_id, attribute_id, name, type, system) VALUES (86, 19, 111, 'unique__enum_item__enum_id__value', 'UNIQUE KEY', true);
INSERT INTO index_attribute (index_attribute_id, collection_id, attribute_id, name, type, system) VALUES (87, 20, 117, 'index__setting__system', 'KEY', true);
INSERT INTO index_attribute (index_attribute_id, collection_id, attribute_id, name, type, system) VALUES (88, 20, 115, 'index__setting__description', 'KEY', true);
INSERT INTO index_attribute (index_attribute_id, collection_id, attribute_id, name, type, system) VALUES (89, 20, 116, 'index__setting__value', 'KEY', true);
INSERT INTO index_attribute (index_attribute_id, collection_id, attribute_id, name, type, system) VALUES (90, 20, 114, 'index__setting__name', 'UNIQUE KEY', true);
INSERT INTO index_attribute (index_attribute_id, collection_id, attribute_id, name, type, system) VALUES (91, 21, 120, 'index__localization__page', 'KEY', true);
INSERT INTO index_attribute (index_attribute_id, collection_id, attribute_id, name, type, system) VALUES (92, 21, 121, 'index__localization__language', 'KEY', true);
INSERT INTO index_attribute (index_attribute_id, collection_id, attribute_id, name, type, system) VALUES (93, 21, 122, 'index__localization__label', 'KEY', true);
INSERT INTO index_attribute (index_attribute_id, collection_id, attribute_id, name, type, system) VALUES (94, 21, 119, 'index__localization__key', 'KEY', true);
INSERT INTO index_attribute (index_attribute_id, collection_id, attribute_id, name, type, system) VALUES (95, 21, 123, 'index__localization__system', 'KEY', true);
INSERT INTO index_attribute (index_attribute_id, collection_id, attribute_id, name, type, system) VALUES (96, 21, 119, 'index__localization__key__page__language', 'UNIQUE KEY', true);
INSERT INTO index_attribute (index_attribute_id, collection_id, attribute_id, name, type, system) VALUES (97, 21, 120, 'index__localization__key__page__language', 'UNIQUE KEY', true);
INSERT INTO index_attribute (index_attribute_id, collection_id, attribute_id, name, type, system) VALUES (98, 21, 121, 'index__localization__key__page__language', 'UNIQUE KEY', true);
INSERT INTO index_attribute (index_attribute_id, collection_id, attribute_id, name, type, system) VALUES (99, 22, 129, 'index__query__return_sub_type', 'KEY', true);
INSERT INTO index_attribute (index_attribute_id, collection_id, attribute_id, name, type, system) VALUES (100, 22, 131, 'index__query__security', 'KEY', true);
INSERT INTO index_attribute (index_attribute_id, collection_id, attribute_id, name, type, system) VALUES (101, 22, 130, 'index__query__date_created', 'KEY', true);
INSERT INTO index_attribute (index_attribute_id, collection_id, attribute_id, name, type, system) VALUES (102, 22, 126, 'index__query__description', 'KEY', true);
INSERT INTO index_attribute (index_attribute_id, collection_id, attribute_id, name, type, system) VALUES (103, 22, 132, 'index__query__system', 'KEY', true);
INSERT INTO index_attribute (index_attribute_id, collection_id, attribute_id, name, type, system) VALUES (104, 22, 128, 'index__query__return_type', 'KEY', true);
INSERT INTO index_attribute (index_attribute_id, collection_id, attribute_id, name, type, system) VALUES (105, 22, 125, 'unique__query__name', 'UNIQUE KEY', true);
INSERT INTO index_attribute (index_attribute_id, collection_id, attribute_id, name, type, system) VALUES (106, 23, 134, 'index__query_parameter__query_id', 'KEY', true);
INSERT INTO index_attribute (index_attribute_id, collection_id, attribute_id, name, type, system) VALUES (107, 23, 138, 'index__query_parameter__system', 'KEY', true);
INSERT INTO index_attribute (index_attribute_id, collection_id, attribute_id, name, type, system) VALUES (108, 23, 135, 'index__query_parameter__name', 'KEY', true);
INSERT INTO index_attribute (index_attribute_id, collection_id, attribute_id, name, type, system) VALUES (109, 23, 136, 'index__query_parameter__type', 'KEY', true);
INSERT INTO index_attribute (index_attribute_id, collection_id, attribute_id, name, type, system) VALUES (110, 23, 137, 'index__query_parameter__sub_type', 'KEY', true);
INSERT INTO index_attribute (index_attribute_id, collection_id, attribute_id, name, type, system) VALUES (111, 23, 135, 'unique__query_parameter__name__query_id', 'UNIQUE KEY', true);
INSERT INTO index_attribute (index_attribute_id, collection_id, attribute_id, name, type, system) VALUES (112, 23, 134, 'unique__query_parameter__name__query_id', 'UNIQUE KEY', true);
INSERT INTO index_attribute (index_attribute_id, collection_id, attribute_id, name, type, system) VALUES (113, 24, 141, 'index__section__system', 'KEY', true);
INSERT INTO index_attribute (index_attribute_id, collection_id, attribute_id, name, type, system) VALUES (114, 24, 142, 'index__section__order', 'KEY', true);
INSERT INTO index_attribute (index_attribute_id, collection_id, attribute_id, name, type, system) VALUES (115, 24, 140, 'unique__section__title', 'UNIQUE KEY', true);
INSERT INTO index_attribute (index_attribute_id, collection_id, attribute_id, name, type, system) VALUES (116, 25, 150, 'index__menu__order', 'KEY', true);
INSERT INTO index_attribute (index_attribute_id, collection_id, attribute_id, name, type, system) VALUES (117, 25, 145, 'index__menu__path', 'KEY', true);
INSERT INTO index_attribute (index_attribute_id, collection_id, attribute_id, name, type, system) VALUES (118, 25, 147, 'index__menu__icon', 'KEY', true);
INSERT INTO index_attribute (index_attribute_id, collection_id, attribute_id, name, type, system) VALUES (119, 25, 144, 'index__menu__title', 'KEY', true);
INSERT INTO index_attribute (index_attribute_id, collection_id, attribute_id, name, type, system) VALUES (120, 25, 149, 'index__menu__parent_menu_id', 'KEY', true);
INSERT INTO index_attribute (index_attribute_id, collection_id, attribute_id, name, type, system) VALUES (121, 25, 148, 'index__menu__section_id', 'KEY', true);
INSERT INTO index_attribute (index_attribute_id, collection_id, attribute_id, name, type, system) VALUES (122, 25, 146, 'index__menu__system', 'KEY', true);
INSERT INTO index_attribute (index_attribute_id, collection_id, attribute_id, name, type, system) VALUES (123, 26, 158, 'index__menu_item__section_id', 'KEY', true);
INSERT INTO index_attribute (index_attribute_id, collection_id, attribute_id, name, type, system) VALUES (124, 26, 156, 'index__menu_item__order', 'KEY', true);
INSERT INTO index_attribute (index_attribute_id, collection_id, attribute_id, name, type, system) VALUES (125, 26, 153, 'index__menu_item__title', 'KEY', true);
INSERT INTO index_attribute (index_attribute_id, collection_id, attribute_id, name, type, system) VALUES (126, 26, 155, 'index__menu_item__icon', 'KEY', true);
INSERT INTO index_attribute (index_attribute_id, collection_id, attribute_id, name, type, system) VALUES (127, 26, 154, 'index__menu_item__system', 'KEY', true);
INSERT INTO index_attribute (index_attribute_id, collection_id, attribute_id, name, type, system) VALUES (128, 26, 152, 'index__menu_item__menu_id', 'KEY', true);
INSERT INTO index_attribute (index_attribute_id, collection_id, attribute_id, name, type, system) VALUES (129, 26, 157, 'unique__menu_item__page_id', 'UNIQUE KEY', true);
INSERT INTO index_attribute (index_attribute_id, collection_id, attribute_id, name, type, system) VALUES (130, 27, 163, 'index__menu_item_parameter__system', 'KEY', true);
INSERT INTO index_attribute (index_attribute_id, collection_id, attribute_id, name, type, system) VALUES (131, 27, 162, 'unique__menu_item_parameter__value__name__menu_item_id', 'UNIQUE KEY', true);
INSERT INTO index_attribute (index_attribute_id, collection_id, attribute_id, name, type, system) VALUES (132, 27, 161, 'unique__menu_item_parameter__value__name__menu_item_id', 'UNIQUE KEY', true);
INSERT INTO index_attribute (index_attribute_id, collection_id, attribute_id, name, type, system) VALUES (133, 27, 160, 'unique__menu_item_parameter__value__name__menu_item_id', 'UNIQUE KEY', true);
INSERT INTO index_attribute (index_attribute_id, collection_id, attribute_id, name, type, system) VALUES (134, 28, 172, 'index__layout__date_modified', 'KEY', true);
INSERT INTO index_attribute (index_attribute_id, collection_id, attribute_id, name, type, system) VALUES (135, 28, 171, 'index__layout__date_created', 'KEY', true);
INSERT INTO index_attribute (index_attribute_id, collection_id, attribute_id, name, type, system) VALUES (136, 28, 166, 'index__layout__description', 'KEY', true);
INSERT INTO index_attribute (index_attribute_id, collection_id, attribute_id, name, type, system) VALUES (137, 28, 167, 'index__layout__system', 'KEY', true);
INSERT INTO index_attribute (index_attribute_id, collection_id, attribute_id, name, type, system) VALUES (138, 28, 170, 'index__layout__modified', 'KEY', true);
INSERT INTO index_attribute (index_attribute_id, collection_id, attribute_id, name, type, system) VALUES (139, 28, 165, 'unique__layout__title', 'UNIQUE KEY', true);
INSERT INTO index_attribute (index_attribute_id, collection_id, attribute_id, name, type, system) VALUES (140, 28, 168, 'unique__layout__groovy_id', 'UNIQUE KEY', true);
INSERT INTO index_attribute (index_attribute_id, collection_id, attribute_id, name, type, system) VALUES (141, 29, 184, 'index__page__date_created', 'KEY', true);
INSERT INTO index_attribute (index_attribute_id, collection_id, attribute_id, name, type, system) VALUES (142, 29, 183, 'index__page__modified', 'KEY', true);
INSERT INTO index_attribute (index_attribute_id, collection_id, attribute_id, name, type, system) VALUES (143, 29, 180, 'index__page__groovy_id', 'KEY', true);
INSERT INTO index_attribute (index_attribute_id, collection_id, attribute_id, name, type, system) VALUES (144, 29, 176, 'index__page__title', 'KEY', true);
INSERT INTO index_attribute (index_attribute_id, collection_id, attribute_id, name, type, system) VALUES (145, 29, 174, 'index__page__layout_id', 'KEY', true);
INSERT INTO index_attribute (index_attribute_id, collection_id, attribute_id, name, type, system) VALUES (146, 29, 185, 'index__page__date_modified', 'KEY', true);
INSERT INTO index_attribute (index_attribute_id, collection_id, attribute_id, name, type, system) VALUES (147, 29, 179, 'index__page__system', 'KEY', true);
INSERT INTO index_attribute (index_attribute_id, collection_id, attribute_id, name, type, system) VALUES (148, 29, 178, 'index__page__description', 'KEY', true);
INSERT INTO index_attribute (index_attribute_id, collection_id, attribute_id, name, type, system) VALUES (149, 29, 182, 'index__page__html_crc32', 'KEY', true);
INSERT INTO index_attribute (index_attribute_id, collection_id, attribute_id, name, type, system) VALUES (150, 29, 175, 'unique__page__code', 'UNIQUE KEY', true);
INSERT INTO index_attribute (index_attribute_id, collection_id, attribute_id, name, type, system) VALUES (151, 29, 177, 'unique__page__path', 'UNIQUE KEY', true);
INSERT INTO index_attribute (index_attribute_id, collection_id, attribute_id, name, type, system) VALUES (152, 30, 190, 'unique__page_role__system', 'KEY', true);
INSERT INTO index_attribute (index_attribute_id, collection_id, attribute_id, name, type, system) VALUES (153, 30, 188, 'unique__page_role__page_id__role_id', 'UNIQUE KEY', true);
INSERT INTO index_attribute (index_attribute_id, collection_id, attribute_id, name, type, system) VALUES (154, 30, 189, 'unique__page_role__page_id__role_id', 'UNIQUE KEY', true);
INSERT INTO index_attribute (index_attribute_id, collection_id, attribute_id, name, type, system) VALUES (155, 31, 194, 'unique__rest_role__system', 'KEY', true);
INSERT INTO index_attribute (index_attribute_id, collection_id, attribute_id, name, type, system) VALUES (156, 31, 192, 'unique__rest_role__rest_id__role_id', 'UNIQUE KEY', true);
INSERT INTO index_attribute (index_attribute_id, collection_id, attribute_id, name, type, system) VALUES (157, 31, 193, 'unique__rest_role__rest_id__role_id', 'UNIQUE KEY', true);
INSERT INTO index_attribute (index_attribute_id, collection_id, attribute_id, name, type, system) VALUES (158, 32, 197, 'index__block__title', 'KEY', true);
INSERT INTO index_attribute (index_attribute_id, collection_id, attribute_id, name, type, system) VALUES (159, 32, 198, 'index__block__description', 'KEY', true);
INSERT INTO index_attribute (index_attribute_id, collection_id, attribute_id, name, type, system) VALUES (160, 32, 205, 'index__block__date_modified', 'KEY', true);
INSERT INTO index_attribute (index_attribute_id, collection_id, attribute_id, name, type, system) VALUES (161, 32, 206, 'index__block__system', 'KEY', true);
INSERT INTO index_attribute (index_attribute_id, collection_id, attribute_id, name, type, system) VALUES (162, 32, 204, 'index__block__date_created', 'KEY', true);
INSERT INTO index_attribute (index_attribute_id, collection_id, attribute_id, name, type, system) VALUES (163, 32, 203, 'index__block__modified', 'KEY', true);
INSERT INTO index_attribute (index_attribute_id, collection_id, attribute_id, name, type, system) VALUES (164, 32, 196, 'unique__block__code', 'UNIQUE KEY', true);
INSERT INTO index_attribute (index_attribute_id, collection_id, attribute_id, name, type, system) VALUES (165, 33, 211, 'index__groovy__system', 'KEY', true);
INSERT INTO index_attribute (index_attribute_id, collection_id, attribute_id, name, type, system) VALUES (166, 33, 210, 'index__groovy__script_crc32', 'KEY', true);
INSERT INTO index_attribute (index_attribute_id, collection_id, attribute_id, name, type, system) VALUES (167, 33, 208, 'unique__groovy__java_class', 'UNIQUE KEY', true);
INSERT INTO index_attribute (index_attribute_id, collection_id, attribute_id, name, type, system) VALUES (168, 34, 216, 'index__rest__description', 'KEY', true);
INSERT INTO index_attribute (index_attribute_id, collection_id, attribute_id, name, type, system) VALUES (169, 34, 219, 'index__rest__system', 'KEY', true);
INSERT INTO index_attribute (index_attribute_id, collection_id, attribute_id, name, type, system) VALUES (170, 34, 217, 'index__rest__groovy_id', 'KEY', true);
INSERT INTO index_attribute (index_attribute_id, collection_id, attribute_id, name, type, system) VALUES (171, 34, 218, 'index__rest__security', 'KEY', true);
INSERT INTO index_attribute (index_attribute_id, collection_id, attribute_id, name, type, system) VALUES (172, 34, 215, 'index__rest__name', 'KEY', true);
INSERT INTO index_attribute (index_attribute_id, collection_id, attribute_id, name, type, system) VALUES (173, 34, 214, 'unique__rest__path__method', 'UNIQUE KEY', true);
INSERT INTO index_attribute (index_attribute_id, collection_id, attribute_id, name, type, system) VALUES (174, 34, 213, 'unique__rest__path__method', 'UNIQUE KEY', true);
INSERT INTO index_attribute (index_attribute_id, collection_id, attribute_id, name, type, system) VALUES (175, 35, 221, 'index__eav_decimal__collection_id', 'KEY', true);
INSERT INTO index_attribute (index_attribute_id, collection_id, attribute_id, name, type, system) VALUES (176, 35, 225, 'index__eav_decimal__eav_value', 'KEY', true);
INSERT INTO index_attribute (index_attribute_id, collection_id, attribute_id, name, type, system) VALUES (177, 35, 223, 'index__eav_decimal__document_id', 'KEY', true);
INSERT INTO index_attribute (index_attribute_id, collection_id, attribute_id, name, type, system) VALUES (178, 35, 222, 'index__eav_decimal__attribute_id', 'KEY', true);
INSERT INTO index_attribute (index_attribute_id, collection_id, attribute_id, name, type, system) VALUES (179, 35, 224, 'index__eav_decimal__attribute_type', 'KEY', true);
INSERT INTO index_attribute (index_attribute_id, collection_id, attribute_id, name, type, system) VALUES (180, 35, 221, 'unique__eav_decimal__collection_id__attribute_id__document_id', 'UNIQUE KEY', true);
INSERT INTO index_attribute (index_attribute_id, collection_id, attribute_id, name, type, system) VALUES (181, 35, 222, 'unique__eav_decimal__collection_id__attribute_id__document_id', 'UNIQUE KEY', true);
INSERT INTO index_attribute (index_attribute_id, collection_id, attribute_id, name, type, system) VALUES (182, 35, 223, 'unique__eav_decimal__collection_id__attribute_id__document_id', 'UNIQUE KEY', true);
INSERT INTO index_attribute (index_attribute_id, collection_id, attribute_id, name, type, system) VALUES (183, 36, 227, 'index__eav_integer__collection_id', 'KEY', true);
INSERT INTO index_attribute (index_attribute_id, collection_id, attribute_id, name, type, system) VALUES (184, 36, 229, 'index__eav_integer__document_id', 'KEY', true);
INSERT INTO index_attribute (index_attribute_id, collection_id, attribute_id, name, type, system) VALUES (185, 36, 231, 'index__eav_integer__eav_value', 'KEY', true);
INSERT INTO index_attribute (index_attribute_id, collection_id, attribute_id, name, type, system) VALUES (186, 36, 230, 'index__eav_integer__attribute_type', 'KEY', true);
INSERT INTO index_attribute (index_attribute_id, collection_id, attribute_id, name, type, system) VALUES (187, 36, 228, 'index__eav_integer__attribute_id', 'KEY', true);
INSERT INTO index_attribute (index_attribute_id, collection_id, attribute_id, name, type, system) VALUES (188, 36, 227, 'unique__eav_integer__collection_id__attribute_id__document_id', 'UNIQUE KEY', true);
INSERT INTO index_attribute (index_attribute_id, collection_id, attribute_id, name, type, system) VALUES (189, 36, 228, 'unique__eav_integer__collection_id__attribute_id__document_id', 'UNIQUE KEY', true);
INSERT INTO index_attribute (index_attribute_id, collection_id, attribute_id, name, type, system) VALUES (190, 36, 229, 'unique__eav_integer__collection_id__attribute_id__document_id', 'UNIQUE KEY', true);
INSERT INTO index_attribute (index_attribute_id, collection_id, attribute_id, name, type, system) VALUES (191, 37, 235, 'index__eav_text__document_id', 'KEY', true);
INSERT INTO index_attribute (index_attribute_id, collection_id, attribute_id, name, type, system) VALUES (192, 37, 236, 'index__eav_text__attribute_type', 'KEY', true);
INSERT INTO index_attribute (index_attribute_id, collection_id, attribute_id, name, type, system) VALUES (193, 37, 234, 'index__eav_text__attribute_id', 'KEY', true);
INSERT INTO index_attribute (index_attribute_id, collection_id, attribute_id, name, type, system) VALUES (194, 37, 233, 'index__eav_text__collection_id', 'KEY', true);
INSERT INTO index_attribute (index_attribute_id, collection_id, attribute_id, name, type, system) VALUES (195, 37, 233, 'unique__eav_text__collection_id__attribute_id__document_id', 'UNIQUE KEY', true);
INSERT INTO index_attribute (index_attribute_id, collection_id, attribute_id, name, type, system) VALUES (196, 37, 234, 'unique__eav_text__collection_id__attribute_id__document_id', 'UNIQUE KEY', true);
INSERT INTO index_attribute (index_attribute_id, collection_id, attribute_id, name, type, system) VALUES (197, 37, 235, 'unique__eav_text__collection_id__attribute_id__document_id', 'UNIQUE KEY', true);
INSERT INTO index_attribute (index_attribute_id, collection_id, attribute_id, name, type, system) VALUES (198, 37, 237, 'fulltext__eav_text__eav_value', 'FULLTEXT KEY', true);
INSERT INTO index_attribute (index_attribute_id, collection_id, attribute_id, name, type, system) VALUES (199, 38, 242, 'index__eav_varchar__attribute_type', 'KEY', true);
INSERT INTO index_attribute (index_attribute_id, collection_id, attribute_id, name, type, system) VALUES (200, 38, 239, 'index__eav_varchar__collection_id', 'KEY', true);
INSERT INTO index_attribute (index_attribute_id, collection_id, attribute_id, name, type, system) VALUES (201, 38, 240, 'index__eav_varchar__attribute_id', 'KEY', true);
INSERT INTO index_attribute (index_attribute_id, collection_id, attribute_id, name, type, system) VALUES (202, 38, 241, 'index__eav_varchar__document_id', 'KEY', true);
INSERT INTO index_attribute (index_attribute_id, collection_id, attribute_id, name, type, system) VALUES (203, 38, 239, 'unique__eav_varchar__collection_id__attribute_id__document_id', 'UNIQUE KEY', true);
INSERT INTO index_attribute (index_attribute_id, collection_id, attribute_id, name, type, system) VALUES (204, 38, 240, 'unique__eav_varchar__collection_id__attribute_id__document_id', 'UNIQUE KEY', true);
INSERT INTO index_attribute (index_attribute_id, collection_id, attribute_id, name, type, system) VALUES (205, 38, 241, 'unique__eav_varchar__collection_id__attribute_id__document_id', 'UNIQUE KEY', true);
INSERT INTO index_attribute (index_attribute_id, collection_id, attribute_id, name, type, system) VALUES (206, 38, 243, 'fulltext__eav_varchar__eav_value', 'FULLTEXT KEY', true);
INSERT INTO index_attribute (index_attribute_id, collection_id, attribute_id, name, type, system) VALUES (207, 39, 245, 'index__eav_boolean__collection_id', 'KEY', true);
INSERT INTO index_attribute (index_attribute_id, collection_id, attribute_id, name, type, system) VALUES (208, 39, 246, 'index__eav_boolean__attribute_id', 'KEY', true);
INSERT INTO index_attribute (index_attribute_id, collection_id, attribute_id, name, type, system) VALUES (209, 39, 249, 'index__eav_boolean__eav_value', 'KEY', true);
INSERT INTO index_attribute (index_attribute_id, collection_id, attribute_id, name, type, system) VALUES (210, 39, 247, 'index__eav_boolean__document_id', 'KEY', true);
INSERT INTO index_attribute (index_attribute_id, collection_id, attribute_id, name, type, system) VALUES (211, 39, 248, 'index__eav_boolean__attribute_type', 'KEY', true);
INSERT INTO index_attribute (index_attribute_id, collection_id, attribute_id, name, type, system) VALUES (212, 39, 245, 'unique__eav_boolean__collection_id__attribute_id__document_id', 'UNIQUE KEY', true);
INSERT INTO index_attribute (index_attribute_id, collection_id, attribute_id, name, type, system) VALUES (213, 39, 246, 'unique__eav_boolean__collection_id__attribute_id__document_id', 'UNIQUE KEY', true);
INSERT INTO index_attribute (index_attribute_id, collection_id, attribute_id, name, type, system) VALUES (214, 39, 247, 'unique__eav_boolean__collection_id__attribute_id__document_id', 'UNIQUE KEY', true);
INSERT INTO index_attribute (index_attribute_id, collection_id, attribute_id, name, type, system) VALUES (215, 40, 252, 'index__eav_date_time__attribute_id', 'KEY', true);
INSERT INTO index_attribute (index_attribute_id, collection_id, attribute_id, name, type, system) VALUES (216, 40, 251, 'index__eav_date_time__collection_id', 'KEY', true);
INSERT INTO index_attribute (index_attribute_id, collection_id, attribute_id, name, type, system) VALUES (217, 40, 255, 'index__eav_date_time__eav_value', 'KEY', true);
INSERT INTO index_attribute (index_attribute_id, collection_id, attribute_id, name, type, system) VALUES (218, 40, 253, 'index__eav_date_time__document_id', 'KEY', true);
INSERT INTO index_attribute (index_attribute_id, collection_id, attribute_id, name, type, system) VALUES (219, 40, 254, 'index__eav_date_time__attribute_type', 'KEY', true);
INSERT INTO index_attribute (index_attribute_id, collection_id, attribute_id, name, type, system) VALUES (220, 40, 251, 'unique__eav_date_time__collection_id__attribute_id__document_id', 'UNIQUE KEY', true);
INSERT INTO index_attribute (index_attribute_id, collection_id, attribute_id, name, type, system) VALUES (221, 40, 252, 'unique__eav_date_time__collection_id__attribute_id__document_id', 'UNIQUE KEY', true);
INSERT INTO index_attribute (index_attribute_id, collection_id, attribute_id, name, type, system) VALUES (222, 40, 253, 'unique__eav_date_time__collection_id__attribute_id__document_id', 'UNIQUE KEY', true);
INSERT INTO index_attribute (index_attribute_id, collection_id, attribute_id, name, type, system) VALUES (223, 41, 257, 'index__eav_date__collection_id', 'KEY', true);
INSERT INTO index_attribute (index_attribute_id, collection_id, attribute_id, name, type, system) VALUES (224, 41, 258, 'index__eav_date__attribute_id', 'KEY', true);
INSERT INTO index_attribute (index_attribute_id, collection_id, attribute_id, name, type, system) VALUES (225, 41, 259, 'index__eav_date__document_id', 'KEY', true);
INSERT INTO index_attribute (index_attribute_id, collection_id, attribute_id, name, type, system) VALUES (226, 41, 260, 'index__eav_date__attribute_type', 'KEY', true);
INSERT INTO index_attribute (index_attribute_id, collection_id, attribute_id, name, type, system) VALUES (227, 41, 261, 'index__eav_date__eav_value', 'KEY', true);
INSERT INTO index_attribute (index_attribute_id, collection_id, attribute_id, name, type, system) VALUES (228, 41, 257, 'unique__eav_date__collection_id__attribute_id__document_id', 'UNIQUE KEY', true);
INSERT INTO index_attribute (index_attribute_id, collection_id, attribute_id, name, type, system) VALUES (229, 41, 258, 'unique__eav_date__collection_id__attribute_id__document_id', 'UNIQUE KEY', true);
INSERT INTO index_attribute (index_attribute_id, collection_id, attribute_id, name, type, system) VALUES (230, 41, 259, 'unique__eav_date__collection_id__attribute_id__document_id', 'UNIQUE KEY', true);
INSERT INTO index_attribute (index_attribute_id, collection_id, attribute_id, name, type, system) VALUES (231, 42, 264, 'index__eav_time__attribute_id', 'KEY', true);
INSERT INTO index_attribute (index_attribute_id, collection_id, attribute_id, name, type, system) VALUES (232, 42, 267, 'index__eav_time__eav_value', 'KEY', true);
INSERT INTO index_attribute (index_attribute_id, collection_id, attribute_id, name, type, system) VALUES (233, 42, 266, 'index__eav_time__attribute_type', 'KEY', true);
INSERT INTO index_attribute (index_attribute_id, collection_id, attribute_id, name, type, system) VALUES (234, 42, 265, 'index__eav_time__document_id', 'KEY', true);
INSERT INTO index_attribute (index_attribute_id, collection_id, attribute_id, name, type, system) VALUES (235, 42, 263, 'index__eav_time__collection_id', 'KEY', true);
INSERT INTO index_attribute (index_attribute_id, collection_id, attribute_id, name, type, system) VALUES (236, 42, 263, 'unique__eav_time__collection_id__attribute_id__document_id', 'UNIQUE KEY', true);
INSERT INTO index_attribute (index_attribute_id, collection_id, attribute_id, name, type, system) VALUES (237, 42, 264, 'unique__eav_time__collection_id__attribute_id__document_id', 'UNIQUE KEY', true);
INSERT INTO index_attribute (index_attribute_id, collection_id, attribute_id, name, type, system) VALUES (238, 42, 265, 'unique__eav_time__collection_id__attribute_id__document_id', 'UNIQUE KEY', true);
INSERT INTO index_attribute (index_attribute_id, collection_id, attribute_id, name, type, system) VALUES (239, 43, 273, 'index__eav_character__eav_value', 'KEY', true);
INSERT INTO index_attribute (index_attribute_id, collection_id, attribute_id, name, type, system) VALUES (240, 43, 271, 'index__eav_character__document_id', 'KEY', true);
INSERT INTO index_attribute (index_attribute_id, collection_id, attribute_id, name, type, system) VALUES (241, 43, 272, 'index__eav_character__attribute_type', 'KEY', true);
INSERT INTO index_attribute (index_attribute_id, collection_id, attribute_id, name, type, system) VALUES (242, 43, 269, 'index__eav_character__collection_id', 'KEY', true);
INSERT INTO index_attribute (index_attribute_id, collection_id, attribute_id, name, type, system) VALUES (243, 43, 270, 'index__eav_character__attribute_id', 'KEY', true);
INSERT INTO index_attribute (index_attribute_id, collection_id, attribute_id, name, type, system) VALUES (244, 43, 269, 'unique__eav_character__collection_id__attribute_id__document_id', 'UNIQUE KEY', true);
INSERT INTO index_attribute (index_attribute_id, collection_id, attribute_id, name, type, system) VALUES (245, 43, 270, 'unique__eav_character__collection_id__attribute_id__document_id', 'UNIQUE KEY', true);
INSERT INTO index_attribute (index_attribute_id, collection_id, attribute_id, name, type, system) VALUES (246, 43, 271, 'unique__eav_character__collection_id__attribute_id__document_id', 'UNIQUE KEY', true);
INSERT INTO index_attribute (index_attribute_id, collection_id, attribute_id, name, type, system) VALUES (247, 44, 276, 'index__restore__table_name', 'KEY', true);
INSERT INTO index_attribute (index_attribute_id, collection_id, attribute_id, name, type, system) VALUES (248, 44, 277, 'index__restore__date_created', 'KEY', true);
INSERT INTO index_attribute (index_attribute_id, collection_id, attribute_id, name, type, system) VALUES (249, 44, 275, 'fulltext__restore__fields', 'FULLTEXT KEY', true);
