# collection table
INSERT INTO collection(collection_id, name, locked, system, mutable) VALUES(1, 'collection', FALSE, TRUE, TRUE);
INSERT INTO collection(collection_id, name, locked, system, mutable) VALUES(2, 'view', FALSE, TRUE, TRUE);
INSERT INTO collection(collection_id, name, locked, system, mutable) VALUES(3, 'attribute', FALSE, TRUE, TRUE);
INSERT INTO collection(collection_id, name, locked, system, mutable) VALUES(4, 'instance_attribute', FALSE, TRUE, TRUE);
INSERT INTO collection(collection_id, name, locked, system, mutable) VALUES(5, 'primary_attribute', FALSE, TRUE, TRUE);
INSERT INTO collection(collection_id, name, locked, system, mutable) VALUES(6, 'index_attribute', FALSE, TRUE, TRUE);
INSERT INTO collection(collection_id, name, locked, system, mutable) VALUES(7, 'relationship', FALSE, TRUE, TRUE);
INSERT INTO collection(collection_id, name, locked, system, mutable) VALUES(8, 'role', FALSE, TRUE, TRUE);
INSERT INTO collection(collection_id, name, locked, system, mutable) VALUES(9, 'security_instantiation', FALSE, TRUE, TRUE);
INSERT INTO collection(collection_id, name, locked, system, mutable) VALUES(10, 'security_action', FALSE, TRUE, TRUE);
INSERT INTO collection(collection_id, name, locked, system, mutable) VALUES(11, 'user', FALSE, TRUE, FALSE);
INSERT INTO collection(collection_id, name, locked, system, mutable) VALUES(12, 'job', FALSE, TRUE, TRUE);
INSERT INTO collection(collection_id, name, locked, system, mutable) VALUES(13, 'socket', FALSE, TRUE, TRUE);
INSERT INTO collection(collection_id, name, locked, system, mutable) VALUES(14, 'file', FALSE, TRUE, TRUE);
INSERT INTO collection(collection_id, name, locked, system, mutable) VALUES(15, 'enum', FALSE, TRUE, TRUE);
INSERT INTO collection(collection_id, name, locked, system, mutable) VALUES(16, 'enum_item', FALSE, TRUE, TRUE);
INSERT INTO collection(collection_id, name, locked, system, mutable) VALUES(17, 'setting', FALSE, TRUE, TRUE);
INSERT INTO collection(collection_id, name, locked, system, mutable) VALUES(18, 'localization', FALSE, TRUE, TRUE);
INSERT INTO collection(collection_id, name, locked, system, mutable) VALUES(19, 'query', FALSE, TRUE, TRUE);
INSERT INTO collection(collection_id, name, locked, system, mutable) VALUES(20, 'query_parameter', FALSE, TRUE, TRUE);
INSERT INTO collection(collection_id, name, locked, system, mutable) VALUES(21, 'section', FALSE, TRUE, TRUE);
INSERT INTO collection(collection_id, name, locked, system, mutable) VALUES(22, 'menu', FALSE, TRUE, TRUE);
INSERT INTO collection(collection_id, name, locked, system, mutable) VALUES(23, 'menu_item', FALSE, TRUE, TRUE);
INSERT INTO collection(collection_id, name, locked, system, mutable) VALUES(24, 'layout', FALSE, TRUE, TRUE);
INSERT INTO collection(collection_id, name, locked, system, mutable) VALUES(25, 'page', FALSE, TRUE, TRUE);
INSERT INTO collection(collection_id, name, locked, system, mutable) VALUES(26, 'page_role', FALSE, TRUE, TRUE);
INSERT INTO collection(collection_id, name, locked, system, mutable) VALUES(27, 'rest_role', FALSE, TRUE, TRUE);
INSERT INTO collection(collection_id, name, locked, system, mutable) VALUES(28, 'block', FALSE, TRUE, TRUE);
INSERT INTO collection(collection_id, name, locked, system, mutable) VALUES(29, 'groovy', FALSE, TRUE, TRUE);
INSERT INTO collection(collection_id, name, locked, system, mutable) VALUES(30, 'rest', FALSE, TRUE, TRUE);
INSERT INTO collection(collection_id, name, locked, system, mutable) VALUES(31, 'eav_decimal', FALSE, TRUE, TRUE);
INSERT INTO collection(collection_id, name, locked, system, mutable) VALUES(32, 'eav_integer', FALSE, TRUE, TRUE);
INSERT INTO collection(collection_id, name, locked, system, mutable) VALUES(33, 'eav_text', FALSE, TRUE, TRUE);
INSERT INTO collection(collection_id, name, locked, system, mutable) VALUES(34, 'eav_varchar', FALSE, TRUE, TRUE);
INSERT INTO collection(collection_id, name, locked, system, mutable) VALUES(35, 'eav_boolean', FALSE, TRUE, TRUE);
INSERT INTO collection(collection_id, name, locked, system, mutable) VALUES(36, 'eav_date_time', FALSE, TRUE, TRUE);
INSERT INTO collection(collection_id, name, locked, system, mutable) VALUES(37, 'eav_date', FALSE, TRUE, TRUE);
INSERT INTO collection(collection_id, name, locked, system, mutable) VALUES(38, 'eav_time', FALSE, TRUE, TRUE);
INSERT INTO collection(collection_id, name, locked, system, mutable) VALUES(39, 'eav_character', FALSE, TRUE, TRUE);
INSERT INTO collection(collection_id, name, locked, system, mutable) VALUES(40, 'restore', FALSE, TRUE, TRUE);

# attribute table
INSERT INTO attribute (attribute_id, collection_id, name, type, length, `precision`, allow_null, eav, system) VALUES (1, 1, 'collection_id', 'String', 100, NULL, FALSE, FALSE, TRUE);
INSERT INTO attribute (attribute_id, collection_id, name, type, length, `precision`, allow_null, eav, system) VALUES (2, 1, 'name', 'String', 255, NULL, FALSE, FALSE, TRUE);
INSERT INTO attribute (attribute_id, collection_id, name, type, length, `precision`, allow_null, eav, system) VALUES (5, 1, 'mutable', 'Boolean', NULL, NULL, FALSE, FALSE, TRUE);
INSERT INTO attribute (attribute_id, collection_id, name, type, length, `precision`, allow_null, eav, system) VALUES (4, 1, 'system', 'Boolean', NULL, NULL, FALSE, FALSE, TRUE);
INSERT INTO attribute (attribute_id, collection_id, name, type, length, `precision`, allow_null, eav, system) VALUES (3, 1, 'locked', 'Boolean', NULL, NULL, FALSE, FALSE, TRUE);
INSERT INTO attribute (attribute_id, collection_id, name, type, length, `precision`, allow_null, eav, system) VALUES (7, 2, 'name', 'String', 255, NULL, FALSE, FALSE, TRUE);
INSERT INTO attribute (attribute_id, collection_id, name, type, length, `precision`, allow_null, eav, system) VALUES (9, 2, 'system', 'Boolean', NULL, NULL, FALSE, FALSE, TRUE);
INSERT INTO attribute (attribute_id, collection_id, name, type, length, `precision`, allow_null, eav, system) VALUES (8, 2, 'script', 'Text', NULL, NULL, FALSE, FALSE, TRUE);
INSERT INTO attribute (attribute_id, collection_id, name, type, length, `precision`, allow_null, eav, system) VALUES (6, 2, 'view_id', 'String', 100, NULL, FALSE, FALSE, TRUE);
INSERT INTO attribute (attribute_id, collection_id, name, type, length, `precision`, allow_null, eav, system) VALUES (11, 3, 'collection_id', 'String', 100, NULL, FALSE, FALSE, TRUE);
INSERT INTO attribute (attribute_id, collection_id, name, type, length, `precision`, allow_null, eav, system) VALUES (19, 3, 'system', 'Boolean', NULL, NULL, FALSE, FALSE, TRUE);
INSERT INTO attribute (attribute_id, collection_id, name, type, length, `precision`, allow_null, eav, system) VALUES (10, 3, 'attribute_id', 'String', 100, NULL, FALSE, FALSE, TRUE);
INSERT INTO attribute (attribute_id, collection_id, name, type, length, `precision`, allow_null, eav, system) VALUES (15, 3, 'precision', 'Long', 11, NULL, TRUE, FALSE, TRUE);
INSERT INTO attribute (attribute_id, collection_id, name, type, length, `precision`, allow_null, eav, system) VALUES (12, 3, 'name', 'String', 255, NULL, FALSE, FALSE, TRUE);
INSERT INTO attribute (attribute_id, collection_id, name, type, length, `precision`, allow_null, eav, system) VALUES (14, 3, 'length', 'Long', 11, NULL, TRUE, FALSE, TRUE);
INSERT INTO attribute (attribute_id, collection_id, name, type, length, `precision`, allow_null, eav, system) VALUES (17, 3, 'allow_null', 'Boolean', NULL, NULL, FALSE, FALSE, TRUE);
INSERT INTO attribute (attribute_id, collection_id, name, type, length, `precision`, allow_null, eav, system) VALUES (18, 3, 'eav', 'Boolean', NULL, NULL, FALSE, FALSE, TRUE);
INSERT INTO attribute (attribute_id, collection_id, name, type, length, `precision`, allow_null, eav, system) VALUES (13, 3, 'type', 'String', 10, NULL, FALSE, FALSE, TRUE);
INSERT INTO attribute (attribute_id, collection_id, name, type, length, `precision`, allow_null, eav, system) VALUES (16, 3, 'order', 'Long', 11, NULL, FALSE, FALSE, TRUE);
INSERT INTO attribute (attribute_id, collection_id, name, type, length, `precision`, allow_null, eav, system) VALUES (20, 4, 'instance_attribute_id', 'String', 100, NULL, FALSE, FALSE, TRUE);
INSERT INTO attribute (attribute_id, collection_id, name, type, length, `precision`, allow_null, eav, system) VALUES (21, 4, 'collection_id', 'String', 100, NULL, FALSE, FALSE, TRUE);
INSERT INTO attribute (attribute_id, collection_id, name, type, length, `precision`, allow_null, eav, system) VALUES (24, 4, 'system', 'Boolean', NULL, NULL, FALSE, FALSE, TRUE);
INSERT INTO attribute (attribute_id, collection_id, name, type, length, `precision`, allow_null, eav, system) VALUES (22, 4, 'attribute_id', 'String', 100, NULL, FALSE, FALSE, TRUE);
INSERT INTO attribute (attribute_id, collection_id, name, type, length, `precision`, allow_null, eav, system) VALUES (23, 4, 'order', 'Long', 11, NULL, FALSE, FALSE, TRUE);
INSERT INTO attribute (attribute_id, collection_id, name, type, length, `precision`, allow_null, eav, system) VALUES (26, 5, 'collection_id', 'String', 100, NULL, FALSE, FALSE, TRUE);
INSERT INTO attribute (attribute_id, collection_id, name, type, length, `precision`, allow_null, eav, system) VALUES (28, 5, 'system', 'Boolean', NULL, NULL, FALSE, FALSE, TRUE);
INSERT INTO attribute (attribute_id, collection_id, name, type, length, `precision`, allow_null, eav, system) VALUES (25, 5, 'primary_attribute_id', 'String', 100, NULL, FALSE, FALSE, TRUE);
INSERT INTO attribute (attribute_id, collection_id, name, type, length, `precision`, allow_null, eav, system) VALUES (27, 5, 'attribute_id', 'String', 100, NULL, FALSE, FALSE, TRUE);
INSERT INTO attribute (attribute_id, collection_id, name, type, length, `precision`, allow_null, eav, system) VALUES (30, 6, 'collection_id', 'String', 100, NULL, FALSE, FALSE, TRUE);
INSERT INTO attribute (attribute_id, collection_id, name, type, length, `precision`, allow_null, eav, system) VALUES (34, 6, 'system', 'Boolean', NULL, NULL, FALSE, FALSE, TRUE);
INSERT INTO attribute (attribute_id, collection_id, name, type, length, `precision`, allow_null, eav, system) VALUES (29, 6, 'index_attribute_id', 'String', 100, NULL, FALSE, FALSE, TRUE);
INSERT INTO attribute (attribute_id, collection_id, name, type, length, `precision`, allow_null, eav, system) VALUES (31, 6, 'attribute_id', 'String', 100, NULL, FALSE, FALSE, TRUE);
INSERT INTO attribute (attribute_id, collection_id, name, type, length, `precision`, allow_null, eav, system) VALUES (32, 6, 'name', 'String', 100, NULL, FALSE, FALSE, TRUE);
INSERT INTO attribute (attribute_id, collection_id, name, type, length, `precision`, allow_null, eav, system) VALUES (33, 6, 'type', 'String', 12, NULL, FALSE, FALSE, TRUE);
INSERT INTO attribute (attribute_id, collection_id, name, type, length, `precision`, allow_null, eav, system) VALUES (36, 7, 'collection_id', 'String', 100, NULL, FALSE, FALSE, TRUE);
INSERT INTO attribute (attribute_id, collection_id, name, type, length, `precision`, allow_null, eav, system) VALUES (43, 7, 'many_join_attribute_id', 'String', 100, NULL, TRUE, FALSE, TRUE);
INSERT INTO attribute (attribute_id, collection_id, name, type, length, `precision`, allow_null, eav, system) VALUES (44, 7, 'many_reverse_attribute_id', 'String', 100, NULL, TRUE, FALSE, TRUE);
INSERT INTO attribute (attribute_id, collection_id, name, type, length, `precision`, allow_null, eav, system) VALUES (39, 7, 'join_type', 'String', 10, NULL, FALSE, FALSE, TRUE);
INSERT INTO attribute (attribute_id, collection_id, name, type, length, `precision`, allow_null, eav, system) VALUES (40, 7, 'join_collection_id', 'String', 100, NULL, FALSE, FALSE, TRUE);
INSERT INTO attribute (attribute_id, collection_id, name, type, length, `precision`, allow_null, eav, system) VALUES (45, 7, 'system', 'Boolean', NULL, NULL, FALSE, FALSE, TRUE);
INSERT INTO attribute (attribute_id, collection_id, name, type, length, `precision`, allow_null, eav, system) VALUES (37, 7, 'attribute_id', 'String', 100, NULL, FALSE, FALSE, TRUE);
INSERT INTO attribute (attribute_id, collection_id, name, type, length, `precision`, allow_null, eav, system) VALUES (35, 7, 'relationship_id', 'String', 100, NULL, FALSE, FALSE, TRUE);
INSERT INTO attribute (attribute_id, collection_id, name, type, length, `precision`, allow_null, eav, system) VALUES (38, 7, 'name', 'String', 100, NULL, FALSE, FALSE, TRUE);
INSERT INTO attribute (attribute_id, collection_id, name, type, length, `precision`, allow_null, eav, system) VALUES (41, 7, 'join_attribute_id', 'String', 100, NULL, FALSE, FALSE, TRUE);
INSERT INTO attribute (attribute_id, collection_id, name, type, length, `precision`, allow_null, eav, system) VALUES (42, 7, 'many_collection_id', 'String', 100, NULL, TRUE, FALSE, TRUE);
INSERT INTO attribute (attribute_id, collection_id, name, type, length, `precision`, allow_null, eav, system) VALUES (47, 8, 'name', 'String', 100, NULL, FALSE, FALSE, TRUE);
INSERT INTO attribute (attribute_id, collection_id, name, type, length, `precision`, allow_null, eav, system) VALUES (49, 8, 'description', 'String', 255, NULL, TRUE, FALSE, TRUE);
INSERT INTO attribute (attribute_id, collection_id, name, type, length, `precision`, allow_null, eav, system) VALUES (48, 8, 'system', 'Boolean', NULL, NULL, FALSE, FALSE, TRUE);
INSERT INTO attribute (attribute_id, collection_id, name, type, length, `precision`, allow_null, eav, system) VALUES (46, 8, 'role_id', 'String', 100, NULL, FALSE, FALSE, TRUE);
INSERT INTO attribute (attribute_id, collection_id, name, type, length, `precision`, allow_null, eav, system) VALUES (52, 9, 'system', 'Boolean', NULL, NULL, FALSE, FALSE, TRUE);
INSERT INTO attribute (attribute_id, collection_id, name, type, length, `precision`, allow_null, eav, system) VALUES (50, 9, 'security_instantiation_id', 'String', 100, NULL, FALSE, FALSE, TRUE);
INSERT INTO attribute (attribute_id, collection_id, name, type, length, `precision`, allow_null, eav, system) VALUES (51, 9, 'java_class', 'String', 255, NULL, FALSE, FALSE, TRUE);
INSERT INTO attribute (attribute_id, collection_id, name, type, length, `precision`, allow_null, eav, system) VALUES (53, 10, 'security_action_id', 'String', 100, NULL, FALSE, FALSE, TRUE);
INSERT INTO attribute (attribute_id, collection_id, name, type, length, `precision`, allow_null, eav, system) VALUES (56, 11, 'password', 'String', 255, NULL, FALSE, FALSE, TRUE);
INSERT INTO attribute (attribute_id, collection_id, name, type, length, `precision`, allow_null, eav, system) VALUES (60, 11, 'account_non_expired', 'Boolean', NULL, NULL, FALSE, FALSE, TRUE);
INSERT INTO attribute (attribute_id, collection_id, name, type, length, `precision`, allow_null, eav, system) VALUES (61, 11, 'account_non_locked', 'Boolean', NULL, NULL, FALSE, FALSE, TRUE);
INSERT INTO attribute (attribute_id, collection_id, name, type, length, `precision`, allow_null, eav, system) VALUES (57, 11, 'full_name', 'String', 255, NULL, FALSE, FALSE, TRUE);
INSERT INTO attribute (attribute_id, collection_id, name, type, length, `precision`, allow_null, eav, system) VALUES (59, 11, 'system', 'Boolean', NULL, NULL, FALSE, FALSE, TRUE);
INSERT INTO attribute (attribute_id, collection_id, name, type, length, `precision`, allow_null, eav, system) VALUES (54, 11, 'user_id', 'String', 100, NULL, FALSE, FALSE, TRUE);
INSERT INTO attribute (attribute_id, collection_id, name, type, length, `precision`, allow_null, eav, system) VALUES (58, 11, 'role_id', 'String', 100, NULL, FALSE, FALSE, TRUE);
INSERT INTO attribute (attribute_id, collection_id, name, type, length, `precision`, allow_null, eav, system) VALUES (62, 11, 'credentials_non_expired', 'Boolean', NULL, NULL, FALSE, FALSE, TRUE);
INSERT INTO attribute (attribute_id, collection_id, name, type, length, `precision`, allow_null, eav, system) VALUES (55, 11, 'login', 'String', 255, NULL, FALSE, FALSE, TRUE);
INSERT INTO attribute (attribute_id, collection_id, name, type, length, `precision`, allow_null, eav, system) VALUES (63, 11, 'status', 'String', 20, NULL, FALSE, FALSE, TRUE);
INSERT INTO attribute (attribute_id, collection_id, name, type, length, `precision`, allow_null, eav, system) VALUES (66, 12, 'cron', 'String', 255, NULL, FALSE, FALSE, TRUE);
INSERT INTO attribute (attribute_id, collection_id, name, type, length, `precision`, allow_null, eav, system) VALUES (69, 12, 'error_message', 'String', 255, NULL, TRUE, FALSE, TRUE);
INSERT INTO attribute (attribute_id, collection_id, name, type, length, `precision`, allow_null, eav, system) VALUES (70, 12, 'error_class', 'String', 255, NULL, TRUE, FALSE, TRUE);
INSERT INTO attribute (attribute_id, collection_id, name, type, length, `precision`, allow_null, eav, system) VALUES (71, 12, 'date_last_executed', 'DateTime', NULL, NULL, TRUE, FALSE, TRUE);
INSERT INTO attribute (attribute_id, collection_id, name, type, length, `precision`, allow_null, eav, system) VALUES (72, 12, 'security', 'String', 50, NULL, FALSE, FALSE, TRUE);
INSERT INTO attribute (attribute_id, collection_id, name, type, length, `precision`, allow_null, eav, system) VALUES (74, 12, 'system', 'Boolean', NULL, NULL, FALSE, FALSE, TRUE);
INSERT INTO attribute (attribute_id, collection_id, name, type, length, `precision`, allow_null, eav, system) VALUES (64, 12, 'job_id', 'String', 100, NULL, FALSE, FALSE, TRUE);
INSERT INTO attribute (attribute_id, collection_id, name, type, length, `precision`, allow_null, eav, system) VALUES (73, 12, 'date_created', 'DateTime', NULL, NULL, FALSE, FALSE, TRUE);
INSERT INTO attribute (attribute_id, collection_id, name, type, length, `precision`, allow_null, eav, system) VALUES (65, 12, 'name', 'String', 255, NULL, FALSE, FALSE, TRUE);
INSERT INTO attribute (attribute_id, collection_id, name, type, length, `precision`, allow_null, eav, system) VALUES (67, 12, 'consume', 'Double', 15, 4, TRUE, FALSE, TRUE);
INSERT INTO attribute (attribute_id, collection_id, name, type, length, `precision`, allow_null, eav, system) VALUES (68, 12, 'javascript', 'Text', NULL, NULL, FALSE, FALSE, TRUE);
INSERT INTO attribute (attribute_id, collection_id, name, type, length, `precision`, allow_null, eav, system) VALUES (80, 13, 'page_key', 'Long', 11, NULL, TRUE, FALSE, TRUE);
INSERT INTO attribute (attribute_id, collection_id, name, type, length, `precision`, allow_null, eav, system) VALUES (75, 13, 'socket_id', 'String', 100, NULL, FALSE, FALSE, TRUE);
INSERT INTO attribute (attribute_id, collection_id, name, type, length, `precision`, allow_null, eav, system) VALUES (81, 13, 'system', 'Boolean', NULL, NULL, FALSE, FALSE, TRUE);
INSERT INTO attribute (attribute_id, collection_id, name, type, length, `precision`, allow_null, eav, system) VALUES (76, 13, 'user_id', 'String', 100, NULL, TRUE, FALSE, TRUE);
INSERT INTO attribute (attribute_id, collection_id, name, type, length, `precision`, allow_null, eav, system) VALUES (78, 13, 'date_created', 'DateTime', NULL, NULL, FALSE, FALSE, TRUE);
INSERT INTO attribute (attribute_id, collection_id, name, type, length, `precision`, allow_null, eav, system) VALUES (77, 13, 'session_id', 'String', 100, NULL, FALSE, FALSE, TRUE);
INSERT INTO attribute (attribute_id, collection_id, name, type, length, `precision`, allow_null, eav, system) VALUES (79, 13, 'resource_name', 'String', 100, NULL, TRUE, FALSE, TRUE);
INSERT INTO attribute (attribute_id, collection_id, name, type, length, `precision`, allow_null, eav, system) VALUES (85, 14, 'path', 'String', 255, NULL, FALSE, FALSE, TRUE);
INSERT INTO attribute (attribute_id, collection_id, name, type, length, `precision`, allow_null, eav, system) VALUES (87, 14, 'extension', 'String', 10, NULL, TRUE, FALSE, TRUE);
INSERT INTO attribute (attribute_id, collection_id, name, type, length, `precision`, allow_null, eav, system) VALUES (90, 14, 'system', 'Boolean', NULL, NULL, FALSE, FALSE, TRUE);
INSERT INTO attribute (attribute_id, collection_id, name, type, length, `precision`, allow_null, eav, system) VALUES (89, 14, 'date_created', 'DateTime', NULL, NULL, FALSE, FALSE, TRUE);
INSERT INTO attribute (attribute_id, collection_id, name, type, length, `precision`, allow_null, eav, system) VALUES (82, 14, 'file_id', 'String', 100, NULL, FALSE, FALSE, TRUE);
INSERT INTO attribute (attribute_id, collection_id, name, type, length, `precision`, allow_null, eav, system) VALUES (86, 14, 'mime', 'String', 100, NULL, TRUE, FALSE, TRUE);
INSERT INTO attribute (attribute_id, collection_id, name, type, length, `precision`, allow_null, eav, system) VALUES (83, 14, 'name', 'String', 255, NULL, TRUE, FALSE, TRUE);
INSERT INTO attribute (attribute_id, collection_id, name, type, length, `precision`, allow_null, eav, system) VALUES (88, 14, 'length', 'Long', 11, NULL, FALSE, FALSE, TRUE);
INSERT INTO attribute (attribute_id, collection_id, name, type, length, `precision`, allow_null, eav, system) VALUES (84, 14, 'label', 'String', 255, NULL, TRUE, FALSE, TRUE);
INSERT INTO attribute (attribute_id, collection_id, name, type, length, `precision`, allow_null, eav, system) VALUES (96, 15, 'system', 'Boolean', NULL, NULL, FALSE, FALSE, TRUE);
INSERT INTO attribute (attribute_id, collection_id, name, type, length, `precision`, allow_null, eav, system) VALUES (91, 15, 'enum_id', 'String', 100, NULL, FALSE, FALSE, TRUE);
INSERT INTO attribute (attribute_id, collection_id, name, type, length, `precision`, allow_null, eav, system) VALUES (92, 15, 'name', 'String', 100, NULL, TRUE, FALSE, TRUE);
INSERT INTO attribute (attribute_id, collection_id, name, type, length, `precision`, allow_null, eav, system) VALUES (94, 15, 'format', 'String', 255, NULL, TRUE, FALSE, TRUE);
INSERT INTO attribute (attribute_id, collection_id, name, type, length, `precision`, allow_null, eav, system) VALUES (95, 15, 'description', 'String', 100, NULL, TRUE, FALSE, TRUE);
INSERT INTO attribute (attribute_id, collection_id, name, type, length, `precision`, allow_null, eav, system) VALUES (93, 15, 'type', 'String', 20, NULL, FALSE, FALSE, TRUE);
INSERT INTO attribute (attribute_id, collection_id, name, type, length, `precision`, allow_null, eav, system) VALUES (97, 16, 'enum_item_id', 'String', 100, NULL, FALSE, FALSE, TRUE);
INSERT INTO attribute (attribute_id, collection_id, name, type, length, `precision`, allow_null, eav, system) VALUES (100, 16, 'system', 'Boolean', NULL, NULL, FALSE, FALSE, TRUE);
INSERT INTO attribute (attribute_id, collection_id, name, type, length, `precision`, allow_null, eav, system) VALUES (99, 16, 'value', 'String', 255, NULL, FALSE, FALSE, TRUE);
INSERT INTO attribute (attribute_id, collection_id, name, type, length, `precision`, allow_null, eav, system) VALUES (98, 16, 'enum_id', 'String', 100, NULL, FALSE, FALSE, TRUE);
INSERT INTO attribute (attribute_id, collection_id, name, type, length, `precision`, allow_null, eav, system) VALUES (102, 17, 'name', 'String', 100, NULL, FALSE, FALSE, TRUE);
INSERT INTO attribute (attribute_id, collection_id, name, type, length, `precision`, allow_null, eav, system) VALUES (103, 17, 'value', 'String', 255, NULL, FALSE, FALSE, TRUE);
INSERT INTO attribute (attribute_id, collection_id, name, type, length, `precision`, allow_null, eav, system) VALUES (101, 17, 'setting_id', 'String', 100, NULL, FALSE, FALSE, TRUE);
INSERT INTO attribute (attribute_id, collection_id, name, type, length, `precision`, allow_null, eav, system) VALUES (109, 18, 'system', 'Boolean', NULL, NULL, FALSE, FALSE, TRUE);
INSERT INTO attribute (attribute_id, collection_id, name, type, length, `precision`, allow_null, eav, system) VALUES (107, 18, 'language', 'String', 10, NULL, TRUE, FALSE, TRUE);
INSERT INTO attribute (attribute_id, collection_id, name, type, length, `precision`, allow_null, eav, system) VALUES (106, 18, 'page', 'String', 255, NULL, TRUE, FALSE, TRUE);
INSERT INTO attribute (attribute_id, collection_id, name, type, length, `precision`, allow_null, eav, system) VALUES (108, 18, 'label', 'String', 255, NULL, FALSE, FALSE, TRUE);
INSERT INTO attribute (attribute_id, collection_id, name, type, length, `precision`, allow_null, eav, system) VALUES (104, 18, 'localization_id', 'String', 100, NULL, FALSE, FALSE, TRUE);
INSERT INTO attribute (attribute_id, collection_id, name, type, length, `precision`, allow_null, eav, system) VALUES (105, 18, 'key', 'String', 100, NULL, FALSE, FALSE, TRUE);
INSERT INTO attribute (attribute_id, collection_id, name, type, length, `precision`, allow_null, eav, system) VALUES (114, 19, 'return_type', 'String', 50, NULL, FALSE, FALSE, TRUE);
INSERT INTO attribute (attribute_id, collection_id, name, type, length, `precision`, allow_null, eav, system) VALUES (117, 19, 'security', 'String', 15, NULL, FALSE, FALSE, TRUE);
INSERT INTO attribute (attribute_id, collection_id, name, type, length, `precision`, allow_null, eav, system) VALUES (118, 19, 'system', 'Boolean', NULL, NULL, FALSE, FALSE, TRUE);
INSERT INTO attribute (attribute_id, collection_id, name, type, length, `precision`, allow_null, eav, system) VALUES (110, 19, 'query_id', 'String', 100, NULL, FALSE, FALSE, TRUE);
INSERT INTO attribute (attribute_id, collection_id, name, type, length, `precision`, allow_null, eav, system) VALUES (115, 19, 'return_sub_type', 'String', 50, NULL, TRUE, FALSE, TRUE);
INSERT INTO attribute (attribute_id, collection_id, name, type, length, `precision`, allow_null, eav, system) VALUES (116, 19, 'date_created', 'DateTime', NULL, NULL, FALSE, FALSE, TRUE);
INSERT INTO attribute (attribute_id, collection_id, name, type, length, `precision`, allow_null, eav, system) VALUES (111, 19, 'name', 'String', 255, NULL, FALSE, FALSE, TRUE);
INSERT INTO attribute (attribute_id, collection_id, name, type, length, `precision`, allow_null, eav, system) VALUES (112, 19, 'description', 'String', 255, NULL, FALSE, FALSE, TRUE);
INSERT INTO attribute (attribute_id, collection_id, name, type, length, `precision`, allow_null, eav, system) VALUES (113, 19, 'script', 'Text', NULL, NULL, FALSE, FALSE, TRUE);
INSERT INTO attribute (attribute_id, collection_id, name, type, length, `precision`, allow_null, eav, system) VALUES (119, 20, 'query_parameter_id', 'String', 100, NULL, FALSE, FALSE, TRUE);
INSERT INTO attribute (attribute_id, collection_id, name, type, length, `precision`, allow_null, eav, system) VALUES (124, 20, 'system', 'Boolean', NULL, NULL, FALSE, FALSE, TRUE);
INSERT INTO attribute (attribute_id, collection_id, name, type, length, `precision`, allow_null, eav, system) VALUES (120, 20, 'query_id', 'String', 100, NULL, FALSE, FALSE, TRUE);
INSERT INTO attribute (attribute_id, collection_id, name, type, length, `precision`, allow_null, eav, system) VALUES (123, 20, 'sub_type', 'String', 50, NULL, TRUE, FALSE, TRUE);
INSERT INTO attribute (attribute_id, collection_id, name, type, length, `precision`, allow_null, eav, system) VALUES (121, 20, 'name', 'String', 255, NULL, FALSE, FALSE, TRUE);
INSERT INTO attribute (attribute_id, collection_id, name, type, length, `precision`, allow_null, eav, system) VALUES (122, 20, 'type', 'String', 50, NULL, TRUE, FALSE, TRUE);
INSERT INTO attribute (attribute_id, collection_id, name, type, length, `precision`, allow_null, eav, system) VALUES (127, 21, 'system', 'Boolean', NULL, NULL, FALSE, FALSE, TRUE);
INSERT INTO attribute (attribute_id, collection_id, name, type, length, `precision`, allow_null, eav, system) VALUES (125, 21, 'section_id', 'String', 100, NULL, FALSE, FALSE, TRUE);
INSERT INTO attribute (attribute_id, collection_id, name, type, length, `precision`, allow_null, eav, system) VALUES (126, 21, 'title', 'String', 100, NULL, FALSE, FALSE, TRUE);
INSERT INTO attribute (attribute_id, collection_id, name, type, length, `precision`, allow_null, eav, system) VALUES (128, 21, 'order', 'Long', 11, NULL, FALSE, FALSE, TRUE);
INSERT INTO attribute (attribute_id, collection_id, name, type, length, `precision`, allow_null, eav, system) VALUES (131, 22, 'path', 'String', 255, NULL, FALSE, FALSE, TRUE);
INSERT INTO attribute (attribute_id, collection_id, name, type, length, `precision`, allow_null, eav, system) VALUES (132, 22, 'system', 'Boolean', NULL, NULL, FALSE, FALSE, TRUE);
INSERT INTO attribute (attribute_id, collection_id, name, type, length, `precision`, allow_null, eav, system) VALUES (134, 22, 'section_id', 'String', 100, NULL, TRUE, FALSE, TRUE);
INSERT INTO attribute (attribute_id, collection_id, name, type, length, `precision`, allow_null, eav, system) VALUES (133, 22, 'icon', 'String', 100, NULL, TRUE, FALSE, TRUE);
INSERT INTO attribute (attribute_id, collection_id, name, type, length, `precision`, allow_null, eav, system) VALUES (130, 22, 'title', 'String', 100, NULL, FALSE, FALSE, TRUE);
INSERT INTO attribute (attribute_id, collection_id, name, type, length, `precision`, allow_null, eav, system) VALUES (129, 22, 'menu_id', 'String', 100, NULL, FALSE, FALSE, TRUE);
INSERT INTO attribute (attribute_id, collection_id, name, type, length, `precision`, allow_null, eav, system) VALUES (135, 22, 'parent_menu_id', 'String', 100, NULL, TRUE, FALSE, TRUE);
INSERT INTO attribute (attribute_id, collection_id, name, type, length, `precision`, allow_null, eav, system) VALUES (136, 22, 'order', 'Long', 11, NULL, FALSE, FALSE, TRUE);
INSERT INTO attribute (attribute_id, collection_id, name, type, length, `precision`, allow_null, eav, system) VALUES (143, 23, 'page_id', 'String', 100, NULL, FALSE, FALSE, TRUE);
INSERT INTO attribute (attribute_id, collection_id, name, type, length, `precision`, allow_null, eav, system) VALUES (137, 23, 'menu_item_id', 'String', 100, NULL, FALSE, FALSE, TRUE);
INSERT INTO attribute (attribute_id, collection_id, name, type, length, `precision`, allow_null, eav, system) VALUES (140, 23, 'system', 'Boolean', NULL, NULL, FALSE, FALSE, TRUE);
INSERT INTO attribute (attribute_id, collection_id, name, type, length, `precision`, allow_null, eav, system) VALUES (144, 23, 'section_id', 'String', 100, NULL, TRUE, FALSE, TRUE);
INSERT INTO attribute (attribute_id, collection_id, name, type, length, `precision`, allow_null, eav, system) VALUES (141, 23, 'icon', 'String', 100, NULL, TRUE, FALSE, TRUE);
INSERT INTO attribute (attribute_id, collection_id, name, type, length, `precision`, allow_null, eav, system) VALUES (139, 23, 'title', 'String', 100, NULL, FALSE, FALSE, TRUE);
INSERT INTO attribute (attribute_id, collection_id, name, type, length, `precision`, allow_null, eav, system) VALUES (138, 23, 'menu_id', 'String', 100, NULL, TRUE, FALSE, TRUE);
INSERT INTO attribute (attribute_id, collection_id, name, type, length, `precision`, allow_null, eav, system) VALUES (142, 23, 'order', 'Long', 11, NULL, FALSE, FALSE, TRUE);
INSERT INTO attribute (attribute_id, collection_id, name, type, length, `precision`, allow_null, eav, system) VALUES (151, 24, 'html_crc32', 'String', 100, NULL, TRUE, FALSE, TRUE);
INSERT INTO attribute (attribute_id, collection_id, name, type, length, `precision`, allow_null, eav, system) VALUES (145, 24, 'layout_id', 'String', 100, NULL, FALSE, FALSE, TRUE);
INSERT INTO attribute (attribute_id, collection_id, name, type, length, `precision`, allow_null, eav, system) VALUES (148, 24, 'system', 'Boolean', NULL, NULL, FALSE, FALSE, TRUE);
INSERT INTO attribute (attribute_id, collection_id, name, type, length, `precision`, allow_null, eav, system) VALUES (154, 24, 'date_modified', 'DateTime', NULL, NULL, FALSE, FALSE, TRUE);
INSERT INTO attribute (attribute_id, collection_id, name, type, length, `precision`, allow_null, eav, system) VALUES (153, 24, 'date_created', 'DateTime', NULL, NULL, FALSE, FALSE, TRUE);
INSERT INTO attribute (attribute_id, collection_id, name, type, length, `precision`, allow_null, eav, system) VALUES (147, 24, 'description', 'String', 255, NULL, FALSE, FALSE, TRUE);
INSERT INTO attribute (attribute_id, collection_id, name, type, length, `precision`, allow_null, eav, system) VALUES (152, 24, 'modified', 'Boolean', NULL, NULL, FALSE, FALSE, TRUE);
INSERT INTO attribute (attribute_id, collection_id, name, type, length, `precision`, allow_null, eav, system) VALUES (150, 24, 'html', 'Text', NULL, NULL, TRUE, FALSE, TRUE);
INSERT INTO attribute (attribute_id, collection_id, name, type, length, `precision`, allow_null, eav, system) VALUES (146, 24, 'title', 'String', 100, NULL, FALSE, FALSE, TRUE);
INSERT INTO attribute (attribute_id, collection_id, name, type, length, `precision`, allow_null, eav, system) VALUES (155, 24, 'cms_layout', 'Boolean', NULL, NULL, FALSE, FALSE, TRUE);
INSERT INTO attribute (attribute_id, collection_id, name, type, length, `precision`, allow_null, eav, system) VALUES (149, 24, 'groovy_id', 'String', 100, NULL, TRUE, FALSE, TRUE);
INSERT INTO attribute (attribute_id, collection_id, name, type, length, `precision`, allow_null, eav, system) VALUES (164, 25, 'html_crc32', 'String', 100, NULL, TRUE, FALSE, TRUE);
INSERT INTO attribute (attribute_id, collection_id, name, type, length, `precision`, allow_null, eav, system) VALUES (168, 25, 'cms_page', 'Boolean', NULL, NULL, FALSE, FALSE, TRUE);
INSERT INTO attribute (attribute_id, collection_id, name, type, length, `precision`, allow_null, eav, system) VALUES (157, 25, 'layout_id', 'String', 100, NULL, TRUE, FALSE, TRUE);
INSERT INTO attribute (attribute_id, collection_id, name, type, length, `precision`, allow_null, eav, system) VALUES (166, 25, 'date_created', 'DateTime', NULL, NULL, FALSE, FALSE, TRUE);
INSERT INTO attribute (attribute_id, collection_id, name, type, length, `precision`, allow_null, eav, system) VALUES (160, 25, 'description', 'String', 255, NULL, FALSE, FALSE, TRUE);
INSERT INTO attribute (attribute_id, collection_id, name, type, length, `precision`, allow_null, eav, system) VALUES (158, 25, 'title', 'String', 100, NULL, FALSE, FALSE, TRUE);
INSERT INTO attribute (attribute_id, collection_id, name, type, length, `precision`, allow_null, eav, system) VALUES (162, 25, 'groovy_id', 'String', 100, NULL, TRUE, FALSE, TRUE);
INSERT INTO attribute (attribute_id, collection_id, name, type, length, `precision`, allow_null, eav, system) VALUES (156, 25, 'page_id', 'String', 100, NULL, FALSE, FALSE, TRUE);
INSERT INTO attribute (attribute_id, collection_id, name, type, length, `precision`, allow_null, eav, system) VALUES (159, 25, 'path', 'String', 255, NULL, FALSE, FALSE, TRUE);
INSERT INTO attribute (attribute_id, collection_id, name, type, length, `precision`, allow_null, eav, system) VALUES (161, 25, 'system', 'Boolean', NULL, NULL, FALSE, FALSE, TRUE);
INSERT INTO attribute (attribute_id, collection_id, name, type, length, `precision`, allow_null, eav, system) VALUES (167, 25, 'date_modified', 'DateTime', NULL, NULL, FALSE, FALSE, TRUE);
INSERT INTO attribute (attribute_id, collection_id, name, type, length, `precision`, allow_null, eav, system) VALUES (165, 25, 'modified', 'Boolean', NULL, NULL, FALSE, FALSE, TRUE);
INSERT INTO attribute (attribute_id, collection_id, name, type, length, `precision`, allow_null, eav, system) VALUES (163, 25, 'html', 'Text', NULL, NULL, TRUE, FALSE, TRUE);
INSERT INTO attribute (attribute_id, collection_id, name, type, length, `precision`, allow_null, eav, system) VALUES (170, 26, 'page_id', 'String', 100, NULL, FALSE, FALSE, TRUE);
INSERT INTO attribute (attribute_id, collection_id, name, type, length, `precision`, allow_null, eav, system) VALUES (169, 26, 'page_role_id', 'String', 100, NULL, FALSE, FALSE, TRUE);
INSERT INTO attribute (attribute_id, collection_id, name, type, length, `precision`, allow_null, eav, system) VALUES (172, 26, 'system', 'Boolean', NULL, NULL, FALSE, FALSE, TRUE);
INSERT INTO attribute (attribute_id, collection_id, name, type, length, `precision`, allow_null, eav, system) VALUES (171, 26, 'role_id', 'String', 100, NULL, FALSE, FALSE, TRUE);
INSERT INTO attribute (attribute_id, collection_id, name, type, length, `precision`, allow_null, eav, system) VALUES (176, 27, 'system', 'Boolean', NULL, NULL, FALSE, FALSE, TRUE);
INSERT INTO attribute (attribute_id, collection_id, name, type, length, `precision`, allow_null, eav, system) VALUES (174, 27, 'rest_id', 'String', 100, NULL, FALSE, FALSE, TRUE);
INSERT INTO attribute (attribute_id, collection_id, name, type, length, `precision`, allow_null, eav, system) VALUES (175, 27, 'role_id', 'String', 100, NULL, FALSE, FALSE, TRUE);
INSERT INTO attribute (attribute_id, collection_id, name, type, length, `precision`, allow_null, eav, system) VALUES (173, 27, 'rest_role_id', 'String', 100, NULL, FALSE, FALSE, TRUE);
INSERT INTO attribute (attribute_id, collection_id, name, type, length, `precision`, allow_null, eav, system) VALUES (183, 28, 'stage_javascript', 'Text', NULL, NULL, TRUE, FALSE, TRUE);
INSERT INTO attribute (attribute_id, collection_id, name, type, length, `precision`, allow_null, eav, system) VALUES (178, 28, 'code', 'String', 100, NULL, FALSE, FALSE, TRUE);
INSERT INTO attribute (attribute_id, collection_id, name, type, length, `precision`, allow_null, eav, system) VALUES (186, 28, 'date_created', 'DateTime', NULL, NULL, FALSE, FALSE, TRUE);
INSERT INTO attribute (attribute_id, collection_id, name, type, length, `precision`, allow_null, eav, system) VALUES (180, 28, 'description', 'String', 255, NULL, FALSE, FALSE, TRUE);
INSERT INTO attribute (attribute_id, collection_id, name, type, length, `precision`, allow_null, eav, system) VALUES (179, 28, 'title', 'String', 100, NULL, FALSE, FALSE, TRUE);
INSERT INTO attribute (attribute_id, collection_id, name, type, length, `precision`, allow_null, eav, system) VALUES (177, 28, 'block_id', 'String', 100, NULL, FALSE, FALSE, TRUE);
INSERT INTO attribute (attribute_id, collection_id, name, type, length, `precision`, allow_null, eav, system) VALUES (181, 28, 'javascript', 'Text', NULL, NULL, TRUE, FALSE, TRUE);
INSERT INTO attribute (attribute_id, collection_id, name, type, length, `precision`, allow_null, eav, system) VALUES (188, 28, 'system', 'Boolean', NULL, NULL, FALSE, FALSE, TRUE);
INSERT INTO attribute (attribute_id, collection_id, name, type, length, `precision`, allow_null, eav, system) VALUES (187, 28, 'date_modified', 'DateTime', NULL, NULL, FALSE, FALSE, TRUE);
INSERT INTO attribute (attribute_id, collection_id, name, type, length, `precision`, allow_null, eav, system) VALUES (184, 28, 'stage_html', 'Text', NULL, NULL, TRUE, FALSE, TRUE);
INSERT INTO attribute (attribute_id, collection_id, name, type, length, `precision`, allow_null, eav, system) VALUES (185, 28, 'modified', 'Boolean', NULL, NULL, FALSE, FALSE, TRUE);
INSERT INTO attribute (attribute_id, collection_id, name, type, length, `precision`, allow_null, eav, system) VALUES (182, 28, 'html', 'Text', NULL, NULL, TRUE, FALSE, TRUE);
INSERT INTO attribute (attribute_id, collection_id, name, type, length, `precision`, allow_null, eav, system) VALUES (192, 29, 'script_crc32', 'String', 100, NULL, TRUE, FALSE, TRUE);
INSERT INTO attribute (attribute_id, collection_id, name, type, length, `precision`, allow_null, eav, system) VALUES (193, 29, 'system', 'Boolean', NULL, NULL, FALSE, FALSE, TRUE);
INSERT INTO attribute (attribute_id, collection_id, name, type, length, `precision`, allow_null, eav, system) VALUES (190, 29, 'java_class', 'String', 255, NULL, FALSE, FALSE, TRUE);
INSERT INTO attribute (attribute_id, collection_id, name, type, length, `precision`, allow_null, eav, system) VALUES (191, 29, 'script', 'Text', NULL, NULL, FALSE, FALSE, TRUE);
INSERT INTO attribute (attribute_id, collection_id, name, type, length, `precision`, allow_null, eav, system) VALUES (189, 29, 'groovy_id', 'String', 100, NULL, FALSE, FALSE, TRUE);
INSERT INTO attribute (attribute_id, collection_id, name, type, length, `precision`, allow_null, eav, system) VALUES (195, 30, 'method', 'String', 10, NULL, FALSE, FALSE, TRUE);
INSERT INTO attribute (attribute_id, collection_id, name, type, length, `precision`, allow_null, eav, system) VALUES (205, 30, 'date_created', 'DateTime', NULL, NULL, FALSE, FALSE, TRUE);
INSERT INTO attribute (attribute_id, collection_id, name, type, length, `precision`, allow_null, eav, system) VALUES (199, 30, 'description', 'String', 255, NULL, FALSE, FALSE, TRUE);
INSERT INTO attribute (attribute_id, collection_id, name, type, length, `precision`, allow_null, eav, system) VALUES (194, 30, 'rest_id', 'String', 100, NULL, FALSE, FALSE, TRUE);
INSERT INTO attribute (attribute_id, collection_id, name, type, length, `precision`, allow_null, eav, system) VALUES (201, 30, 'groovy_id', 'String', 100, NULL, TRUE, FALSE, TRUE);
INSERT INTO attribute (attribute_id, collection_id, name, type, length, `precision`, allow_null, eav, system) VALUES (196, 30, 'path', 'String', 255, NULL, FALSE, FALSE, TRUE);
INSERT INTO attribute (attribute_id, collection_id, name, type, length, `precision`, allow_null, eav, system) VALUES (202, 30, 'security', 'String', 15, NULL, FALSE, FALSE, TRUE);
INSERT INTO attribute (attribute_id, collection_id, name, type, length, `precision`, allow_null, eav, system) VALUES (203, 30, 'system', 'Boolean', NULL, NULL, FALSE, FALSE, TRUE);
INSERT INTO attribute (attribute_id, collection_id, name, type, length, `precision`, allow_null, eav, system) VALUES (206, 30, 'date_modified', 'DateTime', NULL, NULL, FALSE, FALSE, TRUE);
INSERT INTO attribute (attribute_id, collection_id, name, type, length, `precision`, allow_null, eav, system) VALUES (197, 30, 'path_variable', 'String', 255, NULL, FALSE, FALSE, TRUE);
INSERT INTO attribute (attribute_id, collection_id, name, type, length, `precision`, allow_null, eav, system) VALUES (200, 30, 'segment', 'Long', 11, NULL, FALSE, FALSE, TRUE);
INSERT INTO attribute (attribute_id, collection_id, name, type, length, `precision`, allow_null, eav, system) VALUES (198, 30, 'name', 'String', 255, NULL, FALSE, FALSE, TRUE);
INSERT INTO attribute (attribute_id, collection_id, name, type, length, `precision`, allow_null, eav, system) VALUES (204, 30, 'modified', 'Boolean', NULL, NULL, FALSE, FALSE, TRUE);
INSERT INTO attribute (attribute_id, collection_id, name, type, length, `precision`, allow_null, eav, system) VALUES (208, 31, 'collection_id', 'String', 100, NULL, FALSE, FALSE, TRUE);
INSERT INTO attribute (attribute_id, collection_id, name, type, length, `precision`, allow_null, eav, system) VALUES (209, 31, 'attribute_id', 'String', 100, NULL, FALSE, FALSE, TRUE);
INSERT INTO attribute (attribute_id, collection_id, name, type, length, `precision`, allow_null, eav, system) VALUES (212, 31, 'eav_value', 'Double', 15, 4, TRUE, FALSE, TRUE);
INSERT INTO attribute (attribute_id, collection_id, name, type, length, `precision`, allow_null, eav, system) VALUES (211, 31, 'attribute_type', 'String', 50, NULL, FALSE, FALSE, TRUE);
INSERT INTO attribute (attribute_id, collection_id, name, type, length, `precision`, allow_null, eav, system) VALUES (207, 31, 'eav_decimal_id', 'String', 100, NULL, FALSE, FALSE, TRUE);
INSERT INTO attribute (attribute_id, collection_id, name, type, length, `precision`, allow_null, eav, system) VALUES (210, 31, 'document_id', 'String', 100, NULL, FALSE, FALSE, TRUE);
INSERT INTO attribute (attribute_id, collection_id, name, type, length, `precision`, allow_null, eav, system) VALUES (214, 32, 'collection_id', 'String', 100, NULL, FALSE, FALSE, TRUE);
INSERT INTO attribute (attribute_id, collection_id, name, type, length, `precision`, allow_null, eav, system) VALUES (213, 32, 'eav_integer_id', 'String', 100, NULL, FALSE, FALSE, TRUE);
INSERT INTO attribute (attribute_id, collection_id, name, type, length, `precision`, allow_null, eav, system) VALUES (215, 32, 'attribute_id', 'String', 100, NULL, FALSE, FALSE, TRUE);
INSERT INTO attribute (attribute_id, collection_id, name, type, length, `precision`, allow_null, eav, system) VALUES (218, 32, 'eav_value', 'Long', 11, NULL, TRUE, FALSE, TRUE);
INSERT INTO attribute (attribute_id, collection_id, name, type, length, `precision`, allow_null, eav, system) VALUES (217, 32, 'attribute_type', 'String', 50, NULL, FALSE, FALSE, TRUE);
INSERT INTO attribute (attribute_id, collection_id, name, type, length, `precision`, allow_null, eav, system) VALUES (216, 32, 'document_id', 'String', 100, NULL, FALSE, FALSE, TRUE);
INSERT INTO attribute (attribute_id, collection_id, name, type, length, `precision`, allow_null, eav, system) VALUES (220, 33, 'collection_id', 'String', 100, NULL, FALSE, FALSE, TRUE);
INSERT INTO attribute (attribute_id, collection_id, name, type, length, `precision`, allow_null, eav, system) VALUES (221, 33, 'attribute_id', 'String', 100, NULL, FALSE, FALSE, TRUE);
INSERT INTO attribute (attribute_id, collection_id, name, type, length, `precision`, allow_null, eav, system) VALUES (224, 33, 'eav_value', 'Text', NULL, NULL, TRUE, FALSE, TRUE);
INSERT INTO attribute (attribute_id, collection_id, name, type, length, `precision`, allow_null, eav, system) VALUES (223, 33, 'attribute_type', 'String', 50, NULL, FALSE, FALSE, TRUE);
INSERT INTO attribute (attribute_id, collection_id, name, type, length, `precision`, allow_null, eav, system) VALUES (222, 33, 'document_id', 'String', 100, NULL, FALSE, FALSE, TRUE);
INSERT INTO attribute (attribute_id, collection_id, name, type, length, `precision`, allow_null, eav, system) VALUES (219, 33, 'eav_text_id', 'String', 100, NULL, FALSE, FALSE, TRUE);
INSERT INTO attribute (attribute_id, collection_id, name, type, length, `precision`, allow_null, eav, system) VALUES (226, 34, 'collection_id', 'String', 100, NULL, FALSE, FALSE, TRUE);
INSERT INTO attribute (attribute_id, collection_id, name, type, length, `precision`, allow_null, eav, system) VALUES (225, 34, 'eav_varchar_id', 'String', 100, NULL, FALSE, FALSE, TRUE);
INSERT INTO attribute (attribute_id, collection_id, name, type, length, `precision`, allow_null, eav, system) VALUES (227, 34, 'attribute_id', 'String', 100, NULL, FALSE, FALSE, TRUE);
INSERT INTO attribute (attribute_id, collection_id, name, type, length, `precision`, allow_null, eav, system) VALUES (230, 34, 'eav_value', 'String', 255, NULL, TRUE, FALSE, TRUE);
INSERT INTO attribute (attribute_id, collection_id, name, type, length, `precision`, allow_null, eav, system) VALUES (229, 34, 'attribute_type', 'String', 50, NULL, FALSE, FALSE, TRUE);
INSERT INTO attribute (attribute_id, collection_id, name, type, length, `precision`, allow_null, eav, system) VALUES (228, 34, 'document_id', 'String', 100, NULL, FALSE, FALSE, TRUE);
INSERT INTO attribute (attribute_id, collection_id, name, type, length, `precision`, allow_null, eav, system) VALUES (231, 35, 'eav_boolean_id', 'String', 100, NULL, FALSE, FALSE, TRUE);
INSERT INTO attribute (attribute_id, collection_id, name, type, length, `precision`, allow_null, eav, system) VALUES (232, 35, 'collection_id', 'String', 100, NULL, FALSE, FALSE, TRUE);
INSERT INTO attribute (attribute_id, collection_id, name, type, length, `precision`, allow_null, eav, system) VALUES (233, 35, 'attribute_id', 'String', 100, NULL, FALSE, FALSE, TRUE);
INSERT INTO attribute (attribute_id, collection_id, name, type, length, `precision`, allow_null, eav, system) VALUES (236, 35, 'eav_value', 'Boolean', NULL, NULL, TRUE, FALSE, TRUE);
INSERT INTO attribute (attribute_id, collection_id, name, type, length, `precision`, allow_null, eav, system) VALUES (235, 35, 'attribute_type', 'String', 50, NULL, FALSE, FALSE, TRUE);
INSERT INTO attribute (attribute_id, collection_id, name, type, length, `precision`, allow_null, eav, system) VALUES (234, 35, 'document_id', 'String', 100, NULL, FALSE, FALSE, TRUE);
INSERT INTO attribute (attribute_id, collection_id, name, type, length, `precision`, allow_null, eav, system) VALUES (238, 36, 'collection_id', 'String', 100, NULL, FALSE, FALSE, TRUE);
INSERT INTO attribute (attribute_id, collection_id, name, type, length, `precision`, allow_null, eav, system) VALUES (239, 36, 'attribute_id', 'String', 100, NULL, FALSE, FALSE, TRUE);
INSERT INTO attribute (attribute_id, collection_id, name, type, length, `precision`, allow_null, eav, system) VALUES (242, 36, 'eav_value', 'DateTime', NULL, NULL, TRUE, FALSE, TRUE);
INSERT INTO attribute (attribute_id, collection_id, name, type, length, `precision`, allow_null, eav, system) VALUES (241, 36, 'attribute_type', 'String', 50, NULL, FALSE, FALSE, TRUE);
INSERT INTO attribute (attribute_id, collection_id, name, type, length, `precision`, allow_null, eav, system) VALUES (240, 36, 'document_id', 'String', 100, NULL, FALSE, FALSE, TRUE);
INSERT INTO attribute (attribute_id, collection_id, name, type, length, `precision`, allow_null, eav, system) VALUES (237, 36, 'eav_date_time_id', 'String', 100, NULL, FALSE, FALSE, TRUE);
INSERT INTO attribute (attribute_id, collection_id, name, type, length, `precision`, allow_null, eav, system) VALUES (244, 37, 'collection_id', 'String', 100, NULL, FALSE, FALSE, TRUE);
INSERT INTO attribute (attribute_id, collection_id, name, type, length, `precision`, allow_null, eav, system) VALUES (245, 37, 'attribute_id', 'String', 100, NULL, FALSE, FALSE, TRUE);
INSERT INTO attribute (attribute_id, collection_id, name, type, length, `precision`, allow_null, eav, system) VALUES (248, 37, 'eav_value', 'Date', NULL, NULL, TRUE, FALSE, TRUE);
INSERT INTO attribute (attribute_id, collection_id, name, type, length, `precision`, allow_null, eav, system) VALUES (243, 37, 'eav_date_id', 'String', 100, NULL, FALSE, FALSE, TRUE);
INSERT INTO attribute (attribute_id, collection_id, name, type, length, `precision`, allow_null, eav, system) VALUES (247, 37, 'attribute_type', 'String', 50, NULL, FALSE, FALSE, TRUE);
INSERT INTO attribute (attribute_id, collection_id, name, type, length, `precision`, allow_null, eav, system) VALUES (246, 37, 'document_id', 'String', 100, NULL, FALSE, FALSE, TRUE);
INSERT INTO attribute (attribute_id, collection_id, name, type, length, `precision`, allow_null, eav, system) VALUES (249, 38, 'eav_time_id', 'String', 100, NULL, FALSE, FALSE, TRUE);
INSERT INTO attribute (attribute_id, collection_id, name, type, length, `precision`, allow_null, eav, system) VALUES (250, 38, 'collection_id', 'String', 100, NULL, FALSE, FALSE, TRUE);
INSERT INTO attribute (attribute_id, collection_id, name, type, length, `precision`, allow_null, eav, system) VALUES (251, 38, 'attribute_id', 'String', 100, NULL, FALSE, FALSE, TRUE);
INSERT INTO attribute (attribute_id, collection_id, name, type, length, `precision`, allow_null, eav, system) VALUES (254, 38, 'eav_value', 'Time', NULL, NULL, TRUE, FALSE, TRUE);
INSERT INTO attribute (attribute_id, collection_id, name, type, length, `precision`, allow_null, eav, system) VALUES (253, 38, 'attribute_type', 'String', 50, NULL, FALSE, FALSE, TRUE);
INSERT INTO attribute (attribute_id, collection_id, name, type, length, `precision`, allow_null, eav, system) VALUES (252, 38, 'document_id', 'String', 100, NULL, FALSE, FALSE, TRUE);
INSERT INTO attribute (attribute_id, collection_id, name, type, length, `precision`, allow_null, eav, system) VALUES (256, 39, 'collection_id', 'String', 100, NULL, FALSE, FALSE, TRUE);
INSERT INTO attribute (attribute_id, collection_id, name, type, length, `precision`, allow_null, eav, system) VALUES (255, 39, 'eav_character_id', 'String', 100, NULL, FALSE, FALSE, TRUE);
INSERT INTO attribute (attribute_id, collection_id, name, type, length, `precision`, allow_null, eav, system) VALUES (257, 39, 'attribute_id', 'String', 100, NULL, FALSE, FALSE, TRUE);
INSERT INTO attribute (attribute_id, collection_id, name, type, length, `precision`, allow_null, eav, system) VALUES (260, 39, 'eav_value', 'String', 1, NULL, TRUE, FALSE, TRUE);
INSERT INTO attribute (attribute_id, collection_id, name, type, length, `precision`, allow_null, eav, system) VALUES (259, 39, 'attribute_type', 'String', 50, NULL, FALSE, FALSE, TRUE);
INSERT INTO attribute (attribute_id, collection_id, name, type, length, `precision`, allow_null, eav, system) VALUES (258, 39, 'document_id', 'String', 100, NULL, FALSE, FALSE, TRUE);
INSERT INTO attribute (attribute_id, collection_id, name, type, length, `precision`, allow_null, eav, system) VALUES (261, 40, 'restore_id', 'String', 100, NULL, FALSE, FALSE, TRUE);
INSERT INTO attribute (attribute_id, collection_id, name, type, length, `precision`, allow_null, eav, system) VALUES (262, 40, 'fields', 'Text', NULL, NULL, TRUE, FALSE, TRUE);
INSERT INTO attribute (attribute_id, collection_id, name, type, length, `precision`, allow_null, eav, system) VALUES (263, 40, 'table_name', 'String', 100, NULL, TRUE, FALSE, TRUE);
INSERT INTO attribute (attribute_id, collection_id, name, type, length, `precision`, allow_null, eav, system) VALUES (264, 40, 'date_created', 'DateTime', NULL, NULL, FALSE, FALSE, TRUE);

# instance_attribute
INSERT INTO instance_attribute (instance_attribute_id, collection_id, attribute_id, `order`, system) VALUES (1, 1, 2, 1, true);
INSERT INTO instance_attribute (instance_attribute_id, collection_id, attribute_id, `order`, system) VALUES (2, 2, 7, 2, true);
INSERT INTO instance_attribute (instance_attribute_id, collection_id, attribute_id, `order`, system) VALUES (3, 3, 12, 3, true);
INSERT INTO instance_attribute (instance_attribute_id, collection_id, attribute_id, `order`, system) VALUES (4, 8, 47, 4, true);
INSERT INTO instance_attribute (instance_attribute_id, collection_id, attribute_id, `order`, system) VALUES (5, 9, 51, 5, true);
INSERT INTO instance_attribute (instance_attribute_id, collection_id, attribute_id, `order`, system) VALUES (6, 11, 55, 6, true);
INSERT INTO instance_attribute (instance_attribute_id, collection_id, attribute_id, `order`, system) VALUES (7, 12, 65, 7, true);
INSERT INTO instance_attribute (instance_attribute_id, collection_id, attribute_id, `order`, system) VALUES (8, 15, 92, 8, true);
INSERT INTO instance_attribute (instance_attribute_id, collection_id, attribute_id, `order`, system) VALUES (9, 17, 102, 9, true);
INSERT INTO instance_attribute (instance_attribute_id, collection_id, attribute_id, `order`, system) VALUES (10, 19, 111, 10, true);
INSERT INTO instance_attribute (instance_attribute_id, collection_id, attribute_id, `order`, system) VALUES (11, 20, 121, 11, true);
INSERT INTO instance_attribute (instance_attribute_id, collection_id, attribute_id, `order`, system) VALUES (12, 21, 126, 12, true);
INSERT INTO instance_attribute (instance_attribute_id, collection_id, attribute_id, `order`, system) VALUES (13, 22, 130, 13, true);
INSERT INTO instance_attribute (instance_attribute_id, collection_id, attribute_id, `order`, system) VALUES (14, 23, 139, 14, true);
INSERT INTO instance_attribute (instance_attribute_id, collection_id, attribute_id, `order`, system) VALUES (15, 24, 146, 15, true);
INSERT INTO instance_attribute (instance_attribute_id, collection_id, attribute_id, `order`, system) VALUES (16, 25, 158, 16, true);
INSERT INTO instance_attribute (instance_attribute_id, collection_id, attribute_id, `order`, system) VALUES (17, 28, 179, 17, true);
INSERT INTO instance_attribute (instance_attribute_id, collection_id, attribute_id, `order`, system) VALUES (18, 30, 198, 18, true);

# primary_attribute
INSERT INTO primary_attribute (primary_attribute_id, collection_id, attribute_id, system) VALUES (1, 1, 1, true);
INSERT INTO primary_attribute (primary_attribute_id, collection_id, attribute_id, system) VALUES (2, 2, 6, true);
INSERT INTO primary_attribute (primary_attribute_id, collection_id, attribute_id, system) VALUES (3, 3, 10, true);
INSERT INTO primary_attribute (primary_attribute_id, collection_id, attribute_id, system) VALUES (4, 4, 20, true);
INSERT INTO primary_attribute (primary_attribute_id, collection_id, attribute_id, system) VALUES (5, 5, 25, true);
INSERT INTO primary_attribute (primary_attribute_id, collection_id, attribute_id, system) VALUES (6, 6, 29, true);
INSERT INTO primary_attribute (primary_attribute_id, collection_id, attribute_id, system) VALUES (7, 7, 35, true);
INSERT INTO primary_attribute (primary_attribute_id, collection_id, attribute_id, system) VALUES (8, 8, 46, true);
INSERT INTO primary_attribute (primary_attribute_id, collection_id, attribute_id, system) VALUES (9, 9, 50, true);
INSERT INTO primary_attribute (primary_attribute_id, collection_id, attribute_id, system) VALUES (10, 10, 53, true);
INSERT INTO primary_attribute (primary_attribute_id, collection_id, attribute_id, system) VALUES (11, 11, 54, true);
INSERT INTO primary_attribute (primary_attribute_id, collection_id, attribute_id, system) VALUES (12, 12, 64, true);
INSERT INTO primary_attribute (primary_attribute_id, collection_id, attribute_id, system) VALUES (13, 13, 75, true);
INSERT INTO primary_attribute (primary_attribute_id, collection_id, attribute_id, system) VALUES (14, 14, 82, true);
INSERT INTO primary_attribute (primary_attribute_id, collection_id, attribute_id, system) VALUES (15, 15, 91, true);
INSERT INTO primary_attribute (primary_attribute_id, collection_id, attribute_id, system) VALUES (16, 16, 97, true);
INSERT INTO primary_attribute (primary_attribute_id, collection_id, attribute_id, system) VALUES (17, 17, 101, true);
INSERT INTO primary_attribute (primary_attribute_id, collection_id, attribute_id, system) VALUES (18, 18, 104, true);
INSERT INTO primary_attribute (primary_attribute_id, collection_id, attribute_id, system) VALUES (19, 19, 110, true);
INSERT INTO primary_attribute (primary_attribute_id, collection_id, attribute_id, system) VALUES (20, 20, 119, true);
INSERT INTO primary_attribute (primary_attribute_id, collection_id, attribute_id, system) VALUES (21, 21, 125, true);
INSERT INTO primary_attribute (primary_attribute_id, collection_id, attribute_id, system) VALUES (22, 22, 129, true);
INSERT INTO primary_attribute (primary_attribute_id, collection_id, attribute_id, system) VALUES (23, 23, 137, true);
INSERT INTO primary_attribute (primary_attribute_id, collection_id, attribute_id, system) VALUES (24, 24, 145, true);
INSERT INTO primary_attribute (primary_attribute_id, collection_id, attribute_id, system) VALUES (25, 25, 156, true);
INSERT INTO primary_attribute (primary_attribute_id, collection_id, attribute_id, system) VALUES (26, 26, 169, true);
INSERT INTO primary_attribute (primary_attribute_id, collection_id, attribute_id, system) VALUES (27, 27, 173, true);
INSERT INTO primary_attribute (primary_attribute_id, collection_id, attribute_id, system) VALUES (28, 28, 177, true);
INSERT INTO primary_attribute (primary_attribute_id, collection_id, attribute_id, system) VALUES (29, 29, 189, true);
INSERT INTO primary_attribute (primary_attribute_id, collection_id, attribute_id, system) VALUES (30, 30, 194, true);
INSERT INTO primary_attribute (primary_attribute_id, collection_id, attribute_id, system) VALUES (31, 31, 207, true);
INSERT INTO primary_attribute (primary_attribute_id, collection_id, attribute_id, system) VALUES (32, 32, 213, true);
INSERT INTO primary_attribute (primary_attribute_id, collection_id, attribute_id, system) VALUES (33, 33, 219, true);
INSERT INTO primary_attribute (primary_attribute_id, collection_id, attribute_id, system) VALUES (34, 34, 225, true);
INSERT INTO primary_attribute (primary_attribute_id, collection_id, attribute_id, system) VALUES (35, 35, 231, true);
INSERT INTO primary_attribute (primary_attribute_id, collection_id, attribute_id, system) VALUES (36, 36, 237, true);
INSERT INTO primary_attribute (primary_attribute_id, collection_id, attribute_id, system) VALUES (37, 37, 243, true);
INSERT INTO primary_attribute (primary_attribute_id, collection_id, attribute_id, system) VALUES (38, 38, 249, true);
INSERT INTO primary_attribute (primary_attribute_id, collection_id, attribute_id, system) VALUES (39, 39, 255, true);
INSERT INTO primary_attribute (primary_attribute_id, collection_id, attribute_id, system) VALUES (40, 40, 261, true);

# index_attribute table
INSERT INTO index_attribute (index_attribute_id, collection_id, attribute_id, name, type, system) VALUES (1, 1, 5, 'index__collection__mutable', 'KEY', true);
INSERT INTO index_attribute (index_attribute_id, collection_id, attribute_id, name, type, system) VALUES (2, 1, 4, 'index__collection__system', 'KEY', true);
INSERT INTO index_attribute (index_attribute_id, collection_id, attribute_id, name, type, system) VALUES (3, 1, 3, 'index__collection__locked', 'KEY', true);
INSERT INTO index_attribute (index_attribute_id, collection_id, attribute_id, name, type, system) VALUES (4, 1, 2, 'unique__collection__name', 'UNIQUE KEY', true);
INSERT INTO index_attribute (index_attribute_id, collection_id, attribute_id, name, type, system) VALUES (5, 2, 9, 'index__view__system', 'KEY', true);
INSERT INTO index_attribute (index_attribute_id, collection_id, attribute_id, name, type, system) VALUES (6, 2, 7, 'unique__view__name', 'UNIQUE KEY', true);
INSERT INTO index_attribute (index_attribute_id, collection_id, attribute_id, name, type, system) VALUES (7, 3, 19, 'index__attribute__system', 'KEY', true);
INSERT INTO index_attribute (index_attribute_id, collection_id, attribute_id, name, type, system) VALUES (8, 3, 13, 'index__attribute__type', 'KEY', true);
INSERT INTO index_attribute (index_attribute_id, collection_id, attribute_id, name, type, system) VALUES (9, 3, 16, 'index__attribute__order', 'KEY', true);
INSERT INTO index_attribute (index_attribute_id, collection_id, attribute_id, name, type, system) VALUES (10, 3, 18, 'index__attribute__eav', 'KEY', true);
INSERT INTO index_attribute (index_attribute_id, collection_id, attribute_id, name, type, system) VALUES (11, 3, 12, 'unique__attribute__name__collection_id', 'UNIQUE KEY', true);
INSERT INTO index_attribute (index_attribute_id, collection_id, attribute_id, name, type, system) VALUES (12, 3, 11, 'unique__attribute__name__collection_id', 'UNIQUE KEY', true);
INSERT INTO index_attribute (index_attribute_id, collection_id, attribute_id, name, type, system) VALUES (13, 4, 23, 'index__instance_attribute__order', 'KEY', true);
INSERT INTO index_attribute (index_attribute_id, collection_id, attribute_id, name, type, system) VALUES (14, 4, 24, 'index__instance_attribute__system', 'KEY', true);
INSERT INTO index_attribute (index_attribute_id, collection_id, attribute_id, name, type, system) VALUES (15, 4, 22, 'unique__instance_attribute__attribute_id__collection_id', 'UNIQUE KEY', true);
INSERT INTO index_attribute (index_attribute_id, collection_id, attribute_id, name, type, system) VALUES (16, 4, 21, 'unique__instance_attribute__attribute_id__collection_id', 'UNIQUE KEY', true);
INSERT INTO index_attribute (index_attribute_id, collection_id, attribute_id, name, type, system) VALUES (17, 5, 28, 'index__primary_attribute__system', 'KEY', true);
INSERT INTO index_attribute (index_attribute_id, collection_id, attribute_id, name, type, system) VALUES (18, 5, 26, 'unique__primary_attribute__collection_id__attribute_id', 'UNIQUE KEY', true);
INSERT INTO index_attribute (index_attribute_id, collection_id, attribute_id, name, type, system) VALUES (19, 5, 27, 'unique__primary_attribute__collection_id__attribute_id', 'UNIQUE KEY', true);
INSERT INTO index_attribute (index_attribute_id, collection_id, attribute_id, name, type, system) VALUES (20, 6, 34, 'index__index_attribute__system', 'KEY', true);
INSERT INTO index_attribute (index_attribute_id, collection_id, attribute_id, name, type, system) VALUES (21, 6, 30, 'unique__index_attribute__collection_id__attribute_id__type__name', 'UNIQUE KEY', true);
INSERT INTO index_attribute (index_attribute_id, collection_id, attribute_id, name, type, system) VALUES (22, 6, 31, 'unique__index_attribute__collection_id__attribute_id__type__name', 'UNIQUE KEY', true);
INSERT INTO index_attribute (index_attribute_id, collection_id, attribute_id, name, type, system) VALUES (23, 6, 33, 'unique__index_attribute__collection_id__attribute_id__type__name', 'UNIQUE KEY', true);
INSERT INTO index_attribute (index_attribute_id, collection_id, attribute_id, name, type, system) VALUES (24, 6, 32, 'unique__index_attribute__collection_id__attribute_id__type__name', 'UNIQUE KEY', true);
INSERT INTO index_attribute (index_attribute_id, collection_id, attribute_id, name, type, system) VALUES (25, 7, 39, 'index__relationship__join_type', 'KEY', true);
INSERT INTO index_attribute (index_attribute_id, collection_id, attribute_id, name, type, system) VALUES (26, 7, 43, 'index__relationship__many_join_attribute_id', 'KEY', true);
INSERT INTO index_attribute (index_attribute_id, collection_id, attribute_id, name, type, system) VALUES (27, 7, 44, 'index__relationship__many_reverse_attribute_id', 'KEY', true);
INSERT INTO index_attribute (index_attribute_id, collection_id, attribute_id, name, type, system) VALUES (28, 7, 40, 'index__relationship__join_collection_id', 'KEY', true);
INSERT INTO index_attribute (index_attribute_id, collection_id, attribute_id, name, type, system) VALUES (29, 7, 45, 'index__relationship__system', 'KEY', true);
INSERT INTO index_attribute (index_attribute_id, collection_id, attribute_id, name, type, system) VALUES (30, 7, 37, 'index__relationship__attribute_id', 'KEY', true);
INSERT INTO index_attribute (index_attribute_id, collection_id, attribute_id, name, type, system) VALUES (31, 7, 42, 'index__relationship__many_collection_id', 'KEY', true);
INSERT INTO index_attribute (index_attribute_id, collection_id, attribute_id, name, type, system) VALUES (32, 7, 41, 'index__relationship__join_attribute_id', 'KEY', true);
INSERT INTO index_attribute (index_attribute_id, collection_id, attribute_id, name, type, system) VALUES (33, 7, 36, 'unique__relationship__collection_id__name__attribute_id', 'UNIQUE KEY', true);
INSERT INTO index_attribute (index_attribute_id, collection_id, attribute_id, name, type, system) VALUES (34, 7, 38, 'unique__relationship__collection_id__name__attribute_id', 'UNIQUE KEY', true);
INSERT INTO index_attribute (index_attribute_id, collection_id, attribute_id, name, type, system) VALUES (35, 7, 37, 'unique__relationship__collection_id__name__attribute_id', 'UNIQUE KEY', true);
INSERT INTO index_attribute (index_attribute_id, collection_id, attribute_id, name, type, system) VALUES (36, 8, 48, 'index__role__system', 'KEY', true);
INSERT INTO index_attribute (index_attribute_id, collection_id, attribute_id, name, type, system) VALUES (37, 8, 49, 'index__role__description', 'KEY', true);
INSERT INTO index_attribute (index_attribute_id, collection_id, attribute_id, name, type, system) VALUES (38, 8, 47, 'unique__role__name', 'UNIQUE KEY', true);
INSERT INTO index_attribute (index_attribute_id, collection_id, attribute_id, name, type, system) VALUES (39, 9, 52, 'index__security_instantiation__system', 'KEY', true);
INSERT INTO index_attribute (index_attribute_id, collection_id, attribute_id, name, type, system) VALUES (40, 9, 51, 'unique__security_instantiation__java_class', 'UNIQUE KEY', true);
INSERT INTO index_attribute (index_attribute_id, collection_id, attribute_id, name, type, system) VALUES (41, 11, 57, 'index__user__full_name', 'KEY', true);
INSERT INTO index_attribute (index_attribute_id, collection_id, attribute_id, name, type, system) VALUES (42, 11, 58, 'index__user__role_id', 'KEY', true);
INSERT INTO index_attribute (index_attribute_id, collection_id, attribute_id, name, type, system) VALUES (43, 11, 63, 'index__user__status', 'KEY', true);
INSERT INTO index_attribute (index_attribute_id, collection_id, attribute_id, name, type, system) VALUES (44, 11, 61, 'index__user__account_non_locked', 'KEY', true);
INSERT INTO index_attribute (index_attribute_id, collection_id, attribute_id, name, type, system) VALUES (45, 11, 59, 'index__user__system', 'KEY', true);
INSERT INTO index_attribute (index_attribute_id, collection_id, attribute_id, name, type, system) VALUES (46, 11, 60, 'index__user__account_non_expired', 'KEY', true);
INSERT INTO index_attribute (index_attribute_id, collection_id, attribute_id, name, type, system) VALUES (47, 11, 62, 'index__user__credentials_non_expired', 'KEY', true);
INSERT INTO index_attribute (index_attribute_id, collection_id, attribute_id, name, type, system) VALUES (48, 11, 56, 'index__user__password', 'KEY', true);
INSERT INTO index_attribute (index_attribute_id, collection_id, attribute_id, name, type, system) VALUES (49, 11, 55, 'unique__user__login', 'UNIQUE KEY', true);
INSERT INTO index_attribute (index_attribute_id, collection_id, attribute_id, name, type, system) VALUES (50, 12, 67, 'index__job__consume', 'KEY', true);
INSERT INTO index_attribute (index_attribute_id, collection_id, attribute_id, name, type, system) VALUES (51, 12, 74, 'index__job__system', 'KEY', true);
INSERT INTO index_attribute (index_attribute_id, collection_id, attribute_id, name, type, system) VALUES (52, 12, 72, 'index__job__security', 'KEY', true);
INSERT INTO index_attribute (index_attribute_id, collection_id, attribute_id, name, type, system) VALUES (53, 12, 70, 'index__job__error_class', 'KEY', true);
INSERT INTO index_attribute (index_attribute_id, collection_id, attribute_id, name, type, system) VALUES (54, 12, 73, 'index__job__date_created', 'KEY', true);
INSERT INTO index_attribute (index_attribute_id, collection_id, attribute_id, name, type, system) VALUES (55, 12, 71, 'index__job__date_last_executed', 'KEY', true);
INSERT INTO index_attribute (index_attribute_id, collection_id, attribute_id, name, type, system) VALUES (56, 12, 66, 'index__job__cron', 'KEY', true);
INSERT INTO index_attribute (index_attribute_id, collection_id, attribute_id, name, type, system) VALUES (57, 12, 69, 'index__job__error_message', 'KEY', true);
INSERT INTO index_attribute (index_attribute_id, collection_id, attribute_id, name, type, system) VALUES (58, 12, 65, 'unique__job__name', 'UNIQUE KEY', true);
INSERT INTO index_attribute (index_attribute_id, collection_id, attribute_id, name, type, system) VALUES (59, 13, 81, 'index__socket__system', 'KEY', true);
INSERT INTO index_attribute (index_attribute_id, collection_id, attribute_id, name, type, system) VALUES (60, 13, 76, 'index__socket__user_id', 'KEY', true);
INSERT INTO index_attribute (index_attribute_id, collection_id, attribute_id, name, type, system) VALUES (61, 13, 80, 'index__socket__page_key', 'KEY', true);
INSERT INTO index_attribute (index_attribute_id, collection_id, attribute_id, name, type, system) VALUES (62, 13, 77, 'index__socket__session_id', 'KEY', true);
INSERT INTO index_attribute (index_attribute_id, collection_id, attribute_id, name, type, system) VALUES (63, 13, 79, 'index__socket__resource_name', 'KEY', true);
INSERT INTO index_attribute (index_attribute_id, collection_id, attribute_id, name, type, system) VALUES (64, 13, 78, 'index__socket__date_created', 'KEY', true);
INSERT INTO index_attribute (index_attribute_id, collection_id, attribute_id, name, type, system) VALUES (65, 14, 90, 'index__file__system', 'KEY', true);
INSERT INTO index_attribute (index_attribute_id, collection_id, attribute_id, name, type, system) VALUES (66, 14, 83, 'index__file__name', 'KEY', true);
INSERT INTO index_attribute (index_attribute_id, collection_id, attribute_id, name, type, system) VALUES (67, 14, 84, 'index__file__label', 'KEY', true);
INSERT INTO index_attribute (index_attribute_id, collection_id, attribute_id, name, type, system) VALUES (68, 14, 85, 'index__file__path', 'KEY', true);
INSERT INTO index_attribute (index_attribute_id, collection_id, attribute_id, name, type, system) VALUES (69, 14, 86, 'index__file__mime', 'KEY', true);
INSERT INTO index_attribute (index_attribute_id, collection_id, attribute_id, name, type, system) VALUES (70, 14, 88, 'index__file__length', 'KEY', true);
INSERT INTO index_attribute (index_attribute_id, collection_id, attribute_id, name, type, system) VALUES (71, 14, 89, 'index__file__date_created', 'KEY', true);
INSERT INTO index_attribute (index_attribute_id, collection_id, attribute_id, name, type, system) VALUES (72, 14, 87, 'index__file__extension', 'KEY', true);
INSERT INTO index_attribute (index_attribute_id, collection_id, attribute_id, name, type, system) VALUES (73, 15, 94, 'index__enum__format', 'KEY', true);
INSERT INTO index_attribute (index_attribute_id, collection_id, attribute_id, name, type, system) VALUES (74, 15, 95, 'index__enum__description', 'KEY', true);
INSERT INTO index_attribute (index_attribute_id, collection_id, attribute_id, name, type, system) VALUES (75, 15, 96, 'index__enum__system', 'KEY', true);
INSERT INTO index_attribute (index_attribute_id, collection_id, attribute_id, name, type, system) VALUES (76, 15, 93, 'index__enum__type', 'KEY', true);
INSERT INTO index_attribute (index_attribute_id, collection_id, attribute_id, name, type, system) VALUES (77, 15, 92, 'unique__enum__name', 'UNIQUE KEY', true);
INSERT INTO index_attribute (index_attribute_id, collection_id, attribute_id, name, type, system) VALUES (78, 16, 100, 'index__enum_item__system', 'KEY', true);
INSERT INTO index_attribute (index_attribute_id, collection_id, attribute_id, name, type, system) VALUES (79, 16, 98, 'unique__enum_item__enum_id__value', 'UNIQUE KEY', true);
INSERT INTO index_attribute (index_attribute_id, collection_id, attribute_id, name, type, system) VALUES (80, 16, 99, 'unique__enum_item__enum_id__value', 'UNIQUE KEY', true);
INSERT INTO index_attribute (index_attribute_id, collection_id, attribute_id, name, type, system) VALUES (81, 17, 103, 'index__setting__value', 'KEY', true);
INSERT INTO index_attribute (index_attribute_id, collection_id, attribute_id, name, type, system) VALUES (82, 17, 102, 'index__setting__name', 'UNIQUE KEY', true);
INSERT INTO index_attribute (index_attribute_id, collection_id, attribute_id, name, type, system) VALUES (83, 18, 106, 'index__localization__page', 'KEY', true);
INSERT INTO index_attribute (index_attribute_id, collection_id, attribute_id, name, type, system) VALUES (84, 18, 107, 'index__localization__language', 'KEY', true);
INSERT INTO index_attribute (index_attribute_id, collection_id, attribute_id, name, type, system) VALUES (85, 18, 108, 'index__localization__label', 'KEY', true);
INSERT INTO index_attribute (index_attribute_id, collection_id, attribute_id, name, type, system) VALUES (86, 18, 105, 'index__localization__key', 'KEY', true);
INSERT INTO index_attribute (index_attribute_id, collection_id, attribute_id, name, type, system) VALUES (87, 18, 109, 'index__localization__system', 'KEY', true);
INSERT INTO index_attribute (index_attribute_id, collection_id, attribute_id, name, type, system) VALUES (88, 18, 105, 'index__localization__key__page__language', 'UNIQUE KEY', true);
INSERT INTO index_attribute (index_attribute_id, collection_id, attribute_id, name, type, system) VALUES (89, 18, 106, 'index__localization__key__page__language', 'UNIQUE KEY', true);
INSERT INTO index_attribute (index_attribute_id, collection_id, attribute_id, name, type, system) VALUES (90, 18, 107, 'index__localization__key__page__language', 'UNIQUE KEY', true);
INSERT INTO index_attribute (index_attribute_id, collection_id, attribute_id, name, type, system) VALUES (91, 19, 115, 'index__query__return_sub_type', 'KEY', true);
INSERT INTO index_attribute (index_attribute_id, collection_id, attribute_id, name, type, system) VALUES (92, 19, 117, 'index__query__security', 'KEY', true);
INSERT INTO index_attribute (index_attribute_id, collection_id, attribute_id, name, type, system) VALUES (93, 19, 116, 'index__query__date_created', 'KEY', true);
INSERT INTO index_attribute (index_attribute_id, collection_id, attribute_id, name, type, system) VALUES (94, 19, 112, 'index__query__description', 'KEY', true);
INSERT INTO index_attribute (index_attribute_id, collection_id, attribute_id, name, type, system) VALUES (95, 19, 118, 'index__query__system', 'KEY', true);
INSERT INTO index_attribute (index_attribute_id, collection_id, attribute_id, name, type, system) VALUES (96, 19, 114, 'index__query__return_type', 'KEY', true);
INSERT INTO index_attribute (index_attribute_id, collection_id, attribute_id, name, type, system) VALUES (97, 19, 111, 'unique__query__name', 'UNIQUE KEY', true);
INSERT INTO index_attribute (index_attribute_id, collection_id, attribute_id, name, type, system) VALUES (98, 20, 120, 'index__query_parameter__query_id', 'KEY', true);
INSERT INTO index_attribute (index_attribute_id, collection_id, attribute_id, name, type, system) VALUES (99, 20, 124, 'index__query_parameter__system', 'KEY', true);
INSERT INTO index_attribute (index_attribute_id, collection_id, attribute_id, name, type, system) VALUES (100, 20, 121, 'index__query_parameter__name', 'KEY', true);
INSERT INTO index_attribute (index_attribute_id, collection_id, attribute_id, name, type, system) VALUES (101, 20, 122, 'index__query_parameter__type', 'KEY', true);
INSERT INTO index_attribute (index_attribute_id, collection_id, attribute_id, name, type, system) VALUES (102, 20, 123, 'index__query_parameter__sub_type', 'KEY', true);
INSERT INTO index_attribute (index_attribute_id, collection_id, attribute_id, name, type, system) VALUES (103, 20, 121, 'unique__query_parameter__name__query_id', 'UNIQUE KEY', true);
INSERT INTO index_attribute (index_attribute_id, collection_id, attribute_id, name, type, system) VALUES (104, 20, 120, 'unique__query_parameter__name__query_id', 'UNIQUE KEY', true);
INSERT INTO index_attribute (index_attribute_id, collection_id, attribute_id, name, type, system) VALUES (105, 21, 127, 'index__section__system', 'KEY', true);
INSERT INTO index_attribute (index_attribute_id, collection_id, attribute_id, name, type, system) VALUES (106, 21, 128, 'index__section__order', 'KEY', true);
INSERT INTO index_attribute (index_attribute_id, collection_id, attribute_id, name, type, system) VALUES (107, 21, 126, 'unique__section__title', 'UNIQUE KEY', true);
INSERT INTO index_attribute (index_attribute_id, collection_id, attribute_id, name, type, system) VALUES (108, 22, 136, 'index__menu__order', 'KEY', true);
INSERT INTO index_attribute (index_attribute_id, collection_id, attribute_id, name, type, system) VALUES (109, 22, 131, 'index__menu__path', 'KEY', true);
INSERT INTO index_attribute (index_attribute_id, collection_id, attribute_id, name, type, system) VALUES (110, 22, 133, 'index__menu__icon', 'KEY', true);
INSERT INTO index_attribute (index_attribute_id, collection_id, attribute_id, name, type, system) VALUES (111, 22, 130, 'index__menu__title', 'KEY', true);
INSERT INTO index_attribute (index_attribute_id, collection_id, attribute_id, name, type, system) VALUES (112, 22, 135, 'index__menu__parent_menu_id', 'KEY', true);
INSERT INTO index_attribute (index_attribute_id, collection_id, attribute_id, name, type, system) VALUES (113, 22, 134, 'index__menu__section_id', 'KEY', true);
INSERT INTO index_attribute (index_attribute_id, collection_id, attribute_id, name, type, system) VALUES (114, 22, 132, 'index__menu__system', 'KEY', true);
INSERT INTO index_attribute (index_attribute_id, collection_id, attribute_id, name, type, system) VALUES (115, 23, 144, 'index__menu_item__section_id', 'KEY', true);
INSERT INTO index_attribute (index_attribute_id, collection_id, attribute_id, name, type, system) VALUES (116, 23, 142, 'index__menu_item__order', 'KEY', true);
INSERT INTO index_attribute (index_attribute_id, collection_id, attribute_id, name, type, system) VALUES (117, 23, 139, 'index__menu_item__title', 'KEY', true);
INSERT INTO index_attribute (index_attribute_id, collection_id, attribute_id, name, type, system) VALUES (118, 23, 141, 'index__menu_item__icon', 'KEY', true);
INSERT INTO index_attribute (index_attribute_id, collection_id, attribute_id, name, type, system) VALUES (119, 23, 140, 'index__menu_item__system', 'KEY', true);
INSERT INTO index_attribute (index_attribute_id, collection_id, attribute_id, name, type, system) VALUES (120, 23, 138, 'index__menu_item__menu_id', 'KEY', true);
INSERT INTO index_attribute (index_attribute_id, collection_id, attribute_id, name, type, system) VALUES (121, 23, 143, 'unique__menu_item__page_id', 'UNIQUE KEY', true);
INSERT INTO index_attribute (index_attribute_id, collection_id, attribute_id, name, type, system) VALUES (122, 24, 151, 'index__layout__html_crc32', 'KEY', true);
INSERT INTO index_attribute (index_attribute_id, collection_id, attribute_id, name, type, system) VALUES (123, 24, 154, 'index__layout__date_modified', 'KEY', true);
INSERT INTO index_attribute (index_attribute_id, collection_id, attribute_id, name, type, system) VALUES (124, 24, 155, 'index__layout__cms_layout', 'KEY', true);
INSERT INTO index_attribute (index_attribute_id, collection_id, attribute_id, name, type, system) VALUES (125, 24, 153, 'index__layout__date_created', 'KEY', true);
INSERT INTO index_attribute (index_attribute_id, collection_id, attribute_id, name, type, system) VALUES (126, 24, 147, 'index__layout__description', 'KEY', true);
INSERT INTO index_attribute (index_attribute_id, collection_id, attribute_id, name, type, system) VALUES (127, 24, 148, 'index__layout__system', 'KEY', true);
INSERT INTO index_attribute (index_attribute_id, collection_id, attribute_id, name, type, system) VALUES (128, 24, 152, 'index__layout__modified', 'KEY', true);
INSERT INTO index_attribute (index_attribute_id, collection_id, attribute_id, name, type, system) VALUES (129, 24, 146, 'unique__layout__title', 'UNIQUE KEY', true);
INSERT INTO index_attribute (index_attribute_id, collection_id, attribute_id, name, type, system) VALUES (130, 24, 149, 'unique__layout__groovy_id', 'UNIQUE KEY', true);
INSERT INTO index_attribute (index_attribute_id, collection_id, attribute_id, name, type, system) VALUES (131, 25, 166, 'index__page__date_created', 'KEY', true);
INSERT INTO index_attribute (index_attribute_id, collection_id, attribute_id, name, type, system) VALUES (132, 25, 165, 'index__page__modified', 'KEY', true);
INSERT INTO index_attribute (index_attribute_id, collection_id, attribute_id, name, type, system) VALUES (133, 25, 162, 'index__page__groovy_id', 'KEY', true);
INSERT INTO index_attribute (index_attribute_id, collection_id, attribute_id, name, type, system) VALUES (134, 25, 158, 'index__page__title', 'KEY', true);
INSERT INTO index_attribute (index_attribute_id, collection_id, attribute_id, name, type, system) VALUES (135, 25, 168, 'index__page__cms_page', 'KEY', true);
INSERT INTO index_attribute (index_attribute_id, collection_id, attribute_id, name, type, system) VALUES (136, 25, 157, 'index__page__layout_id', 'KEY', true);
INSERT INTO index_attribute (index_attribute_id, collection_id, attribute_id, name, type, system) VALUES (137, 25, 167, 'index__page__date_modified', 'KEY', true);
INSERT INTO index_attribute (index_attribute_id, collection_id, attribute_id, name, type, system) VALUES (138, 25, 161, 'index__page__system', 'KEY', true);
INSERT INTO index_attribute (index_attribute_id, collection_id, attribute_id, name, type, system) VALUES (139, 25, 160, 'index__page__description', 'KEY', true);
INSERT INTO index_attribute (index_attribute_id, collection_id, attribute_id, name, type, system) VALUES (140, 25, 164, 'index__page__html_crc32', 'KEY', true);
INSERT INTO index_attribute (index_attribute_id, collection_id, attribute_id, name, type, system) VALUES (141, 25, 159, 'unique__page__path', 'UNIQUE KEY', true);
INSERT INTO index_attribute (index_attribute_id, collection_id, attribute_id, name, type, system) VALUES (142, 26, 172, 'unique__page_role__system', 'KEY', true);
INSERT INTO index_attribute (index_attribute_id, collection_id, attribute_id, name, type, system) VALUES (143, 26, 170, 'unique__page_role__page_id__role_id', 'UNIQUE KEY', true);
INSERT INTO index_attribute (index_attribute_id, collection_id, attribute_id, name, type, system) VALUES (144, 26, 171, 'unique__page_role__page_id__role_id', 'UNIQUE KEY', true);
INSERT INTO index_attribute (index_attribute_id, collection_id, attribute_id, name, type, system) VALUES (145, 27, 176, 'unique__rest_role__system', 'KEY', true);
INSERT INTO index_attribute (index_attribute_id, collection_id, attribute_id, name, type, system) VALUES (146, 27, 174, 'unique__rest_role__rest_id__role_id', 'UNIQUE KEY', true);
INSERT INTO index_attribute (index_attribute_id, collection_id, attribute_id, name, type, system) VALUES (147, 27, 175, 'unique__rest_role__rest_id__role_id', 'UNIQUE KEY', true);
INSERT INTO index_attribute (index_attribute_id, collection_id, attribute_id, name, type, system) VALUES (148, 28, 179, 'index__block__title', 'KEY', true);
INSERT INTO index_attribute (index_attribute_id, collection_id, attribute_id, name, type, system) VALUES (149, 28, 180, 'index__block__description', 'KEY', true);
INSERT INTO index_attribute (index_attribute_id, collection_id, attribute_id, name, type, system) VALUES (150, 28, 187, 'index__block__date_modified', 'KEY', true);
INSERT INTO index_attribute (index_attribute_id, collection_id, attribute_id, name, type, system) VALUES (151, 28, 188, 'index__block__system', 'KEY', true);
INSERT INTO index_attribute (index_attribute_id, collection_id, attribute_id, name, type, system) VALUES (152, 28, 186, 'index__block__date_created', 'KEY', true);
INSERT INTO index_attribute (index_attribute_id, collection_id, attribute_id, name, type, system) VALUES (153, 28, 185, 'index__block__modified', 'KEY', true);
INSERT INTO index_attribute (index_attribute_id, collection_id, attribute_id, name, type, system) VALUES (154, 28, 178, 'unique__block__code', 'UNIQUE KEY', true);
INSERT INTO index_attribute (index_attribute_id, collection_id, attribute_id, name, type, system) VALUES (155, 29, 193, 'index__groovy__system', 'KEY', true);
INSERT INTO index_attribute (index_attribute_id, collection_id, attribute_id, name, type, system) VALUES (156, 29, 192, 'index__groovy__script_crc32', 'KEY', true);
INSERT INTO index_attribute (index_attribute_id, collection_id, attribute_id, name, type, system) VALUES (157, 29, 190, 'unique__groovy__java_class', 'UNIQUE KEY', true);
INSERT INTO index_attribute (index_attribute_id, collection_id, attribute_id, name, type, system) VALUES (158, 30, 199, 'index__rest__description', 'KEY', true);
INSERT INTO index_attribute (index_attribute_id, collection_id, attribute_id, name, type, system) VALUES (159, 30, 200, 'index__rest__segment', 'KEY', true);
INSERT INTO index_attribute (index_attribute_id, collection_id, attribute_id, name, type, system) VALUES (160, 30, 203, 'index__rest__system', 'KEY', true);
INSERT INTO index_attribute (index_attribute_id, collection_id, attribute_id, name, type, system) VALUES (161, 30, 201, 'index__rest__groovy_id', 'KEY', true);
INSERT INTO index_attribute (index_attribute_id, collection_id, attribute_id, name, type, system) VALUES (162, 30, 204, 'index__rest__modified', 'KEY', true);
INSERT INTO index_attribute (index_attribute_id, collection_id, attribute_id, name, type, system) VALUES (163, 30, 202, 'index__rest__security', 'KEY', true);
INSERT INTO index_attribute (index_attribute_id, collection_id, attribute_id, name, type, system) VALUES (164, 30, 205, 'index__rest__date_created', 'KEY', true);
INSERT INTO index_attribute (index_attribute_id, collection_id, attribute_id, name, type, system) VALUES (165, 30, 206, 'index__rest__date_modified', 'KEY', true);
INSERT INTO index_attribute (index_attribute_id, collection_id, attribute_id, name, type, system) VALUES (166, 30, 198, 'index__rest__name', 'KEY', true);
INSERT INTO index_attribute (index_attribute_id, collection_id, attribute_id, name, type, system) VALUES (167, 30, 196, 'unique__rest__path__method', 'UNIQUE KEY', true);
INSERT INTO index_attribute (index_attribute_id, collection_id, attribute_id, name, type, system) VALUES (168, 30, 195, 'unique__rest__path__method', 'UNIQUE KEY', true);
INSERT INTO index_attribute (index_attribute_id, collection_id, attribute_id, name, type, system) VALUES (169, 30, 197, 'unique__rest__path_variable__method', 'UNIQUE KEY', true);
INSERT INTO index_attribute (index_attribute_id, collection_id, attribute_id, name, type, system) VALUES (170, 30, 195, 'unique__rest__path_variable__method', 'UNIQUE KEY', true);
INSERT INTO index_attribute (index_attribute_id, collection_id, attribute_id, name, type, system) VALUES (171, 31, 208, 'index__eav_decimal__collection_id', 'KEY', true);
INSERT INTO index_attribute (index_attribute_id, collection_id, attribute_id, name, type, system) VALUES (172, 31, 212, 'index__eav_decimal__eav_value', 'KEY', true);
INSERT INTO index_attribute (index_attribute_id, collection_id, attribute_id, name, type, system) VALUES (173, 31, 210, 'index__eav_decimal__document_id', 'KEY', true);
INSERT INTO index_attribute (index_attribute_id, collection_id, attribute_id, name, type, system) VALUES (174, 31, 209, 'index__eav_decimal__attribute_id', 'KEY', true);
INSERT INTO index_attribute (index_attribute_id, collection_id, attribute_id, name, type, system) VALUES (175, 31, 211, 'index__eav_decimal__attribute_type', 'KEY', true);
INSERT INTO index_attribute (index_attribute_id, collection_id, attribute_id, name, type, system) VALUES (176, 31, 208, 'unique__eav_decimal__collection_id__attribute_id__document_id', 'UNIQUE KEY', true);
INSERT INTO index_attribute (index_attribute_id, collection_id, attribute_id, name, type, system) VALUES (177, 31, 209, 'unique__eav_decimal__collection_id__attribute_id__document_id', 'UNIQUE KEY', true);
INSERT INTO index_attribute (index_attribute_id, collection_id, attribute_id, name, type, system) VALUES (178, 31, 210, 'unique__eav_decimal__collection_id__attribute_id__document_id', 'UNIQUE KEY', true);
INSERT INTO index_attribute (index_attribute_id, collection_id, attribute_id, name, type, system) VALUES (179, 32, 214, 'index__eav_integer__collection_id', 'KEY', true);
INSERT INTO index_attribute (index_attribute_id, collection_id, attribute_id, name, type, system) VALUES (180, 32, 216, 'index__eav_integer__document_id', 'KEY', true);
INSERT INTO index_attribute (index_attribute_id, collection_id, attribute_id, name, type, system) VALUES (181, 32, 218, 'index__eav_integer__eav_value', 'KEY', true);
INSERT INTO index_attribute (index_attribute_id, collection_id, attribute_id, name, type, system) VALUES (182, 32, 217, 'index__eav_integer__attribute_type', 'KEY', true);
INSERT INTO index_attribute (index_attribute_id, collection_id, attribute_id, name, type, system) VALUES (183, 32, 215, 'index__eav_integer__attribute_id', 'KEY', true);
INSERT INTO index_attribute (index_attribute_id, collection_id, attribute_id, name, type, system) VALUES (184, 32, 214, 'unique__eav_integer__collection_id__attribute_id__document_id', 'UNIQUE KEY', true);
INSERT INTO index_attribute (index_attribute_id, collection_id, attribute_id, name, type, system) VALUES (185, 32, 215, 'unique__eav_integer__collection_id__attribute_id__document_id', 'UNIQUE KEY', true);
INSERT INTO index_attribute (index_attribute_id, collection_id, attribute_id, name, type, system) VALUES (186, 32, 216, 'unique__eav_integer__collection_id__attribute_id__document_id', 'UNIQUE KEY', true);
INSERT INTO index_attribute (index_attribute_id, collection_id, attribute_id, name, type, system) VALUES (187, 33, 222, 'index__eav_text__document_id', 'KEY', true);
INSERT INTO index_attribute (index_attribute_id, collection_id, attribute_id, name, type, system) VALUES (188, 33, 223, 'index__eav_text__attribute_type', 'KEY', true);
INSERT INTO index_attribute (index_attribute_id, collection_id, attribute_id, name, type, system) VALUES (189, 33, 221, 'index__eav_text__attribute_id', 'KEY', true);
INSERT INTO index_attribute (index_attribute_id, collection_id, attribute_id, name, type, system) VALUES (190, 33, 220, 'index__eav_text__collection_id', 'KEY', true);
INSERT INTO index_attribute (index_attribute_id, collection_id, attribute_id, name, type, system) VALUES (191, 33, 220, 'unique__eav_text__collection_id__attribute_id__document_id', 'UNIQUE KEY', true);
INSERT INTO index_attribute (index_attribute_id, collection_id, attribute_id, name, type, system) VALUES (192, 33, 221, 'unique__eav_text__collection_id__attribute_id__document_id', 'UNIQUE KEY', true);
INSERT INTO index_attribute (index_attribute_id, collection_id, attribute_id, name, type, system) VALUES (193, 33, 222, 'unique__eav_text__collection_id__attribute_id__document_id', 'UNIQUE KEY', true);
INSERT INTO index_attribute (index_attribute_id, collection_id, attribute_id, name, type, system) VALUES (194, 33, 224, 'fulltext__eav_text__eav_value', 'FULLTEXT KEY', true);
INSERT INTO index_attribute (index_attribute_id, collection_id, attribute_id, name, type, system) VALUES (195, 34, 229, 'index__eav_varchar__attribute_type', 'KEY', true);
INSERT INTO index_attribute (index_attribute_id, collection_id, attribute_id, name, type, system) VALUES (196, 34, 226, 'index__eav_varchar__collection_id', 'KEY', true);
INSERT INTO index_attribute (index_attribute_id, collection_id, attribute_id, name, type, system) VALUES (197, 34, 227, 'index__eav_varchar__attribute_id', 'KEY', true);
INSERT INTO index_attribute (index_attribute_id, collection_id, attribute_id, name, type, system) VALUES (198, 34, 228, 'index__eav_varchar__document_id', 'KEY', true);
INSERT INTO index_attribute (index_attribute_id, collection_id, attribute_id, name, type, system) VALUES (199, 34, 226, 'unique__eav_varchar__collection_id__attribute_id__document_id', 'UNIQUE KEY', true);
INSERT INTO index_attribute (index_attribute_id, collection_id, attribute_id, name, type, system) VALUES (200, 34, 227, 'unique__eav_varchar__collection_id__attribute_id__document_id', 'UNIQUE KEY', true);
INSERT INTO index_attribute (index_attribute_id, collection_id, attribute_id, name, type, system) VALUES (201, 34, 228, 'unique__eav_varchar__collection_id__attribute_id__document_id', 'UNIQUE KEY', true);
INSERT INTO index_attribute (index_attribute_id, collection_id, attribute_id, name, type, system) VALUES (202, 34, 230, 'fulltext__eav_varchar__eav_value', 'FULLTEXT KEY', true);
INSERT INTO index_attribute (index_attribute_id, collection_id, attribute_id, name, type, system) VALUES (203, 35, 232, 'index__eav_boolean__collection_id', 'KEY', true);
INSERT INTO index_attribute (index_attribute_id, collection_id, attribute_id, name, type, system) VALUES (204, 35, 233, 'index__eav_boolean__attribute_id', 'KEY', true);
INSERT INTO index_attribute (index_attribute_id, collection_id, attribute_id, name, type, system) VALUES (205, 35, 236, 'index__eav_boolean__eav_value', 'KEY', true);
INSERT INTO index_attribute (index_attribute_id, collection_id, attribute_id, name, type, system) VALUES (206, 35, 234, 'index__eav_boolean__document_id', 'KEY', true);
INSERT INTO index_attribute (index_attribute_id, collection_id, attribute_id, name, type, system) VALUES (207, 35, 235, 'index__eav_boolean__attribute_type', 'KEY', true);
INSERT INTO index_attribute (index_attribute_id, collection_id, attribute_id, name, type, system) VALUES (208, 35, 232, 'unique__eav_boolean__collection_id__attribute_id__document_id', 'UNIQUE KEY', true);
INSERT INTO index_attribute (index_attribute_id, collection_id, attribute_id, name, type, system) VALUES (209, 35, 233, 'unique__eav_boolean__collection_id__attribute_id__document_id', 'UNIQUE KEY', true);
INSERT INTO index_attribute (index_attribute_id, collection_id, attribute_id, name, type, system) VALUES (210, 35, 234, 'unique__eav_boolean__collection_id__attribute_id__document_id', 'UNIQUE KEY', true);
INSERT INTO index_attribute (index_attribute_id, collection_id, attribute_id, name, type, system) VALUES (211, 36, 239, 'index__eav_date_time__attribute_id', 'KEY', true);
INSERT INTO index_attribute (index_attribute_id, collection_id, attribute_id, name, type, system) VALUES (212, 36, 238, 'index__eav_date_time__collection_id', 'KEY', true);
INSERT INTO index_attribute (index_attribute_id, collection_id, attribute_id, name, type, system) VALUES (213, 36, 242, 'index__eav_date_time__eav_value', 'KEY', true);
INSERT INTO index_attribute (index_attribute_id, collection_id, attribute_id, name, type, system) VALUES (214, 36, 240, 'index__eav_date_time__document_id', 'KEY', true);
INSERT INTO index_attribute (index_attribute_id, collection_id, attribute_id, name, type, system) VALUES (215, 36, 241, 'index__eav_date_time__attribute_type', 'KEY', true);
INSERT INTO index_attribute (index_attribute_id, collection_id, attribute_id, name, type, system) VALUES (216, 36, 238, 'unique__eav_date_time__collection_id__attribute_id__document_id', 'UNIQUE KEY', true);
INSERT INTO index_attribute (index_attribute_id, collection_id, attribute_id, name, type, system) VALUES (217, 36, 239, 'unique__eav_date_time__collection_id__attribute_id__document_id', 'UNIQUE KEY', true);
INSERT INTO index_attribute (index_attribute_id, collection_id, attribute_id, name, type, system) VALUES (218, 36, 240, 'unique__eav_date_time__collection_id__attribute_id__document_id', 'UNIQUE KEY', true);
INSERT INTO index_attribute (index_attribute_id, collection_id, attribute_id, name, type, system) VALUES (219, 37, 244, 'index__eav_date__collection_id', 'KEY', true);
INSERT INTO index_attribute (index_attribute_id, collection_id, attribute_id, name, type, system) VALUES (220, 37, 245, 'index__eav_date__attribute_id', 'KEY', true);
INSERT INTO index_attribute (index_attribute_id, collection_id, attribute_id, name, type, system) VALUES (221, 37, 246, 'index__eav_date__document_id', 'KEY', true);
INSERT INTO index_attribute (index_attribute_id, collection_id, attribute_id, name, type, system) VALUES (222, 37, 247, 'index__eav_date__attribute_type', 'KEY', true);
INSERT INTO index_attribute (index_attribute_id, collection_id, attribute_id, name, type, system) VALUES (223, 37, 248, 'index__eav_date__eav_value', 'KEY', true);
INSERT INTO index_attribute (index_attribute_id, collection_id, attribute_id, name, type, system) VALUES (224, 37, 244, 'unique__eav_date__collection_id__attribute_id__document_id', 'UNIQUE KEY', true);
INSERT INTO index_attribute (index_attribute_id, collection_id, attribute_id, name, type, system) VALUES (225, 37, 245, 'unique__eav_date__collection_id__attribute_id__document_id', 'UNIQUE KEY', true);
INSERT INTO index_attribute (index_attribute_id, collection_id, attribute_id, name, type, system) VALUES (226, 37, 246, 'unique__eav_date__collection_id__attribute_id__document_id', 'UNIQUE KEY', true);
INSERT INTO index_attribute (index_attribute_id, collection_id, attribute_id, name, type, system) VALUES (227, 38, 251, 'index__eav_time__attribute_id', 'KEY', true);
INSERT INTO index_attribute (index_attribute_id, collection_id, attribute_id, name, type, system) VALUES (228, 38, 254, 'index__eav_time__eav_value', 'KEY', true);
INSERT INTO index_attribute (index_attribute_id, collection_id, attribute_id, name, type, system) VALUES (229, 38, 253, 'index__eav_time__attribute_type', 'KEY', true);
INSERT INTO index_attribute (index_attribute_id, collection_id, attribute_id, name, type, system) VALUES (230, 38, 252, 'index__eav_time__document_id', 'KEY', true);
INSERT INTO index_attribute (index_attribute_id, collection_id, attribute_id, name, type, system) VALUES (231, 38, 250, 'index__eav_time__collection_id', 'KEY', true);
INSERT INTO index_attribute (index_attribute_id, collection_id, attribute_id, name, type, system) VALUES (232, 38, 250, 'unique__eav_time__collection_id__attribute_id__document_id', 'UNIQUE KEY', true);
INSERT INTO index_attribute (index_attribute_id, collection_id, attribute_id, name, type, system) VALUES (233, 38, 251, 'unique__eav_time__collection_id__attribute_id__document_id', 'UNIQUE KEY', true);
INSERT INTO index_attribute (index_attribute_id, collection_id, attribute_id, name, type, system) VALUES (234, 38, 252, 'unique__eav_time__collection_id__attribute_id__document_id', 'UNIQUE KEY', true);
INSERT INTO index_attribute (index_attribute_id, collection_id, attribute_id, name, type, system) VALUES (235, 39, 260, 'index__eav_character__eav_value', 'KEY', true);
INSERT INTO index_attribute (index_attribute_id, collection_id, attribute_id, name, type, system) VALUES (236, 39, 258, 'index__eav_character__document_id', 'KEY', true);
INSERT INTO index_attribute (index_attribute_id, collection_id, attribute_id, name, type, system) VALUES (237, 39, 259, 'index__eav_character__attribute_type', 'KEY', true);
INSERT INTO index_attribute (index_attribute_id, collection_id, attribute_id, name, type, system) VALUES (238, 39, 256, 'index__eav_character__collection_id', 'KEY', true);
INSERT INTO index_attribute (index_attribute_id, collection_id, attribute_id, name, type, system) VALUES (239, 39, 257, 'index__eav_character__attribute_id', 'KEY', true);
INSERT INTO index_attribute (index_attribute_id, collection_id, attribute_id, name, type, system) VALUES (240, 39, 256, 'unique__eav_character__collection_id__attribute_id__document_id', 'UNIQUE KEY', true);
INSERT INTO index_attribute (index_attribute_id, collection_id, attribute_id, name, type, system) VALUES (241, 39, 257, 'unique__eav_character__collection_id__attribute_id__document_id', 'UNIQUE KEY', true);
INSERT INTO index_attribute (index_attribute_id, collection_id, attribute_id, name, type, system) VALUES (242, 39, 258, 'unique__eav_character__collection_id__attribute_id__document_id', 'UNIQUE KEY', true);
INSERT INTO index_attribute (index_attribute_id, collection_id, attribute_id, name, type, system) VALUES (243, 40, 263, 'index__restore__table_name', 'KEY', true);
INSERT INTO index_attribute (index_attribute_id, collection_id, attribute_id, name, type, system) VALUES (244, 40, 264, 'index__restore__date_created', 'KEY', true);
INSERT INTO index_attribute (index_attribute_id, collection_id, attribute_id, name, type, system) VALUES (245, 40, 262, 'fulltext__restore__fields', 'FULLTEXT KEY', true);
