# collection table
INSERT INTO collection(collection_id, name, locked, system, mutable) VALUES(1, 'collection', FALSE, TRUE, TRUE);
INSERT INTO collection(collection_id, name, locked, system, mutable) VALUES(2, 'view', FALSE, TRUE, TRUE);
INSERT INTO collection(collection_id, name, locked, system, mutable) VALUES(3, 'function', FALSE, TRUE, TRUE);
INSERT INTO collection(collection_id, name, locked, system, mutable) VALUES(4, 'procedure', FALSE, TRUE, TRUE);
INSERT INTO collection(collection_id, name, locked, system, mutable) VALUES(5, 'trigger', FALSE, TRUE, TRUE);
INSERT INTO collection(collection_id, name, locked, system, mutable) VALUES(6, 'attribute', FALSE, TRUE, TRUE);
INSERT INTO collection(collection_id, name, locked, system, mutable) VALUES(7, 'instance_attribute', FALSE, TRUE, TRUE);
INSERT INTO collection(collection_id, name, locked, system, mutable) VALUES(8, 'primary_attribute', FALSE, TRUE, TRUE);
INSERT INTO collection(collection_id, name, locked, system, mutable) VALUES(9, 'index_attribute', FALSE, TRUE, TRUE);
INSERT INTO collection(collection_id, name, locked, system, mutable) VALUES(10, 'relationship', FALSE, TRUE, TRUE);
INSERT INTO collection(collection_id, name, locked, system, mutable) VALUES(11, 'role', FALSE, TRUE, TRUE);
INSERT INTO collection(collection_id, name, locked, system, mutable) VALUES(12, 'security_instantiation', FALSE, TRUE, TRUE);
INSERT INTO collection(collection_id, name, locked, system, mutable) VALUES(13, 'security_action', FALSE, TRUE, TRUE);
INSERT INTO collection(collection_id, name, locked, system, mutable) VALUES(14, 'user', FALSE, TRUE, FALSE);
INSERT INTO collection(collection_id, name, locked, system, mutable) VALUES(15, 'job', FALSE, TRUE, TRUE);
INSERT INTO collection(collection_id, name, locked, system, mutable) VALUES(16, 'socket', FALSE, TRUE, TRUE);
INSERT INTO collection(collection_id, name, locked, system, mutable) VALUES(17, 'file', FALSE, TRUE, TRUE);
INSERT INTO collection(collection_id, name, locked, system, mutable) VALUES(18, 'enum', FALSE, TRUE, TRUE);
INSERT INTO collection(collection_id, name, locked, system, mutable) VALUES(19, 'enum_item', FALSE, TRUE, TRUE);
INSERT INTO collection(collection_id, name, locked, system, mutable) VALUES(20, 'setting', FALSE, TRUE, TRUE);
INSERT INTO collection(collection_id, name, locked, system, mutable) VALUES(21, 'localization', FALSE, TRUE, TRUE);
INSERT INTO collection(collection_id, name, locked, system, mutable) VALUES(22, 'query', FALSE, TRUE, TRUE);
INSERT INTO collection(collection_id, name, locked, system, mutable) VALUES(23, 'query_parameter', FALSE, TRUE, TRUE);
INSERT INTO collection(collection_id, name, locked, system, mutable) VALUES(24, 'section', FALSE, TRUE, TRUE);
INSERT INTO collection(collection_id, name, locked, system, mutable) VALUES(25, 'menu', FALSE, TRUE, TRUE);
INSERT INTO collection(collection_id, name, locked, system, mutable) VALUES(26, 'menu_item', FALSE, TRUE, TRUE);
INSERT INTO collection(collection_id, name, locked, system, mutable) VALUES(27, 'menu_item_parameter', FALSE, TRUE, TRUE);
INSERT INTO collection(collection_id, name, locked, system, mutable) VALUES(28, 'layout', FALSE, TRUE, TRUE);
INSERT INTO collection(collection_id, name, locked, system, mutable) VALUES(29, 'page', FALSE, TRUE, TRUE);
INSERT INTO collection(collection_id, name, locked, system, mutable) VALUES(30, 'page_role', FALSE, TRUE, TRUE);
INSERT INTO collection(collection_id, name, locked, system, mutable) VALUES(31, 'block', FALSE, TRUE, TRUE);
INSERT INTO collection(collection_id, name, locked, system, mutable) VALUES(32, 'json_field', FALSE, TRUE, TRUE);
INSERT INTO collection(collection_id, name, locked, system, mutable) VALUES(33, 'rest', FALSE, TRUE, TRUE);
INSERT INTO collection(collection_id, name, locked, system, mutable) VALUES(34, 'rest_request_header', FALSE, TRUE, TRUE);
INSERT INTO collection(collection_id, name, locked, system, mutable) VALUES(35, 'rest_request_query', FALSE, TRUE, TRUE);
INSERT INTO collection(collection_id, name, locked, system, mutable) VALUES(36, 'rest_response_header', FALSE, TRUE, TRUE);
INSERT INTO collection(collection_id, name, locked, system, mutable) VALUES(37, 'http_header', FALSE, TRUE, TRUE);
INSERT INTO collection(collection_id, name, locked, system, mutable) VALUES(38, 'http_query', FALSE, TRUE, TRUE);
INSERT INTO collection(collection_id, name, locked, system, mutable) VALUES(39, 'json', FALSE, TRUE, TRUE);
INSERT INTO collection(collection_id, name, locked, system, mutable) VALUES(40, 'eav_decimal', FALSE, TRUE, TRUE);
INSERT INTO collection(collection_id, name, locked, system, mutable) VALUES(41, 'eav_integer', FALSE, TRUE, TRUE);
INSERT INTO collection(collection_id, name, locked, system, mutable) VALUES(42, 'eav_text', FALSE, TRUE, TRUE);
INSERT INTO collection(collection_id, name, locked, system, mutable) VALUES(43, 'eav_varchar', FALSE, TRUE, TRUE);
INSERT INTO collection(collection_id, name, locked, system, mutable) VALUES(44, 'eav_boolean', FALSE, TRUE, TRUE);
INSERT INTO collection(collection_id, name, locked, system, mutable) VALUES(45, 'eav_date_time', FALSE, TRUE, TRUE);
INSERT INTO collection(collection_id, name, locked, system, mutable) VALUES(46, 'eav_date', FALSE, TRUE, TRUE);
INSERT INTO collection(collection_id, name, locked, system, mutable) VALUES(47, 'eav_time', FALSE, TRUE, TRUE);
INSERT INTO collection(collection_id, name, locked, system, mutable) VALUES(48, 'eav_character', FALSE, TRUE, TRUE);
INSERT INTO collection(collection_id, name, locked, system, mutable) VALUES(49, 'restore', FALSE, TRUE, TRUE);

# attribute table
INSERT INTO attribute (attribute_id, collection_id, name, type, length, `precision`, allow_null, eav, system) VALUES (1, 1, 'collection_id', 'String', 100, NULL, FALSE, FALSE, TRUE);
INSERT INTO attribute (attribute_id, collection_id, name, type, length, `precision`, allow_null, eav, system) VALUES (2, 1, 'name', 'String', 255, NULL, FALSE, FALSE, TRUE);
INSERT INTO attribute (attribute_id, collection_id, name, type, length, `precision`, allow_null, eav, system) VALUES (5, 1, 'mutable', 'Boolean', NULL, NULL, FALSE, FALSE, TRUE);
INSERT INTO attribute (attribute_id, collection_id, name, type, length, `precision`, allow_null, eav, system) VALUES (4, 1, 'system', 'Boolean', NULL, NULL, FALSE, FALSE, TRUE);
INSERT INTO attribute (attribute_id, collection_id, name, type, length, `precision`, allow_null, eav, system) VALUES (3, 1, 'locked', 'Boolean', NULL, NULL, FALSE, FALSE, TRUE);
INSERT INTO attribute (attribute_id, collection_id, name, type, length, `precision`, allow_null, eav, system) VALUES (7, 2, 'name', 'String', 255, NULL, FALSE, FALSE, TRUE);
INSERT INTO attribute (attribute_id, collection_id, name, type, length, `precision`, allow_null, eav, system) VALUES (9, 2, 'system', 'Boolean', NULL, NULL, FALSE, FALSE, TRUE);
INSERT INTO attribute (attribute_id, collection_id, name, type, length, `precision`, allow_null, eav, system) VALUES (8, 2, 'script', 'Text', NULL, NULL, FALSE, FALSE, TRUE);
INSERT INTO attribute (attribute_id, collection_id, name, type, length, `precision`, allow_null, eav, system) VALUES (6, 2, 'view_id', 'String', 100, NULL, FALSE, FALSE, TRUE);
INSERT INTO attribute (attribute_id, collection_id, name, type, length, `precision`, allow_null, eav, system) VALUES (11, 3, 'name', 'String', 255, NULL, FALSE, FALSE, TRUE);
INSERT INTO attribute (attribute_id, collection_id, name, type, length, `precision`, allow_null, eav, system) VALUES (10, 3, 'function_id', 'String', 100, NULL, FALSE, FALSE, TRUE);
INSERT INTO attribute (attribute_id, collection_id, name, type, length, `precision`, allow_null, eav, system) VALUES (13, 3, 'system', 'Boolean', NULL, NULL, FALSE, FALSE, TRUE);
INSERT INTO attribute (attribute_id, collection_id, name, type, length, `precision`, allow_null, eav, system) VALUES (12, 3, 'script', 'Text', NULL, NULL, FALSE, FALSE, TRUE);
INSERT INTO attribute (attribute_id, collection_id, name, type, length, `precision`, allow_null, eav, system) VALUES (15, 4, 'name', 'String', 255, NULL, FALSE, FALSE, TRUE);
INSERT INTO attribute (attribute_id, collection_id, name, type, length, `precision`, allow_null, eav, system) VALUES (17, 4, 'system', 'Boolean', NULL, NULL, FALSE, FALSE, TRUE);
INSERT INTO attribute (attribute_id, collection_id, name, type, length, `precision`, allow_null, eav, system) VALUES (14, 4, 'procedure_id', 'String', 100, NULL, FALSE, FALSE, TRUE);
INSERT INTO attribute (attribute_id, collection_id, name, type, length, `precision`, allow_null, eav, system) VALUES (16, 4, 'script', 'Text', NULL, NULL, FALSE, FALSE, TRUE);
INSERT INTO attribute (attribute_id, collection_id, name, type, length, `precision`, allow_null, eav, system) VALUES (19, 5, 'name', 'String', 255, NULL, FALSE, FALSE, TRUE);
INSERT INTO attribute (attribute_id, collection_id, name, type, length, `precision`, allow_null, eav, system) VALUES (21, 5, 'system', 'Boolean', NULL, NULL, FALSE, FALSE, TRUE);
INSERT INTO attribute (attribute_id, collection_id, name, type, length, `precision`, allow_null, eav, system) VALUES (20, 5, 'script', 'Text', NULL, NULL, FALSE, FALSE, TRUE);
INSERT INTO attribute (attribute_id, collection_id, name, type, length, `precision`, allow_null, eav, system) VALUES (18, 5, 'trigger_id', 'String', 100, NULL, FALSE, FALSE, TRUE);
INSERT INTO attribute (attribute_id, collection_id, name, type, length, `precision`, allow_null, eav, system) VALUES (23, 6, 'collection_id', 'String', 100, NULL, FALSE, FALSE, TRUE);
INSERT INTO attribute (attribute_id, collection_id, name, type, length, `precision`, allow_null, eav, system) VALUES (31, 6, 'system', 'Boolean', NULL, NULL, FALSE, FALSE, TRUE);
INSERT INTO attribute (attribute_id, collection_id, name, type, length, `precision`, allow_null, eav, system) VALUES (22, 6, 'attribute_id', 'String', 100, NULL, FALSE, FALSE, TRUE);
INSERT INTO attribute (attribute_id, collection_id, name, type, length, `precision`, allow_null, eav, system) VALUES (27, 6, 'precision', 'Long', 11, NULL, TRUE, FALSE, TRUE);
INSERT INTO attribute (attribute_id, collection_id, name, type, length, `precision`, allow_null, eav, system) VALUES (24, 6, 'name', 'String', 255, NULL, FALSE, FALSE, TRUE);
INSERT INTO attribute (attribute_id, collection_id, name, type, length, `precision`, allow_null, eav, system) VALUES (26, 6, 'length', 'Long', 11, NULL, TRUE, FALSE, TRUE);
INSERT INTO attribute (attribute_id, collection_id, name, type, length, `precision`, allow_null, eav, system) VALUES (29, 6, 'allow_null', 'Boolean', NULL, NULL, FALSE, FALSE, TRUE);
INSERT INTO attribute (attribute_id, collection_id, name, type, length, `precision`, allow_null, eav, system) VALUES (30, 6, 'eav', 'Boolean', NULL, NULL, FALSE, FALSE, TRUE);
INSERT INTO attribute (attribute_id, collection_id, name, type, length, `precision`, allow_null, eav, system) VALUES (25, 6, 'type', 'String', 10, NULL, FALSE, FALSE, TRUE);
INSERT INTO attribute (attribute_id, collection_id, name, type, length, `precision`, allow_null, eav, system) VALUES (28, 6, 'order', 'Long', 11, NULL, FALSE, FALSE, TRUE);
INSERT INTO attribute (attribute_id, collection_id, name, type, length, `precision`, allow_null, eav, system) VALUES (32, 7, 'instance_attribute_id', 'String', 100, NULL, FALSE, FALSE, TRUE);
INSERT INTO attribute (attribute_id, collection_id, name, type, length, `precision`, allow_null, eav, system) VALUES (33, 7, 'collection_id', 'String', 100, NULL, FALSE, FALSE, TRUE);
INSERT INTO attribute (attribute_id, collection_id, name, type, length, `precision`, allow_null, eav, system) VALUES (36, 7, 'system', 'Boolean', NULL, NULL, FALSE, FALSE, TRUE);
INSERT INTO attribute (attribute_id, collection_id, name, type, length, `precision`, allow_null, eav, system) VALUES (34, 7, 'attribute_id', 'String', 100, NULL, FALSE, FALSE, TRUE);
INSERT INTO attribute (attribute_id, collection_id, name, type, length, `precision`, allow_null, eav, system) VALUES (35, 7, 'order', 'Long', 11, NULL, FALSE, FALSE, TRUE);
INSERT INTO attribute (attribute_id, collection_id, name, type, length, `precision`, allow_null, eav, system) VALUES (38, 8, 'collection_id', 'String', 100, NULL, FALSE, FALSE, TRUE);
INSERT INTO attribute (attribute_id, collection_id, name, type, length, `precision`, allow_null, eav, system) VALUES (40, 8, 'system', 'Boolean', NULL, NULL, FALSE, FALSE, TRUE);
INSERT INTO attribute (attribute_id, collection_id, name, type, length, `precision`, allow_null, eav, system) VALUES (37, 8, 'primary_attribute_id', 'String', 100, NULL, FALSE, FALSE, TRUE);
INSERT INTO attribute (attribute_id, collection_id, name, type, length, `precision`, allow_null, eav, system) VALUES (39, 8, 'attribute_id', 'String', 100, NULL, FALSE, FALSE, TRUE);
INSERT INTO attribute (attribute_id, collection_id, name, type, length, `precision`, allow_null, eav, system) VALUES (42, 9, 'collection_id', 'String', 100, NULL, FALSE, FALSE, TRUE);
INSERT INTO attribute (attribute_id, collection_id, name, type, length, `precision`, allow_null, eav, system) VALUES (46, 9, 'system', 'Boolean', NULL, NULL, FALSE, FALSE, TRUE);
INSERT INTO attribute (attribute_id, collection_id, name, type, length, `precision`, allow_null, eav, system) VALUES (41, 9, 'index_attribute_id', 'String', 100, NULL, FALSE, FALSE, TRUE);
INSERT INTO attribute (attribute_id, collection_id, name, type, length, `precision`, allow_null, eav, system) VALUES (43, 9, 'attribute_id', 'String', 100, NULL, FALSE, FALSE, TRUE);
INSERT INTO attribute (attribute_id, collection_id, name, type, length, `precision`, allow_null, eav, system) VALUES (44, 9, 'name', 'String', 100, NULL, FALSE, FALSE, TRUE);
INSERT INTO attribute (attribute_id, collection_id, name, type, length, `precision`, allow_null, eav, system) VALUES (45, 9, 'type', 'String', 12, NULL, FALSE, FALSE, TRUE);
INSERT INTO attribute (attribute_id, collection_id, name, type, length, `precision`, allow_null, eav, system) VALUES (48, 10, 'collection_id', 'String', 100, NULL, FALSE, FALSE, TRUE);
INSERT INTO attribute (attribute_id, collection_id, name, type, length, `precision`, allow_null, eav, system) VALUES (55, 10, 'many_join_attribute_id', 'String', 100, NULL, TRUE, FALSE, TRUE);
INSERT INTO attribute (attribute_id, collection_id, name, type, length, `precision`, allow_null, eav, system) VALUES (56, 10, 'many_reverse_attribute_id', 'String', 100, NULL, TRUE, FALSE, TRUE);
INSERT INTO attribute (attribute_id, collection_id, name, type, length, `precision`, allow_null, eav, system) VALUES (51, 10, 'join_type', 'String', 10, NULL, FALSE, FALSE, TRUE);
INSERT INTO attribute (attribute_id, collection_id, name, type, length, `precision`, allow_null, eav, system) VALUES (52, 10, 'join_collection_id', 'String', 100, NULL, FALSE, FALSE, TRUE);
INSERT INTO attribute (attribute_id, collection_id, name, type, length, `precision`, allow_null, eav, system) VALUES (57, 10, 'system', 'Boolean', NULL, NULL, FALSE, FALSE, TRUE);
INSERT INTO attribute (attribute_id, collection_id, name, type, length, `precision`, allow_null, eav, system) VALUES (49, 10, 'attribute_id', 'String', 100, NULL, FALSE, FALSE, TRUE);
INSERT INTO attribute (attribute_id, collection_id, name, type, length, `precision`, allow_null, eav, system) VALUES (47, 10, 'relationship_id', 'String', 100, NULL, FALSE, FALSE, TRUE);
INSERT INTO attribute (attribute_id, collection_id, name, type, length, `precision`, allow_null, eav, system) VALUES (50, 10, 'name', 'String', 100, NULL, FALSE, FALSE, TRUE);
INSERT INTO attribute (attribute_id, collection_id, name, type, length, `precision`, allow_null, eav, system) VALUES (53, 10, 'join_attribute_id', 'String', 100, NULL, FALSE, FALSE, TRUE);
INSERT INTO attribute (attribute_id, collection_id, name, type, length, `precision`, allow_null, eav, system) VALUES (54, 10, 'many_collection_id', 'String', 100, NULL, TRUE, FALSE, TRUE);
INSERT INTO attribute (attribute_id, collection_id, name, type, length, `precision`, allow_null, eav, system) VALUES (59, 11, 'name', 'String', 100, NULL, FALSE, FALSE, TRUE);
INSERT INTO attribute (attribute_id, collection_id, name, type, length, `precision`, allow_null, eav, system) VALUES (61, 11, 'description', 'String', 255, NULL, TRUE, FALSE, TRUE);
INSERT INTO attribute (attribute_id, collection_id, name, type, length, `precision`, allow_null, eav, system) VALUES (60, 11, 'system', 'Boolean', NULL, NULL, FALSE, FALSE, TRUE);
INSERT INTO attribute (attribute_id, collection_id, name, type, length, `precision`, allow_null, eav, system) VALUES (58, 11, 'role_id', 'String', 100, NULL, FALSE, FALSE, TRUE);
INSERT INTO attribute (attribute_id, collection_id, name, type, length, `precision`, allow_null, eav, system) VALUES (64, 12, 'system', 'Boolean', NULL, NULL, FALSE, FALSE, TRUE);
INSERT INTO attribute (attribute_id, collection_id, name, type, length, `precision`, allow_null, eav, system) VALUES (62, 12, 'security_instantiation_id', 'String', 100, NULL, FALSE, FALSE, TRUE);
INSERT INTO attribute (attribute_id, collection_id, name, type, length, `precision`, allow_null, eav, system) VALUES (63, 12, 'java_class', 'String', 255, NULL, FALSE, FALSE, TRUE);
INSERT INTO attribute (attribute_id, collection_id, name, type, length, `precision`, allow_null, eav, system) VALUES (65, 13, 'security_action_id', 'String', 100, NULL, FALSE, FALSE, TRUE);
INSERT INTO attribute (attribute_id, collection_id, name, type, length, `precision`, allow_null, eav, system) VALUES (68, 14, 'password', 'String', 255, NULL, FALSE, FALSE, TRUE);
INSERT INTO attribute (attribute_id, collection_id, name, type, length, `precision`, allow_null, eav, system) VALUES (72, 14, 'account_non_expired', 'Boolean', NULL, NULL, FALSE, FALSE, TRUE);
INSERT INTO attribute (attribute_id, collection_id, name, type, length, `precision`, allow_null, eav, system) VALUES (73, 14, 'account_non_locked', 'Boolean', NULL, NULL, FALSE, FALSE, TRUE);
INSERT INTO attribute (attribute_id, collection_id, name, type, length, `precision`, allow_null, eav, system) VALUES (69, 14, 'full_name', 'String', 255, NULL, FALSE, FALSE, TRUE);
INSERT INTO attribute (attribute_id, collection_id, name, type, length, `precision`, allow_null, eav, system) VALUES (71, 14, 'system', 'Boolean', NULL, NULL, FALSE, FALSE, TRUE);
INSERT INTO attribute (attribute_id, collection_id, name, type, length, `precision`, allow_null, eav, system) VALUES (66, 14, 'user_id', 'String', 100, NULL, FALSE, FALSE, TRUE);
INSERT INTO attribute (attribute_id, collection_id, name, type, length, `precision`, allow_null, eav, system) VALUES (70, 14, 'role_id', 'String', 100, NULL, FALSE, FALSE, TRUE);
INSERT INTO attribute (attribute_id, collection_id, name, type, length, `precision`, allow_null, eav, system) VALUES (74, 14, 'credentials_non_expired', 'Boolean', NULL, NULL, FALSE, FALSE, TRUE);
INSERT INTO attribute (attribute_id, collection_id, name, type, length, `precision`, allow_null, eav, system) VALUES (67, 14, 'login', 'String', 255, NULL, FALSE, FALSE, TRUE);
INSERT INTO attribute (attribute_id, collection_id, name, type, length, `precision`, allow_null, eav, system) VALUES (75, 14, 'status', 'String', 20, NULL, FALSE, FALSE, TRUE);
INSERT INTO attribute (attribute_id, collection_id, name, type, length, `precision`, allow_null, eav, system) VALUES (78, 15, 'cron', 'String', 255, NULL, FALSE, FALSE, TRUE);
INSERT INTO attribute (attribute_id, collection_id, name, type, length, `precision`, allow_null, eav, system) VALUES (81, 15, 'error_message', 'String', 255, NULL, TRUE, FALSE, TRUE);
INSERT INTO attribute (attribute_id, collection_id, name, type, length, `precision`, allow_null, eav, system) VALUES (82, 15, 'error_class', 'String', 255, NULL, TRUE, FALSE, TRUE);
INSERT INTO attribute (attribute_id, collection_id, name, type, length, `precision`, allow_null, eav, system) VALUES (83, 15, 'date_last_executed', 'DateTime', NULL, NULL, TRUE, FALSE, TRUE);
INSERT INTO attribute (attribute_id, collection_id, name, type, length, `precision`, allow_null, eav, system) VALUES (84, 15, 'security', 'String', 50, NULL, FALSE, FALSE, TRUE);
INSERT INTO attribute (attribute_id, collection_id, name, type, length, `precision`, allow_null, eav, system) VALUES (86, 15, 'system', 'Boolean', NULL, NULL, FALSE, FALSE, TRUE);
INSERT INTO attribute (attribute_id, collection_id, name, type, length, `precision`, allow_null, eav, system) VALUES (76, 15, 'job_id', 'String', 100, NULL, FALSE, FALSE, TRUE);
INSERT INTO attribute (attribute_id, collection_id, name, type, length, `precision`, allow_null, eav, system) VALUES (85, 15, 'date_created', 'DateTime', NULL, NULL, FALSE, FALSE, TRUE);
INSERT INTO attribute (attribute_id, collection_id, name, type, length, `precision`, allow_null, eav, system) VALUES (77, 15, 'name', 'String', 255, NULL, FALSE, FALSE, TRUE);
INSERT INTO attribute (attribute_id, collection_id, name, type, length, `precision`, allow_null, eav, system) VALUES (79, 15, 'consume', 'Double', 15, 4, TRUE, FALSE, TRUE);
INSERT INTO attribute (attribute_id, collection_id, name, type, length, `precision`, allow_null, eav, system) VALUES (80, 15, 'javascript', 'Text', NULL, NULL, FALSE, FALSE, TRUE);
INSERT INTO attribute (attribute_id, collection_id, name, type, length, `precision`, allow_null, eav, system) VALUES (92, 16, 'page_key', 'Long', 11, NULL, TRUE, FALSE, TRUE);
INSERT INTO attribute (attribute_id, collection_id, name, type, length, `precision`, allow_null, eav, system) VALUES (87, 16, 'socket_id', 'String', 100, NULL, FALSE, FALSE, TRUE);
INSERT INTO attribute (attribute_id, collection_id, name, type, length, `precision`, allow_null, eav, system) VALUES (93, 16, 'system', 'Boolean', NULL, NULL, FALSE, FALSE, TRUE);
INSERT INTO attribute (attribute_id, collection_id, name, type, length, `precision`, allow_null, eav, system) VALUES (88, 16, 'user_id', 'String', 100, NULL, TRUE, FALSE, TRUE);
INSERT INTO attribute (attribute_id, collection_id, name, type, length, `precision`, allow_null, eav, system) VALUES (90, 16, 'date_created', 'DateTime', NULL, NULL, FALSE, FALSE, TRUE);
INSERT INTO attribute (attribute_id, collection_id, name, type, length, `precision`, allow_null, eav, system) VALUES (89, 16, 'session_id', 'String', 100, NULL, FALSE, FALSE, TRUE);
INSERT INTO attribute (attribute_id, collection_id, name, type, length, `precision`, allow_null, eav, system) VALUES (91, 16, 'resource_name', 'String', 100, NULL, TRUE, FALSE, TRUE);
INSERT INTO attribute (attribute_id, collection_id, name, type, length, `precision`, allow_null, eav, system) VALUES (97, 17, 'path', 'String', 255, NULL, FALSE, FALSE, TRUE);
INSERT INTO attribute (attribute_id, collection_id, name, type, length, `precision`, allow_null, eav, system) VALUES (99, 17, 'extension', 'String', 10, NULL, TRUE, FALSE, TRUE);
INSERT INTO attribute (attribute_id, collection_id, name, type, length, `precision`, allow_null, eav, system) VALUES (102, 17, 'system', 'Boolean', NULL, NULL, FALSE, FALSE, TRUE);
INSERT INTO attribute (attribute_id, collection_id, name, type, length, `precision`, allow_null, eav, system) VALUES (101, 17, 'date_created', 'DateTime', NULL, NULL, FALSE, FALSE, TRUE);
INSERT INTO attribute (attribute_id, collection_id, name, type, length, `precision`, allow_null, eav, system) VALUES (94, 17, 'file_id', 'String', 100, NULL, FALSE, FALSE, TRUE);
INSERT INTO attribute (attribute_id, collection_id, name, type, length, `precision`, allow_null, eav, system) VALUES (98, 17, 'mime', 'String', 100, NULL, TRUE, FALSE, TRUE);
INSERT INTO attribute (attribute_id, collection_id, name, type, length, `precision`, allow_null, eav, system) VALUES (95, 17, 'name', 'String', 255, NULL, TRUE, FALSE, TRUE);
INSERT INTO attribute (attribute_id, collection_id, name, type, length, `precision`, allow_null, eav, system) VALUES (100, 17, 'length', 'Long', 11, NULL, FALSE, FALSE, TRUE);
INSERT INTO attribute (attribute_id, collection_id, name, type, length, `precision`, allow_null, eav, system) VALUES (96, 17, 'label', 'String', 255, NULL, TRUE, FALSE, TRUE);
INSERT INTO attribute (attribute_id, collection_id, name, type, length, `precision`, allow_null, eav, system) VALUES (108, 18, 'system', 'Boolean', NULL, NULL, FALSE, FALSE, TRUE);
INSERT INTO attribute (attribute_id, collection_id, name, type, length, `precision`, allow_null, eav, system) VALUES (103, 18, 'enum_id', 'String', 100, NULL, FALSE, FALSE, TRUE);
INSERT INTO attribute (attribute_id, collection_id, name, type, length, `precision`, allow_null, eav, system) VALUES (104, 18, 'name', 'String', 100, NULL, TRUE, FALSE, TRUE);
INSERT INTO attribute (attribute_id, collection_id, name, type, length, `precision`, allow_null, eav, system) VALUES (106, 18, 'format', 'String', 255, NULL, TRUE, FALSE, TRUE);
INSERT INTO attribute (attribute_id, collection_id, name, type, length, `precision`, allow_null, eav, system) VALUES (107, 18, 'description', 'String', 100, NULL, TRUE, FALSE, TRUE);
INSERT INTO attribute (attribute_id, collection_id, name, type, length, `precision`, allow_null, eav, system) VALUES (105, 18, 'type', 'String', 20, NULL, FALSE, FALSE, TRUE);
INSERT INTO attribute (attribute_id, collection_id, name, type, length, `precision`, allow_null, eav, system) VALUES (109, 19, 'enum_item_id', 'String', 100, NULL, FALSE, FALSE, TRUE);
INSERT INTO attribute (attribute_id, collection_id, name, type, length, `precision`, allow_null, eav, system) VALUES (112, 19, 'system', 'Boolean', NULL, NULL, FALSE, FALSE, TRUE);
INSERT INTO attribute (attribute_id, collection_id, name, type, length, `precision`, allow_null, eav, system) VALUES (111, 19, 'value', 'String', 255, NULL, FALSE, FALSE, TRUE);
INSERT INTO attribute (attribute_id, collection_id, name, type, length, `precision`, allow_null, eav, system) VALUES (110, 19, 'enum_id', 'String', 100, NULL, FALSE, FALSE, TRUE);
INSERT INTO attribute (attribute_id, collection_id, name, type, length, `precision`, allow_null, eav, system) VALUES (114, 20, 'name', 'String', 100, NULL, FALSE, FALSE, TRUE);
INSERT INTO attribute (attribute_id, collection_id, name, type, length, `precision`, allow_null, eav, system) VALUES (115, 20, 'description', 'String', 255, NULL, FALSE, FALSE, TRUE);
INSERT INTO attribute (attribute_id, collection_id, name, type, length, `precision`, allow_null, eav, system) VALUES (117, 20, 'system', 'Boolean', NULL, NULL, FALSE, FALSE, TRUE);
INSERT INTO attribute (attribute_id, collection_id, name, type, length, `precision`, allow_null, eav, system) VALUES (116, 20, 'value', 'String', 255, NULL, FALSE, FALSE, TRUE);
INSERT INTO attribute (attribute_id, collection_id, name, type, length, `precision`, allow_null, eav, system) VALUES (113, 20, 'setting_id', 'String', 100, NULL, FALSE, FALSE, TRUE);
INSERT INTO attribute (attribute_id, collection_id, name, type, length, `precision`, allow_null, eav, system) VALUES (123, 21, 'system', 'Boolean', NULL, NULL, FALSE, FALSE, TRUE);
INSERT INTO attribute (attribute_id, collection_id, name, type, length, `precision`, allow_null, eav, system) VALUES (121, 21, 'language', 'String', 10, NULL, TRUE, FALSE, TRUE);
INSERT INTO attribute (attribute_id, collection_id, name, type, length, `precision`, allow_null, eav, system) VALUES (120, 21, 'page', 'String', 255, NULL, TRUE, FALSE, TRUE);
INSERT INTO attribute (attribute_id, collection_id, name, type, length, `precision`, allow_null, eav, system) VALUES (122, 21, 'label', 'String', 255, NULL, FALSE, FALSE, TRUE);
INSERT INTO attribute (attribute_id, collection_id, name, type, length, `precision`, allow_null, eav, system) VALUES (118, 21, 'localization_id', 'String', 100, NULL, FALSE, FALSE, TRUE);
INSERT INTO attribute (attribute_id, collection_id, name, type, length, `precision`, allow_null, eav, system) VALUES (119, 21, 'key', 'String', 100, NULL, FALSE, FALSE, TRUE);
INSERT INTO attribute (attribute_id, collection_id, name, type, length, `precision`, allow_null, eav, system) VALUES (128, 22, 'return_type', 'String', 50, NULL, FALSE, FALSE, TRUE);
INSERT INTO attribute (attribute_id, collection_id, name, type, length, `precision`, allow_null, eav, system) VALUES (131, 22, 'security', 'String', 15, NULL, FALSE, FALSE, TRUE);
INSERT INTO attribute (attribute_id, collection_id, name, type, length, `precision`, allow_null, eav, system) VALUES (132, 22, 'system', 'Boolean', NULL, NULL, FALSE, FALSE, TRUE);
INSERT INTO attribute (attribute_id, collection_id, name, type, length, `precision`, allow_null, eav, system) VALUES (124, 22, 'query_id', 'String', 100, NULL, FALSE, FALSE, TRUE);
INSERT INTO attribute (attribute_id, collection_id, name, type, length, `precision`, allow_null, eav, system) VALUES (129, 22, 'return_sub_type', 'String', 50, NULL, TRUE, FALSE, TRUE);
INSERT INTO attribute (attribute_id, collection_id, name, type, length, `precision`, allow_null, eav, system) VALUES (130, 22, 'date_created', 'DateTime', NULL, NULL, FALSE, FALSE, TRUE);
INSERT INTO attribute (attribute_id, collection_id, name, type, length, `precision`, allow_null, eav, system) VALUES (125, 22, 'name', 'String', 255, NULL, FALSE, FALSE, TRUE);
INSERT INTO attribute (attribute_id, collection_id, name, type, length, `precision`, allow_null, eav, system) VALUES (126, 22, 'description', 'String', 255, NULL, FALSE, FALSE, TRUE);
INSERT INTO attribute (attribute_id, collection_id, name, type, length, `precision`, allow_null, eav, system) VALUES (127, 22, 'script', 'Text', NULL, NULL, FALSE, FALSE, TRUE);
INSERT INTO attribute (attribute_id, collection_id, name, type, length, `precision`, allow_null, eav, system) VALUES (133, 23, 'query_parameter_id', 'String', 100, NULL, FALSE, FALSE, TRUE);
INSERT INTO attribute (attribute_id, collection_id, name, type, length, `precision`, allow_null, eav, system) VALUES (138, 23, 'system', 'Boolean', NULL, NULL, FALSE, FALSE, TRUE);
INSERT INTO attribute (attribute_id, collection_id, name, type, length, `precision`, allow_null, eav, system) VALUES (134, 23, 'query_id', 'String', 100, NULL, FALSE, FALSE, TRUE);
INSERT INTO attribute (attribute_id, collection_id, name, type, length, `precision`, allow_null, eav, system) VALUES (137, 23, 'sub_type', 'String', 50, NULL, TRUE, FALSE, TRUE);
INSERT INTO attribute (attribute_id, collection_id, name, type, length, `precision`, allow_null, eav, system) VALUES (135, 23, 'name', 'String', 255, NULL, FALSE, FALSE, TRUE);
INSERT INTO attribute (attribute_id, collection_id, name, type, length, `precision`, allow_null, eav, system) VALUES (136, 23, 'type', 'String', 50, NULL, TRUE, FALSE, TRUE);
INSERT INTO attribute (attribute_id, collection_id, name, type, length, `precision`, allow_null, eav, system) VALUES (141, 24, 'system', 'Boolean', NULL, NULL, FALSE, FALSE, TRUE);
INSERT INTO attribute (attribute_id, collection_id, name, type, length, `precision`, allow_null, eav, system) VALUES (139, 24, 'section_id', 'String', 100, NULL, FALSE, FALSE, TRUE);
INSERT INTO attribute (attribute_id, collection_id, name, type, length, `precision`, allow_null, eav, system) VALUES (140, 24, 'title', 'String', 100, NULL, FALSE, FALSE, TRUE);
INSERT INTO attribute (attribute_id, collection_id, name, type, length, `precision`, allow_null, eav, system) VALUES (142, 24, 'order', 'Long', 11, NULL, FALSE, FALSE, TRUE);
INSERT INTO attribute (attribute_id, collection_id, name, type, length, `precision`, allow_null, eav, system) VALUES (145, 25, 'path', 'String', 255, NULL, FALSE, FALSE, TRUE);
INSERT INTO attribute (attribute_id, collection_id, name, type, length, `precision`, allow_null, eav, system) VALUES (146, 25, 'system', 'Boolean', NULL, NULL, FALSE, FALSE, TRUE);
INSERT INTO attribute (attribute_id, collection_id, name, type, length, `precision`, allow_null, eav, system) VALUES (148, 25, 'section_id', 'String', 100, NULL, TRUE, FALSE, TRUE);
INSERT INTO attribute (attribute_id, collection_id, name, type, length, `precision`, allow_null, eav, system) VALUES (147, 25, 'icon', 'String', 100, NULL, TRUE, FALSE, TRUE);
INSERT INTO attribute (attribute_id, collection_id, name, type, length, `precision`, allow_null, eav, system) VALUES (144, 25, 'title', 'String', 100, NULL, FALSE, FALSE, TRUE);
INSERT INTO attribute (attribute_id, collection_id, name, type, length, `precision`, allow_null, eav, system) VALUES (143, 25, 'menu_id', 'String', 100, NULL, FALSE, FALSE, TRUE);
INSERT INTO attribute (attribute_id, collection_id, name, type, length, `precision`, allow_null, eav, system) VALUES (149, 25, 'parent_menu_id', 'String', 100, NULL, TRUE, FALSE, TRUE);
INSERT INTO attribute (attribute_id, collection_id, name, type, length, `precision`, allow_null, eav, system) VALUES (150, 25, 'order', 'Long', 11, NULL, FALSE, FALSE, TRUE);
INSERT INTO attribute (attribute_id, collection_id, name, type, length, `precision`, allow_null, eav, system) VALUES (157, 26, 'page_id', 'String', 100, NULL, FALSE, FALSE, TRUE);
INSERT INTO attribute (attribute_id, collection_id, name, type, length, `precision`, allow_null, eav, system) VALUES (151, 26, 'menu_item_id', 'String', 100, NULL, FALSE, FALSE, TRUE);
INSERT INTO attribute (attribute_id, collection_id, name, type, length, `precision`, allow_null, eav, system) VALUES (154, 26, 'system', 'Boolean', NULL, NULL, FALSE, FALSE, TRUE);
INSERT INTO attribute (attribute_id, collection_id, name, type, length, `precision`, allow_null, eav, system) VALUES (158, 26, 'section_id', 'String', 100, NULL, TRUE, FALSE, TRUE);
INSERT INTO attribute (attribute_id, collection_id, name, type, length, `precision`, allow_null, eav, system) VALUES (155, 26, 'icon', 'String', 100, NULL, TRUE, FALSE, TRUE);
INSERT INTO attribute (attribute_id, collection_id, name, type, length, `precision`, allow_null, eav, system) VALUES (153, 26, 'title', 'String', 100, NULL, FALSE, FALSE, TRUE);
INSERT INTO attribute (attribute_id, collection_id, name, type, length, `precision`, allow_null, eav, system) VALUES (152, 26, 'menu_id', 'String', 100, NULL, TRUE, FALSE, TRUE);
INSERT INTO attribute (attribute_id, collection_id, name, type, length, `precision`, allow_null, eav, system) VALUES (156, 26, 'order', 'Long', 11, NULL, FALSE, FALSE, TRUE);
INSERT INTO attribute (attribute_id, collection_id, name, type, length, `precision`, allow_null, eav, system) VALUES (161, 27, 'name', 'String', 100, NULL, FALSE, FALSE, TRUE);
INSERT INTO attribute (attribute_id, collection_id, name, type, length, `precision`, allow_null, eav, system) VALUES (160, 27, 'menu_item_id', 'String', 100, NULL, FALSE, FALSE, TRUE);
INSERT INTO attribute (attribute_id, collection_id, name, type, length, `precision`, allow_null, eav, system) VALUES (159, 27, 'menu_item_parameter_id', 'String', 100, NULL, FALSE, FALSE, TRUE);
INSERT INTO attribute (attribute_id, collection_id, name, type, length, `precision`, allow_null, eav, system) VALUES (163, 27, 'system', 'Boolean', NULL, NULL, FALSE, FALSE, TRUE);
INSERT INTO attribute (attribute_id, collection_id, name, type, length, `precision`, allow_null, eav, system) VALUES (162, 27, 'value', 'String', 255, NULL, FALSE, FALSE, TRUE);
INSERT INTO attribute (attribute_id, collection_id, name, type, length, `precision`, allow_null, eav, system) VALUES (164, 28, 'layout_id', 'String', 100, NULL, FALSE, FALSE, TRUE);
INSERT INTO attribute (attribute_id, collection_id, name, type, length, `precision`, allow_null, eav, system) VALUES (167, 28, 'system', 'Boolean', NULL, NULL, FALSE, FALSE, TRUE);
INSERT INTO attribute (attribute_id, collection_id, name, type, length, `precision`, allow_null, eav, system) VALUES (168, 28, 'groovy', 'Text', NULL, NULL, TRUE, FALSE, TRUE);
INSERT INTO attribute (attribute_id, collection_id, name, type, length, `precision`, allow_null, eav, system) VALUES (173, 28, 'date_modified', 'DateTime', NULL, NULL, FALSE, FALSE, TRUE);
INSERT INTO attribute (attribute_id, collection_id, name, type, length, `precision`, allow_null, eav, system) VALUES (172, 28, 'date_created', 'DateTime', NULL, NULL, FALSE, FALSE, TRUE);
INSERT INTO attribute (attribute_id, collection_id, name, type, length, `precision`, allow_null, eav, system) VALUES (166, 28, 'description', 'String', 255, NULL, FALSE, FALSE, TRUE);
INSERT INTO attribute (attribute_id, collection_id, name, type, length, `precision`, allow_null, eav, system) VALUES (171, 28, 'modified', 'Boolean', NULL, NULL, FALSE, FALSE, TRUE);
INSERT INTO attribute (attribute_id, collection_id, name, type, length, `precision`, allow_null, eav, system) VALUES (169, 28, 'html', 'Text', NULL, NULL, TRUE, FALSE, TRUE);
INSERT INTO attribute (attribute_id, collection_id, name, type, length, `precision`, allow_null, eav, system) VALUES (170, 28, 'java_class', 'String', 255, NULL, FALSE, FALSE, TRUE);
INSERT INTO attribute (attribute_id, collection_id, name, type, length, `precision`, allow_null, eav, system) VALUES (165, 28, 'title', 'String', 100, NULL, FALSE, FALSE, TRUE);
INSERT INTO attribute (attribute_id, collection_id, name, type, length, `precision`, allow_null, eav, system) VALUES (187, 29, 'cms_page', 'Boolean', NULL, NULL, FALSE, FALSE, TRUE);
INSERT INTO attribute (attribute_id, collection_id, name, type, length, `precision`, allow_null, eav, system) VALUES (175, 29, 'layout_id', 'String', 100, NULL, TRUE, FALSE, TRUE);
INSERT INTO attribute (attribute_id, collection_id, name, type, length, `precision`, allow_null, eav, system) VALUES (176, 29, 'code', 'String', 100, NULL, FALSE, FALSE, TRUE);
INSERT INTO attribute (attribute_id, collection_id, name, type, length, `precision`, allow_null, eav, system) VALUES (184, 29, 'date_created', 'DateTime', NULL, NULL, FALSE, FALSE, TRUE);
INSERT INTO attribute (attribute_id, collection_id, name, type, length, `precision`, allow_null, eav, system) VALUES (179, 29, 'description', 'String', 255, NULL, FALSE, FALSE, TRUE);
INSERT INTO attribute (attribute_id, collection_id, name, type, length, `precision`, allow_null, eav, system) VALUES (177, 29, 'title', 'String', 100, NULL, FALSE, FALSE, TRUE);
INSERT INTO attribute (attribute_id, collection_id, name, type, length, `precision`, allow_null, eav, system) VALUES (174, 29, 'page_id', 'String', 100, NULL, FALSE, FALSE, TRUE);
INSERT INTO attribute (attribute_id, collection_id, name, type, length, `precision`, allow_null, eav, system) VALUES (178, 29, 'path', 'String', 255, NULL, FALSE, FALSE, TRUE);
INSERT INTO attribute (attribute_id, collection_id, name, type, length, `precision`, allow_null, eav, system) VALUES (180, 29, 'system', 'Boolean', NULL, NULL, FALSE, FALSE, TRUE);
INSERT INTO attribute (attribute_id, collection_id, name, type, length, `precision`, allow_null, eav, system) VALUES (181, 29, 'groovy', 'Text', NULL, NULL, TRUE, FALSE, TRUE);
INSERT INTO attribute (attribute_id, collection_id, name, type, length, `precision`, allow_null, eav, system) VALUES (185, 29, 'date_modified', 'DateTime', NULL, NULL, FALSE, FALSE, TRUE);
INSERT INTO attribute (attribute_id, collection_id, name, type, length, `precision`, allow_null, eav, system) VALUES (183, 29, 'modified', 'Boolean', NULL, NULL, FALSE, FALSE, TRUE);
INSERT INTO attribute (attribute_id, collection_id, name, type, length, `precision`, allow_null, eav, system) VALUES (182, 29, 'html', 'Text', NULL, NULL, TRUE, FALSE, TRUE);
INSERT INTO attribute (attribute_id, collection_id, name, type, length, `precision`, allow_null, eav, system) VALUES (186, 29, 'java_class', 'String', 255, NULL, FALSE, FALSE, TRUE);
INSERT INTO attribute (attribute_id, collection_id, name, type, length, `precision`, allow_null, eav, system) VALUES (189, 30, 'page_id', 'String', 100, NULL, FALSE, FALSE, TRUE);
INSERT INTO attribute (attribute_id, collection_id, name, type, length, `precision`, allow_null, eav, system) VALUES (188, 30, 'page_role_id', 'String', 100, NULL, FALSE, FALSE, TRUE);
INSERT INTO attribute (attribute_id, collection_id, name, type, length, `precision`, allow_null, eav, system) VALUES (191, 30, 'system', 'Boolean', NULL, NULL, FALSE, FALSE, TRUE);
INSERT INTO attribute (attribute_id, collection_id, name, type, length, `precision`, allow_null, eav, system) VALUES (190, 30, 'role_id', 'String', 100, NULL, FALSE, FALSE, TRUE);
INSERT INTO attribute (attribute_id, collection_id, name, type, length, `precision`, allow_null, eav, system) VALUES (198, 31, 'stage_javascript', 'Text', NULL, NULL, TRUE, FALSE, TRUE);
INSERT INTO attribute (attribute_id, collection_id, name, type, length, `precision`, allow_null, eav, system) VALUES (193, 31, 'code', 'String', 100, NULL, FALSE, FALSE, TRUE);
INSERT INTO attribute (attribute_id, collection_id, name, type, length, `precision`, allow_null, eav, system) VALUES (201, 31, 'date_created', 'DateTime', NULL, NULL, FALSE, FALSE, TRUE);
INSERT INTO attribute (attribute_id, collection_id, name, type, length, `precision`, allow_null, eav, system) VALUES (195, 31, 'description', 'String', 255, NULL, FALSE, FALSE, TRUE);
INSERT INTO attribute (attribute_id, collection_id, name, type, length, `precision`, allow_null, eav, system) VALUES (194, 31, 'title', 'String', 100, NULL, FALSE, FALSE, TRUE);
INSERT INTO attribute (attribute_id, collection_id, name, type, length, `precision`, allow_null, eav, system) VALUES (192, 31, 'block_id', 'String', 100, NULL, FALSE, FALSE, TRUE);
INSERT INTO attribute (attribute_id, collection_id, name, type, length, `precision`, allow_null, eav, system) VALUES (196, 31, 'javascript', 'Text', NULL, NULL, TRUE, FALSE, TRUE);
INSERT INTO attribute (attribute_id, collection_id, name, type, length, `precision`, allow_null, eav, system) VALUES (203, 31, 'system', 'Boolean', NULL, NULL, FALSE, FALSE, TRUE);
INSERT INTO attribute (attribute_id, collection_id, name, type, length, `precision`, allow_null, eav, system) VALUES (202, 31, 'date_modified', 'DateTime', NULL, NULL, FALSE, FALSE, TRUE);
INSERT INTO attribute (attribute_id, collection_id, name, type, length, `precision`, allow_null, eav, system) VALUES (199, 31, 'stage_html', 'Text', NULL, NULL, TRUE, FALSE, TRUE);
INSERT INTO attribute (attribute_id, collection_id, name, type, length, `precision`, allow_null, eav, system) VALUES (200, 31, 'modified', 'Boolean', NULL, NULL, FALSE, FALSE, TRUE);
INSERT INTO attribute (attribute_id, collection_id, name, type, length, `precision`, allow_null, eav, system) VALUES (197, 31, 'html', 'Text', NULL, NULL, TRUE, FALSE, TRUE);
INSERT INTO attribute (attribute_id, collection_id, name, type, length, `precision`, allow_null, eav, system) VALUES (205, 32, 'json_id', 'String', 100, NULL, FALSE, FALSE, TRUE);
INSERT INTO attribute (attribute_id, collection_id, name, type, length, `precision`, allow_null, eav, system) VALUES (213, 32, 'system', 'Boolean', NULL, NULL, FALSE, FALSE, TRUE);
INSERT INTO attribute (attribute_id, collection_id, name, type, length, `precision`, allow_null, eav, system) VALUES (210, 32, 'sub_type', 'String', 255, NULL, TRUE, FALSE, TRUE);
INSERT INTO attribute (attribute_id, collection_id, name, type, length, `precision`, allow_null, eav, system) VALUES (212, 32, 'enum_id', 'String', 100, NULL, TRUE, FALSE, TRUE);
INSERT INTO attribute (attribute_id, collection_id, name, type, length, `precision`, allow_null, eav, system) VALUES (206, 32, 'name', 'String', 100, NULL, FALSE, FALSE, TRUE);
INSERT INTO attribute (attribute_id, collection_id, name, type, length, `precision`, allow_null, eav, system) VALUES (207, 32, 'description', 'String', 255, NULL, FALSE, FALSE, TRUE);
INSERT INTO attribute (attribute_id, collection_id, name, type, length, `precision`, allow_null, eav, system) VALUES (211, 32, 'map_json_id', 'String', 100, NULL, TRUE, FALSE, TRUE);
INSERT INTO attribute (attribute_id, collection_id, name, type, length, `precision`, allow_null, eav, system) VALUES (204, 32, 'json_field_id', 'String', 100, NULL, FALSE, FALSE, TRUE);
INSERT INTO attribute (attribute_id, collection_id, name, type, length, `precision`, allow_null, eav, system) VALUES (209, 32, 'type', 'String', 255, NULL, FALSE, FALSE, TRUE);
INSERT INTO attribute (attribute_id, collection_id, name, type, length, `precision`, allow_null, eav, system) VALUES (208, 32, 'required', 'Boolean', NULL, NULL, FALSE, FALSE, TRUE);
INSERT INTO attribute (attribute_id, collection_id, name, type, length, `precision`, allow_null, eav, system) VALUES (225, 33, 'request_body_required', 'Boolean', NULL, NULL, FALSE, FALSE, TRUE);
INSERT INTO attribute (attribute_id, collection_id, name, type, length, `precision`, allow_null, eav, system) VALUES (215, 33, 'method', 'String', 50, NULL, FALSE, FALSE, TRUE);
INSERT INTO attribute (attribute_id, collection_id, name, type, length, `precision`, allow_null, eav, system) VALUES (228, 33, 'request_body_map_json_id', 'String', 100, NULL, TRUE, FALSE, TRUE);
INSERT INTO attribute (attribute_id, collection_id, name, type, length, `precision`, allow_null, eav, system) VALUES (234, 33, 'response_body_map_json_id', 'String', 100, NULL, TRUE, FALSE, TRUE);
INSERT INTO attribute (attribute_id, collection_id, name, type, length, `precision`, allow_null, eav, system) VALUES (222, 33, 'date_created', 'DateTime', NULL, NULL, FALSE, FALSE, TRUE);
INSERT INTO attribute (attribute_id, collection_id, name, type, length, `precision`, allow_null, eav, system) VALUES (231, 33, 'response_body_required', 'Boolean', NULL, NULL, FALSE, FALSE, TRUE);
INSERT INTO attribute (attribute_id, collection_id, name, type, length, `precision`, allow_null, eav, system) VALUES (218, 33, 'description', 'String', 255, NULL, FALSE, FALSE, TRUE);
INSERT INTO attribute (attribute_id, collection_id, name, type, length, `precision`, allow_null, eav, system) VALUES (232, 33, 'response_body_type', 'String', 100, NULL, TRUE, FALSE, TRUE);
INSERT INTO attribute (attribute_id, collection_id, name, type, length, `precision`, allow_null, eav, system) VALUES (214, 33, 'rest_id', 'String', 100, NULL, FALSE, FALSE, TRUE);
INSERT INTO attribute (attribute_id, collection_id, name, type, length, `precision`, allow_null, eav, system) VALUES (227, 33, 'request_body_sub_type', 'String', 100, NULL, TRUE, FALSE, TRUE);
INSERT INTO attribute (attribute_id, collection_id, name, type, length, `precision`, allow_null, eav, system) VALUES (233, 33, 'response_body_sub_type', 'String', 100, NULL, TRUE, FALSE, TRUE);
INSERT INTO attribute (attribute_id, collection_id, name, type, length, `precision`, allow_null, eav, system) VALUES (219, 33, 'script', 'Text', NULL, NULL, TRUE, FALSE, TRUE);
INSERT INTO attribute (attribute_id, collection_id, name, type, length, `precision`, allow_null, eav, system) VALUES (235, 33, 'response_body_enum_id', 'String', 100, NULL, TRUE, FALSE, TRUE);
INSERT INTO attribute (attribute_id, collection_id, name, type, length, `precision`, allow_null, eav, system) VALUES (216, 33, 'path', 'String', 255, NULL, FALSE, FALSE, TRUE);
INSERT INTO attribute (attribute_id, collection_id, name, type, length, `precision`, allow_null, eav, system) VALUES (223, 33, 'security', 'String', 15, NULL, FALSE, FALSE, TRUE);
INSERT INTO attribute (attribute_id, collection_id, name, type, length, `precision`, allow_null, eav, system) VALUES (224, 33, 'request_content_type', 'String', 100, NULL, TRUE, FALSE, TRUE);
INSERT INTO attribute (attribute_id, collection_id, name, type, length, `precision`, allow_null, eav, system) VALUES (229, 33, 'request_body_enum_id', 'String', 100, NULL, TRUE, FALSE, TRUE);
INSERT INTO attribute (attribute_id, collection_id, name, type, length, `precision`, allow_null, eav, system) VALUES (230, 33, 'response_content_type', 'String', 100, NULL, TRUE, FALSE, TRUE);
INSERT INTO attribute (attribute_id, collection_id, name, type, length, `precision`, allow_null, eav, system) VALUES (236, 33, 'system', 'Boolean', NULL, NULL, FALSE, FALSE, TRUE);
INSERT INTO attribute (attribute_id, collection_id, name, type, length, `precision`, allow_null, eav, system) VALUES (217, 33, 'name', 'String', 255, NULL, FALSE, FALSE, TRUE);
INSERT INTO attribute (attribute_id, collection_id, name, type, length, `precision`, allow_null, eav, system) VALUES (221, 33, 'modified', 'Boolean', NULL, NULL, FALSE, FALSE, TRUE);
INSERT INTO attribute (attribute_id, collection_id, name, type, length, `precision`, allow_null, eav, system) VALUES (220, 33, 'stage_script', 'Text', NULL, NULL, TRUE, FALSE, TRUE);
INSERT INTO attribute (attribute_id, collection_id, name, type, length, `precision`, allow_null, eav, system) VALUES (226, 33, 'request_body_type', 'String', 100, NULL, TRUE, FALSE, TRUE);
INSERT INTO attribute (attribute_id, collection_id, name, type, length, `precision`, allow_null, eav, system) VALUES (237, 34, 'rest_request_header_id', 'String', 100, NULL, FALSE, FALSE, TRUE);
INSERT INTO attribute (attribute_id, collection_id, name, type, length, `precision`, allow_null, eav, system) VALUES (241, 34, 'system', 'Boolean', NULL, NULL, FALSE, FALSE, TRUE);
INSERT INTO attribute (attribute_id, collection_id, name, type, length, `precision`, allow_null, eav, system) VALUES (238, 34, 'rest_id', 'String', 100, NULL, FALSE, FALSE, TRUE);
INSERT INTO attribute (attribute_id, collection_id, name, type, length, `precision`, allow_null, eav, system) VALUES (239, 34, 'http_header_id', 'String', 100, NULL, FALSE, FALSE, TRUE);
INSERT INTO attribute (attribute_id, collection_id, name, type, length, `precision`, allow_null, eav, system) VALUES (240, 34, 'required', 'Boolean', NULL, NULL, FALSE, FALSE, TRUE);
INSERT INTO attribute (attribute_id, collection_id, name, type, length, `precision`, allow_null, eav, system) VALUES (242, 35, 'rest_request_query_id', 'String', 100, NULL, FALSE, FALSE, TRUE);
INSERT INTO attribute (attribute_id, collection_id, name, type, length, `precision`, allow_null, eav, system) VALUES (246, 35, 'system', 'Boolean', NULL, NULL, FALSE, FALSE, TRUE);
INSERT INTO attribute (attribute_id, collection_id, name, type, length, `precision`, allow_null, eav, system) VALUES (243, 35, 'rest_id', 'String', 100, NULL, FALSE, FALSE, TRUE);
INSERT INTO attribute (attribute_id, collection_id, name, type, length, `precision`, allow_null, eav, system) VALUES (244, 35, 'http_query_id', 'String', 100, NULL, FALSE, FALSE, TRUE);
INSERT INTO attribute (attribute_id, collection_id, name, type, length, `precision`, allow_null, eav, system) VALUES (245, 35, 'required', 'Boolean', NULL, NULL, FALSE, FALSE, TRUE);
INSERT INTO attribute (attribute_id, collection_id, name, type, length, `precision`, allow_null, eav, system) VALUES (247, 36, 'rest_response_header_id', 'String', 100, NULL, FALSE, FALSE, TRUE);
INSERT INTO attribute (attribute_id, collection_id, name, type, length, `precision`, allow_null, eav, system) VALUES (251, 36, 'system', 'Boolean', NULL, NULL, FALSE, FALSE, TRUE);
INSERT INTO attribute (attribute_id, collection_id, name, type, length, `precision`, allow_null, eav, system) VALUES (248, 36, 'rest_id', 'String', 100, NULL, FALSE, FALSE, TRUE);
INSERT INTO attribute (attribute_id, collection_id, name, type, length, `precision`, allow_null, eav, system) VALUES (249, 36, 'http_header_id', 'String', 100, NULL, FALSE, FALSE, TRUE);
INSERT INTO attribute (attribute_id, collection_id, name, type, length, `precision`, allow_null, eav, system) VALUES (250, 36, 'required', 'Boolean', NULL, NULL, FALSE, FALSE, TRUE);
INSERT INTO attribute (attribute_id, collection_id, name, type, length, `precision`, allow_null, eav, system) VALUES (259, 37, 'system', 'Boolean', NULL, NULL, FALSE, FALSE, TRUE);
INSERT INTO attribute (attribute_id, collection_id, name, type, length, `precision`, allow_null, eav, system) VALUES (255, 37, 'sub_type', 'String', 255, NULL, TRUE, FALSE, TRUE);
INSERT INTO attribute (attribute_id, collection_id, name, type, length, `precision`, allow_null, eav, system) VALUES (252, 37, 'http_header_id', 'String', 100, NULL, FALSE, FALSE, TRUE);
INSERT INTO attribute (attribute_id, collection_id, name, type, length, `precision`, allow_null, eav, system) VALUES (256, 37, 'enum_id', 'String', 100, NULL, TRUE, FALSE, TRUE);
INSERT INTO attribute (attribute_id, collection_id, name, type, length, `precision`, allow_null, eav, system) VALUES (253, 37, 'name', 'String', 100, NULL, FALSE, FALSE, TRUE);
INSERT INTO attribute (attribute_id, collection_id, name, type, length, `precision`, allow_null, eav, system) VALUES (258, 37, 'format', 'String', 255, NULL, TRUE, FALSE, TRUE);
INSERT INTO attribute (attribute_id, collection_id, name, type, length, `precision`, allow_null, eav, system) VALUES (257, 37, 'description', 'String', 100, NULL, TRUE, FALSE, TRUE);
INSERT INTO attribute (attribute_id, collection_id, name, type, length, `precision`, allow_null, eav, system) VALUES (254, 37, 'type', 'String', 100, NULL, FALSE, FALSE, TRUE);
INSERT INTO attribute (attribute_id, collection_id, name, type, length, `precision`, allow_null, eav, system) VALUES (267, 38, 'system', 'Boolean', NULL, NULL, FALSE, FALSE, TRUE);
INSERT INTO attribute (attribute_id, collection_id, name, type, length, `precision`, allow_null, eav, system) VALUES (263, 38, 'sub_type', 'String', 255, NULL, TRUE, FALSE, TRUE);
INSERT INTO attribute (attribute_id, collection_id, name, type, length, `precision`, allow_null, eav, system) VALUES (264, 38, 'enum_id', 'String', 100, NULL, TRUE, FALSE, TRUE);
INSERT INTO attribute (attribute_id, collection_id, name, type, length, `precision`, allow_null, eav, system) VALUES (261, 38, 'name', 'String', 100, NULL, FALSE, FALSE, TRUE);
INSERT INTO attribute (attribute_id, collection_id, name, type, length, `precision`, allow_null, eav, system) VALUES (266, 38, 'format', 'String', 255, NULL, TRUE, FALSE, TRUE);
INSERT INTO attribute (attribute_id, collection_id, name, type, length, `precision`, allow_null, eav, system) VALUES (265, 38, 'description', 'String', 100, NULL, TRUE, FALSE, TRUE);
INSERT INTO attribute (attribute_id, collection_id, name, type, length, `precision`, allow_null, eav, system) VALUES (262, 38, 'type', 'String', 100, NULL, FALSE, FALSE, TRUE);
INSERT INTO attribute (attribute_id, collection_id, name, type, length, `precision`, allow_null, eav, system) VALUES (260, 38, 'http_query_id', 'String', 100, NULL, FALSE, FALSE, TRUE);
INSERT INTO attribute (attribute_id, collection_id, name, type, length, `precision`, allow_null, eav, system) VALUES (269, 39, 'name', 'String', 100, NULL, FALSE, FALSE, TRUE);
INSERT INTO attribute (attribute_id, collection_id, name, type, length, `precision`, allow_null, eav, system) VALUES (270, 39, 'description', 'String', 255, NULL, FALSE, FALSE, TRUE);
INSERT INTO attribute (attribute_id, collection_id, name, type, length, `precision`, allow_null, eav, system) VALUES (268, 39, 'json_id', 'String', 100, NULL, FALSE, FALSE, TRUE);
INSERT INTO attribute (attribute_id, collection_id, name, type, length, `precision`, allow_null, eav, system) VALUES (272, 39, 'system', 'Boolean', NULL, NULL, FALSE, FALSE, TRUE);
INSERT INTO attribute (attribute_id, collection_id, name, type, length, `precision`, allow_null, eav, system) VALUES (271, 39, 'content_type', 'String', 100, NULL, FALSE, FALSE, TRUE);
INSERT INTO attribute (attribute_id, collection_id, name, type, length, `precision`, allow_null, eav, system) VALUES (274, 40, 'collection_id', 'String', 100, NULL, FALSE, FALSE, TRUE);
INSERT INTO attribute (attribute_id, collection_id, name, type, length, `precision`, allow_null, eav, system) VALUES (275, 40, 'attribute_id', 'String', 100, NULL, FALSE, FALSE, TRUE);
INSERT INTO attribute (attribute_id, collection_id, name, type, length, `precision`, allow_null, eav, system) VALUES (278, 40, 'eav_value', 'Double', 15, 4, TRUE, FALSE, TRUE);
INSERT INTO attribute (attribute_id, collection_id, name, type, length, `precision`, allow_null, eav, system) VALUES (277, 40, 'attribute_type', 'String', 50, NULL, FALSE, FALSE, TRUE);
INSERT INTO attribute (attribute_id, collection_id, name, type, length, `precision`, allow_null, eav, system) VALUES (273, 40, 'eav_decimal_id', 'String', 100, NULL, FALSE, FALSE, TRUE);
INSERT INTO attribute (attribute_id, collection_id, name, type, length, `precision`, allow_null, eav, system) VALUES (276, 40, 'document_id', 'String', 100, NULL, FALSE, FALSE, TRUE);
INSERT INTO attribute (attribute_id, collection_id, name, type, length, `precision`, allow_null, eav, system) VALUES (280, 41, 'collection_id', 'String', 100, NULL, FALSE, FALSE, TRUE);
INSERT INTO attribute (attribute_id, collection_id, name, type, length, `precision`, allow_null, eav, system) VALUES (279, 41, 'eav_integer_id', 'String', 100, NULL, FALSE, FALSE, TRUE);
INSERT INTO attribute (attribute_id, collection_id, name, type, length, `precision`, allow_null, eav, system) VALUES (281, 41, 'attribute_id', 'String', 100, NULL, FALSE, FALSE, TRUE);
INSERT INTO attribute (attribute_id, collection_id, name, type, length, `precision`, allow_null, eav, system) VALUES (284, 41, 'eav_value', 'Long', 11, NULL, TRUE, FALSE, TRUE);
INSERT INTO attribute (attribute_id, collection_id, name, type, length, `precision`, allow_null, eav, system) VALUES (283, 41, 'attribute_type', 'String', 50, NULL, FALSE, FALSE, TRUE);
INSERT INTO attribute (attribute_id, collection_id, name, type, length, `precision`, allow_null, eav, system) VALUES (282, 41, 'document_id', 'String', 100, NULL, FALSE, FALSE, TRUE);
INSERT INTO attribute (attribute_id, collection_id, name, type, length, `precision`, allow_null, eav, system) VALUES (286, 42, 'collection_id', 'String', 100, NULL, FALSE, FALSE, TRUE);
INSERT INTO attribute (attribute_id, collection_id, name, type, length, `precision`, allow_null, eav, system) VALUES (287, 42, 'attribute_id', 'String', 100, NULL, FALSE, FALSE, TRUE);
INSERT INTO attribute (attribute_id, collection_id, name, type, length, `precision`, allow_null, eav, system) VALUES (290, 42, 'eav_value', 'Text', NULL, NULL, TRUE, FALSE, TRUE);
INSERT INTO attribute (attribute_id, collection_id, name, type, length, `precision`, allow_null, eav, system) VALUES (289, 42, 'attribute_type', 'String', 50, NULL, FALSE, FALSE, TRUE);
INSERT INTO attribute (attribute_id, collection_id, name, type, length, `precision`, allow_null, eav, system) VALUES (288, 42, 'document_id', 'String', 100, NULL, FALSE, FALSE, TRUE);
INSERT INTO attribute (attribute_id, collection_id, name, type, length, `precision`, allow_null, eav, system) VALUES (285, 42, 'eav_text_id', 'String', 100, NULL, FALSE, FALSE, TRUE);
INSERT INTO attribute (attribute_id, collection_id, name, type, length, `precision`, allow_null, eav, system) VALUES (292, 43, 'collection_id', 'String', 100, NULL, FALSE, FALSE, TRUE);
INSERT INTO attribute (attribute_id, collection_id, name, type, length, `precision`, allow_null, eav, system) VALUES (291, 43, 'eav_varchar_id', 'String', 100, NULL, FALSE, FALSE, TRUE);
INSERT INTO attribute (attribute_id, collection_id, name, type, length, `precision`, allow_null, eav, system) VALUES (293, 43, 'attribute_id', 'String', 100, NULL, FALSE, FALSE, TRUE);
INSERT INTO attribute (attribute_id, collection_id, name, type, length, `precision`, allow_null, eav, system) VALUES (296, 43, 'eav_value', 'String', 255, NULL, TRUE, FALSE, TRUE);
INSERT INTO attribute (attribute_id, collection_id, name, type, length, `precision`, allow_null, eav, system) VALUES (295, 43, 'attribute_type', 'String', 50, NULL, FALSE, FALSE, TRUE);
INSERT INTO attribute (attribute_id, collection_id, name, type, length, `precision`, allow_null, eav, system) VALUES (294, 43, 'document_id', 'String', 100, NULL, FALSE, FALSE, TRUE);
INSERT INTO attribute (attribute_id, collection_id, name, type, length, `precision`, allow_null, eav, system) VALUES (297, 44, 'eav_boolean_id', 'String', 100, NULL, FALSE, FALSE, TRUE);
INSERT INTO attribute (attribute_id, collection_id, name, type, length, `precision`, allow_null, eav, system) VALUES (298, 44, 'collection_id', 'String', 100, NULL, FALSE, FALSE, TRUE);
INSERT INTO attribute (attribute_id, collection_id, name, type, length, `precision`, allow_null, eav, system) VALUES (299, 44, 'attribute_id', 'String', 100, NULL, FALSE, FALSE, TRUE);
INSERT INTO attribute (attribute_id, collection_id, name, type, length, `precision`, allow_null, eav, system) VALUES (302, 44, 'eav_value', 'Boolean', NULL, NULL, TRUE, FALSE, TRUE);
INSERT INTO attribute (attribute_id, collection_id, name, type, length, `precision`, allow_null, eav, system) VALUES (301, 44, 'attribute_type', 'String', 50, NULL, FALSE, FALSE, TRUE);
INSERT INTO attribute (attribute_id, collection_id, name, type, length, `precision`, allow_null, eav, system) VALUES (300, 44, 'document_id', 'String', 100, NULL, FALSE, FALSE, TRUE);
INSERT INTO attribute (attribute_id, collection_id, name, type, length, `precision`, allow_null, eav, system) VALUES (304, 45, 'collection_id', 'String', 100, NULL, FALSE, FALSE, TRUE);
INSERT INTO attribute (attribute_id, collection_id, name, type, length, `precision`, allow_null, eav, system) VALUES (305, 45, 'attribute_id', 'String', 100, NULL, FALSE, FALSE, TRUE);
INSERT INTO attribute (attribute_id, collection_id, name, type, length, `precision`, allow_null, eav, system) VALUES (308, 45, 'eav_value', 'DateTime', NULL, NULL, TRUE, FALSE, TRUE);
INSERT INTO attribute (attribute_id, collection_id, name, type, length, `precision`, allow_null, eav, system) VALUES (307, 45, 'attribute_type', 'String', 50, NULL, FALSE, FALSE, TRUE);
INSERT INTO attribute (attribute_id, collection_id, name, type, length, `precision`, allow_null, eav, system) VALUES (306, 45, 'document_id', 'String', 100, NULL, FALSE, FALSE, TRUE);
INSERT INTO attribute (attribute_id, collection_id, name, type, length, `precision`, allow_null, eav, system) VALUES (303, 45, 'eav_date_time_id', 'String', 100, NULL, FALSE, FALSE, TRUE);
INSERT INTO attribute (attribute_id, collection_id, name, type, length, `precision`, allow_null, eav, system) VALUES (310, 46, 'collection_id', 'String', 100, NULL, FALSE, FALSE, TRUE);
INSERT INTO attribute (attribute_id, collection_id, name, type, length, `precision`, allow_null, eav, system) VALUES (311, 46, 'attribute_id', 'String', 100, NULL, FALSE, FALSE, TRUE);
INSERT INTO attribute (attribute_id, collection_id, name, type, length, `precision`, allow_null, eav, system) VALUES (314, 46, 'eav_value', 'Date', NULL, NULL, TRUE, FALSE, TRUE);
INSERT INTO attribute (attribute_id, collection_id, name, type, length, `precision`, allow_null, eav, system) VALUES (309, 46, 'eav_date_id', 'String', 100, NULL, FALSE, FALSE, TRUE);
INSERT INTO attribute (attribute_id, collection_id, name, type, length, `precision`, allow_null, eav, system) VALUES (313, 46, 'attribute_type', 'String', 50, NULL, FALSE, FALSE, TRUE);
INSERT INTO attribute (attribute_id, collection_id, name, type, length, `precision`, allow_null, eav, system) VALUES (312, 46, 'document_id', 'String', 100, NULL, FALSE, FALSE, TRUE);
INSERT INTO attribute (attribute_id, collection_id, name, type, length, `precision`, allow_null, eav, system) VALUES (315, 47, 'eav_time_id', 'String', 100, NULL, FALSE, FALSE, TRUE);
INSERT INTO attribute (attribute_id, collection_id, name, type, length, `precision`, allow_null, eav, system) VALUES (316, 47, 'collection_id', 'String', 100, NULL, FALSE, FALSE, TRUE);
INSERT INTO attribute (attribute_id, collection_id, name, type, length, `precision`, allow_null, eav, system) VALUES (317, 47, 'attribute_id', 'String', 100, NULL, FALSE, FALSE, TRUE);
INSERT INTO attribute (attribute_id, collection_id, name, type, length, `precision`, allow_null, eav, system) VALUES (320, 47, 'eav_value', 'Time', NULL, NULL, TRUE, FALSE, TRUE);
INSERT INTO attribute (attribute_id, collection_id, name, type, length, `precision`, allow_null, eav, system) VALUES (319, 47, 'attribute_type', 'String', 50, NULL, FALSE, FALSE, TRUE);
INSERT INTO attribute (attribute_id, collection_id, name, type, length, `precision`, allow_null, eav, system) VALUES (318, 47, 'document_id', 'String', 100, NULL, FALSE, FALSE, TRUE);
INSERT INTO attribute (attribute_id, collection_id, name, type, length, `precision`, allow_null, eav, system) VALUES (322, 48, 'collection_id', 'String', 100, NULL, FALSE, FALSE, TRUE);
INSERT INTO attribute (attribute_id, collection_id, name, type, length, `precision`, allow_null, eav, system) VALUES (321, 48, 'eav_character_id', 'String', 100, NULL, FALSE, FALSE, TRUE);
INSERT INTO attribute (attribute_id, collection_id, name, type, length, `precision`, allow_null, eav, system) VALUES (323, 48, 'attribute_id', 'String', 100, NULL, FALSE, FALSE, TRUE);
INSERT INTO attribute (attribute_id, collection_id, name, type, length, `precision`, allow_null, eav, system) VALUES (326, 48, 'eav_value', 'String', 1, NULL, TRUE, FALSE, TRUE);
INSERT INTO attribute (attribute_id, collection_id, name, type, length, `precision`, allow_null, eav, system) VALUES (325, 48, 'attribute_type', 'String', 50, NULL, FALSE, FALSE, TRUE);
INSERT INTO attribute (attribute_id, collection_id, name, type, length, `precision`, allow_null, eav, system) VALUES (324, 48, 'document_id', 'String', 100, NULL, FALSE, FALSE, TRUE);
INSERT INTO attribute (attribute_id, collection_id, name, type, length, `precision`, allow_null, eav, system) VALUES (327, 49, 'restore_id', 'String', 100, NULL, FALSE, FALSE, TRUE);
INSERT INTO attribute (attribute_id, collection_id, name, type, length, `precision`, allow_null, eav, system) VALUES (328, 49, 'fields', 'Text', NULL, NULL, TRUE, FALSE, TRUE);
INSERT INTO attribute (attribute_id, collection_id, name, type, length, `precision`, allow_null, eav, system) VALUES (329, 49, 'table_name', 'String', 100, NULL, TRUE, FALSE, TRUE);
INSERT INTO attribute (attribute_id, collection_id, name, type, length, `precision`, allow_null, eav, system) VALUES (330, 49, 'date_created', 'DateTime', NULL, NULL, FALSE, FALSE, TRUE);

# instance_attribute
INSERT INTO instance_attribute (instance_attribute_id, collection_id, attribute_id, `order`, system) VALUES (1, 1, 2, 1, true);
INSERT INTO instance_attribute (instance_attribute_id, collection_id, attribute_id, `order`, system) VALUES (2, 2, 7, 2, true);
INSERT INTO instance_attribute (instance_attribute_id, collection_id, attribute_id, `order`, system) VALUES (3, 3, 11, 3, true);
INSERT INTO instance_attribute (instance_attribute_id, collection_id, attribute_id, `order`, system) VALUES (4, 4, 15, 4, true);
INSERT INTO instance_attribute (instance_attribute_id, collection_id, attribute_id, `order`, system) VALUES (5, 5, 19, 5, true);
INSERT INTO instance_attribute (instance_attribute_id, collection_id, attribute_id, `order`, system) VALUES (6, 6, 24, 6, true);
INSERT INTO instance_attribute (instance_attribute_id, collection_id, attribute_id, `order`, system) VALUES (7, 11, 59, 7, true);
INSERT INTO instance_attribute (instance_attribute_id, collection_id, attribute_id, `order`, system) VALUES (8, 12, 63, 8, true);
INSERT INTO instance_attribute (instance_attribute_id, collection_id, attribute_id, `order`, system) VALUES (9, 14, 67, 9, true);
INSERT INTO instance_attribute (instance_attribute_id, collection_id, attribute_id, `order`, system) VALUES (10, 15, 77, 10, true);
INSERT INTO instance_attribute (instance_attribute_id, collection_id, attribute_id, `order`, system) VALUES (11, 18, 104, 11, true);
INSERT INTO instance_attribute (instance_attribute_id, collection_id, attribute_id, `order`, system) VALUES (12, 20, 114, 12, true);
INSERT INTO instance_attribute (instance_attribute_id, collection_id, attribute_id, `order`, system) VALUES (13, 22, 125, 13, true);
INSERT INTO instance_attribute (instance_attribute_id, collection_id, attribute_id, `order`, system) VALUES (14, 23, 135, 14, true);
INSERT INTO instance_attribute (instance_attribute_id, collection_id, attribute_id, `order`, system) VALUES (15, 24, 140, 15, true);
INSERT INTO instance_attribute (instance_attribute_id, collection_id, attribute_id, `order`, system) VALUES (16, 25, 144, 16, true);
INSERT INTO instance_attribute (instance_attribute_id, collection_id, attribute_id, `order`, system) VALUES (17, 26, 153, 17, true);
INSERT INTO instance_attribute (instance_attribute_id, collection_id, attribute_id, `order`, system) VALUES (18, 27, 161, 18, true);
INSERT INTO instance_attribute (instance_attribute_id, collection_id, attribute_id, `order`, system) VALUES (19, 27, 162, 19, true);
INSERT INTO instance_attribute (instance_attribute_id, collection_id, attribute_id, `order`, system) VALUES (20, 28, 165, 20, true);
INSERT INTO instance_attribute (instance_attribute_id, collection_id, attribute_id, `order`, system) VALUES (21, 29, 177, 21, true);
INSERT INTO instance_attribute (instance_attribute_id, collection_id, attribute_id, `order`, system) VALUES (22, 31, 194, 22, true);
INSERT INTO instance_attribute (instance_attribute_id, collection_id, attribute_id, `order`, system) VALUES (23, 32, 206, 23, true);
INSERT INTO instance_attribute (instance_attribute_id, collection_id, attribute_id, `order`, system) VALUES (24, 33, 217, 24, true);
INSERT INTO instance_attribute (instance_attribute_id, collection_id, attribute_id, `order`, system) VALUES (25, 37, 253, 25, true);
INSERT INTO instance_attribute (instance_attribute_id, collection_id, attribute_id, `order`, system) VALUES (26, 38, 261, 26, true);
INSERT INTO instance_attribute (instance_attribute_id, collection_id, attribute_id, `order`, system) VALUES (27, 39, 269, 27, true);

# primary_attribute
INSERT INTO primary_attribute (primary_attribute_id, collection_id, attribute_id, system) VALUES (1, 1, 1, true);
INSERT INTO primary_attribute (primary_attribute_id, collection_id, attribute_id, system) VALUES (2, 2, 6, true);
INSERT INTO primary_attribute (primary_attribute_id, collection_id, attribute_id, system) VALUES (3, 3, 10, true);
INSERT INTO primary_attribute (primary_attribute_id, collection_id, attribute_id, system) VALUES (4, 4, 14, true);
INSERT INTO primary_attribute (primary_attribute_id, collection_id, attribute_id, system) VALUES (5, 5, 18, true);
INSERT INTO primary_attribute (primary_attribute_id, collection_id, attribute_id, system) VALUES (6, 6, 22, true);
INSERT INTO primary_attribute (primary_attribute_id, collection_id, attribute_id, system) VALUES (7, 7, 32, true);
INSERT INTO primary_attribute (primary_attribute_id, collection_id, attribute_id, system) VALUES (8, 8, 37, true);
INSERT INTO primary_attribute (primary_attribute_id, collection_id, attribute_id, system) VALUES (9, 9, 41, true);
INSERT INTO primary_attribute (primary_attribute_id, collection_id, attribute_id, system) VALUES (10, 10, 47, true);
INSERT INTO primary_attribute (primary_attribute_id, collection_id, attribute_id, system) VALUES (11, 11, 58, true);
INSERT INTO primary_attribute (primary_attribute_id, collection_id, attribute_id, system) VALUES (12, 12, 62, true);
INSERT INTO primary_attribute (primary_attribute_id, collection_id, attribute_id, system) VALUES (13, 13, 65, true);
INSERT INTO primary_attribute (primary_attribute_id, collection_id, attribute_id, system) VALUES (14, 14, 66, true);
INSERT INTO primary_attribute (primary_attribute_id, collection_id, attribute_id, system) VALUES (15, 15, 76, true);
INSERT INTO primary_attribute (primary_attribute_id, collection_id, attribute_id, system) VALUES (16, 16, 87, true);
INSERT INTO primary_attribute (primary_attribute_id, collection_id, attribute_id, system) VALUES (17, 17, 94, true);
INSERT INTO primary_attribute (primary_attribute_id, collection_id, attribute_id, system) VALUES (18, 18, 103, true);
INSERT INTO primary_attribute (primary_attribute_id, collection_id, attribute_id, system) VALUES (19, 19, 109, true);
INSERT INTO primary_attribute (primary_attribute_id, collection_id, attribute_id, system) VALUES (20, 20, 113, true);
INSERT INTO primary_attribute (primary_attribute_id, collection_id, attribute_id, system) VALUES (21, 21, 118, true);
INSERT INTO primary_attribute (primary_attribute_id, collection_id, attribute_id, system) VALUES (22, 22, 124, true);
INSERT INTO primary_attribute (primary_attribute_id, collection_id, attribute_id, system) VALUES (23, 23, 133, true);
INSERT INTO primary_attribute (primary_attribute_id, collection_id, attribute_id, system) VALUES (24, 24, 139, true);
INSERT INTO primary_attribute (primary_attribute_id, collection_id, attribute_id, system) VALUES (25, 25, 143, true);
INSERT INTO primary_attribute (primary_attribute_id, collection_id, attribute_id, system) VALUES (26, 26, 151, true);
INSERT INTO primary_attribute (primary_attribute_id, collection_id, attribute_id, system) VALUES (27, 27, 159, true);
INSERT INTO primary_attribute (primary_attribute_id, collection_id, attribute_id, system) VALUES (28, 28, 164, true);
INSERT INTO primary_attribute (primary_attribute_id, collection_id, attribute_id, system) VALUES (29, 29, 174, true);
INSERT INTO primary_attribute (primary_attribute_id, collection_id, attribute_id, system) VALUES (30, 30, 188, true);
INSERT INTO primary_attribute (primary_attribute_id, collection_id, attribute_id, system) VALUES (31, 31, 192, true);
INSERT INTO primary_attribute (primary_attribute_id, collection_id, attribute_id, system) VALUES (32, 32, 204, true);
INSERT INTO primary_attribute (primary_attribute_id, collection_id, attribute_id, system) VALUES (33, 33, 214, true);
INSERT INTO primary_attribute (primary_attribute_id, collection_id, attribute_id, system) VALUES (34, 34, 237, true);
INSERT INTO primary_attribute (primary_attribute_id, collection_id, attribute_id, system) VALUES (35, 35, 242, true);
INSERT INTO primary_attribute (primary_attribute_id, collection_id, attribute_id, system) VALUES (36, 36, 247, true);
INSERT INTO primary_attribute (primary_attribute_id, collection_id, attribute_id, system) VALUES (37, 37, 252, true);
INSERT INTO primary_attribute (primary_attribute_id, collection_id, attribute_id, system) VALUES (38, 38, 260, true);
INSERT INTO primary_attribute (primary_attribute_id, collection_id, attribute_id, system) VALUES (39, 39, 268, true);
INSERT INTO primary_attribute (primary_attribute_id, collection_id, attribute_id, system) VALUES (40, 40, 273, true);
INSERT INTO primary_attribute (primary_attribute_id, collection_id, attribute_id, system) VALUES (41, 41, 279, true);
INSERT INTO primary_attribute (primary_attribute_id, collection_id, attribute_id, system) VALUES (42, 42, 285, true);
INSERT INTO primary_attribute (primary_attribute_id, collection_id, attribute_id, system) VALUES (43, 43, 291, true);
INSERT INTO primary_attribute (primary_attribute_id, collection_id, attribute_id, system) VALUES (44, 44, 297, true);
INSERT INTO primary_attribute (primary_attribute_id, collection_id, attribute_id, system) VALUES (45, 45, 303, true);
INSERT INTO primary_attribute (primary_attribute_id, collection_id, attribute_id, system) VALUES (46, 46, 309, true);
INSERT INTO primary_attribute (primary_attribute_id, collection_id, attribute_id, system) VALUES (47, 47, 315, true);
INSERT INTO primary_attribute (primary_attribute_id, collection_id, attribute_id, system) VALUES (48, 48, 321, true);
INSERT INTO primary_attribute (primary_attribute_id, collection_id, attribute_id, system) VALUES (49, 49, 327, true);

# index_attribute table
INSERT INTO index_attribute (index_attribute_id, collection_id, attribute_id, name, type, system) VALUES (1, 1, 5, 'index__collection__mutable', 'KEY', true);
INSERT INTO index_attribute (index_attribute_id, collection_id, attribute_id, name, type, system) VALUES (2, 1, 4, 'index__collection__system', 'KEY', true);
INSERT INTO index_attribute (index_attribute_id, collection_id, attribute_id, name, type, system) VALUES (3, 1, 3, 'index__collection__locked', 'KEY', true);
INSERT INTO index_attribute (index_attribute_id, collection_id, attribute_id, name, type, system) VALUES (4, 1, 2, 'unique__collection__name', 'UNIQUE KEY', true);
INSERT INTO index_attribute (index_attribute_id, collection_id, attribute_id, name, type, system) VALUES (5, 2, 9, 'index__view__system', 'KEY', true);
INSERT INTO index_attribute (index_attribute_id, collection_id, attribute_id, name, type, system) VALUES (6, 2, 7, 'unique__view__name', 'UNIQUE KEY', true);
INSERT INTO index_attribute (index_attribute_id, collection_id, attribute_id, name, type, system) VALUES (7, 3, 13, 'index__function__system', 'KEY', true);
INSERT INTO index_attribute (index_attribute_id, collection_id, attribute_id, name, type, system) VALUES (8, 3, 11, 'unique__function__name', 'UNIQUE KEY', true);
INSERT INTO index_attribute (index_attribute_id, collection_id, attribute_id, name, type, system) VALUES (9, 4, 17, 'index__procedure__system', 'KEY', true);
INSERT INTO index_attribute (index_attribute_id, collection_id, attribute_id, name, type, system) VALUES (10, 4, 15, 'unique__procedure__name', 'UNIQUE KEY', true);
INSERT INTO index_attribute (index_attribute_id, collection_id, attribute_id, name, type, system) VALUES (11, 5, 21, 'index__trigger__system', 'KEY', true);
INSERT INTO index_attribute (index_attribute_id, collection_id, attribute_id, name, type, system) VALUES (12, 5, 19, 'unique__trigger__name', 'UNIQUE KEY', true);
INSERT INTO index_attribute (index_attribute_id, collection_id, attribute_id, name, type, system) VALUES (13, 6, 31, 'index__attribute__system', 'KEY', true);
INSERT INTO index_attribute (index_attribute_id, collection_id, attribute_id, name, type, system) VALUES (14, 6, 25, 'index__attribute__type', 'KEY', true);
INSERT INTO index_attribute (index_attribute_id, collection_id, attribute_id, name, type, system) VALUES (15, 6, 28, 'index__attribute__order', 'KEY', true);
INSERT INTO index_attribute (index_attribute_id, collection_id, attribute_id, name, type, system) VALUES (16, 6, 30, 'index__attribute__eav', 'KEY', true);
INSERT INTO index_attribute (index_attribute_id, collection_id, attribute_id, name, type, system) VALUES (17, 6, 24, 'unique__attribute__name__collection_id', 'UNIQUE KEY', true);
INSERT INTO index_attribute (index_attribute_id, collection_id, attribute_id, name, type, system) VALUES (18, 6, 23, 'unique__attribute__name__collection_id', 'UNIQUE KEY', true);
INSERT INTO index_attribute (index_attribute_id, collection_id, attribute_id, name, type, system) VALUES (19, 7, 35, 'index__instance_attribute__order', 'KEY', true);
INSERT INTO index_attribute (index_attribute_id, collection_id, attribute_id, name, type, system) VALUES (20, 7, 36, 'index__instance_attribute__system', 'KEY', true);
INSERT INTO index_attribute (index_attribute_id, collection_id, attribute_id, name, type, system) VALUES (21, 7, 34, 'unique__instance_attribute__attribute_id__collection_id', 'UNIQUE KEY', true);
INSERT INTO index_attribute (index_attribute_id, collection_id, attribute_id, name, type, system) VALUES (22, 7, 33, 'unique__instance_attribute__attribute_id__collection_id', 'UNIQUE KEY', true);
INSERT INTO index_attribute (index_attribute_id, collection_id, attribute_id, name, type, system) VALUES (23, 8, 40, 'index__primary_attribute__system', 'KEY', true);
INSERT INTO index_attribute (index_attribute_id, collection_id, attribute_id, name, type, system) VALUES (24, 8, 38, 'unique__primary_attribute__collection_id__attribute_id', 'UNIQUE KEY', true);
INSERT INTO index_attribute (index_attribute_id, collection_id, attribute_id, name, type, system) VALUES (25, 8, 39, 'unique__primary_attribute__collection_id__attribute_id', 'UNIQUE KEY', true);
INSERT INTO index_attribute (index_attribute_id, collection_id, attribute_id, name, type, system) VALUES (26, 9, 46, 'index__index_attribute__system', 'KEY', true);
INSERT INTO index_attribute (index_attribute_id, collection_id, attribute_id, name, type, system) VALUES (27, 9, 42, 'unique__index_attribute__collection_id__attribute_id__type__name', 'UNIQUE KEY', true);
INSERT INTO index_attribute (index_attribute_id, collection_id, attribute_id, name, type, system) VALUES (28, 9, 43, 'unique__index_attribute__collection_id__attribute_id__type__name', 'UNIQUE KEY', true);
INSERT INTO index_attribute (index_attribute_id, collection_id, attribute_id, name, type, system) VALUES (29, 9, 45, 'unique__index_attribute__collection_id__attribute_id__type__name', 'UNIQUE KEY', true);
INSERT INTO index_attribute (index_attribute_id, collection_id, attribute_id, name, type, system) VALUES (30, 9, 44, 'unique__index_attribute__collection_id__attribute_id__type__name', 'UNIQUE KEY', true);
INSERT INTO index_attribute (index_attribute_id, collection_id, attribute_id, name, type, system) VALUES (31, 10, 51, 'index__relationship__join_type', 'KEY', true);
INSERT INTO index_attribute (index_attribute_id, collection_id, attribute_id, name, type, system) VALUES (32, 10, 55, 'index__relationship__many_join_attribute_id', 'KEY', true);
INSERT INTO index_attribute (index_attribute_id, collection_id, attribute_id, name, type, system) VALUES (33, 10, 56, 'index__relationship__many_reverse_attribute_id', 'KEY', true);
INSERT INTO index_attribute (index_attribute_id, collection_id, attribute_id, name, type, system) VALUES (34, 10, 52, 'index__relationship__join_collection_id', 'KEY', true);
INSERT INTO index_attribute (index_attribute_id, collection_id, attribute_id, name, type, system) VALUES (35, 10, 57, 'index__relationship__system', 'KEY', true);
INSERT INTO index_attribute (index_attribute_id, collection_id, attribute_id, name, type, system) VALUES (36, 10, 49, 'index__relationship__attribute_id', 'KEY', true);
INSERT INTO index_attribute (index_attribute_id, collection_id, attribute_id, name, type, system) VALUES (37, 10, 54, 'index__relationship__many_collection_id', 'KEY', true);
INSERT INTO index_attribute (index_attribute_id, collection_id, attribute_id, name, type, system) VALUES (38, 10, 53, 'index__relationship__join_attribute_id', 'KEY', true);
INSERT INTO index_attribute (index_attribute_id, collection_id, attribute_id, name, type, system) VALUES (39, 10, 48, 'unique__relationship__collection_id__name__attribute_id', 'UNIQUE KEY', true);
INSERT INTO index_attribute (index_attribute_id, collection_id, attribute_id, name, type, system) VALUES (40, 10, 50, 'unique__relationship__collection_id__name__attribute_id', 'UNIQUE KEY', true);
INSERT INTO index_attribute (index_attribute_id, collection_id, attribute_id, name, type, system) VALUES (41, 10, 49, 'unique__relationship__collection_id__name__attribute_id', 'UNIQUE KEY', true);
INSERT INTO index_attribute (index_attribute_id, collection_id, attribute_id, name, type, system) VALUES (42, 11, 60, 'index__role__system', 'KEY', true);
INSERT INTO index_attribute (index_attribute_id, collection_id, attribute_id, name, type, system) VALUES (43, 11, 61, 'index__role__description', 'KEY', true);
INSERT INTO index_attribute (index_attribute_id, collection_id, attribute_id, name, type, system) VALUES (44, 11, 59, 'unique__role__name', 'UNIQUE KEY', true);
INSERT INTO index_attribute (index_attribute_id, collection_id, attribute_id, name, type, system) VALUES (45, 12, 64, 'index__security_instantiation__system', 'KEY', true);
INSERT INTO index_attribute (index_attribute_id, collection_id, attribute_id, name, type, system) VALUES (46, 12, 63, 'unique__security_instantiation__java_class', 'UNIQUE KEY', true);
INSERT INTO index_attribute (index_attribute_id, collection_id, attribute_id, name, type, system) VALUES (47, 14, 69, 'index__user__full_name', 'KEY', true);
INSERT INTO index_attribute (index_attribute_id, collection_id, attribute_id, name, type, system) VALUES (48, 14, 70, 'index__user__role_id', 'KEY', true);
INSERT INTO index_attribute (index_attribute_id, collection_id, attribute_id, name, type, system) VALUES (49, 14, 75, 'index__user__status', 'KEY', true);
INSERT INTO index_attribute (index_attribute_id, collection_id, attribute_id, name, type, system) VALUES (50, 14, 73, 'index__user__account_non_locked', 'KEY', true);
INSERT INTO index_attribute (index_attribute_id, collection_id, attribute_id, name, type, system) VALUES (51, 14, 71, 'index__user__system', 'KEY', true);
INSERT INTO index_attribute (index_attribute_id, collection_id, attribute_id, name, type, system) VALUES (52, 14, 72, 'index__user__account_non_expired', 'KEY', true);
INSERT INTO index_attribute (index_attribute_id, collection_id, attribute_id, name, type, system) VALUES (53, 14, 74, 'index__user__credentials_non_expired', 'KEY', true);
INSERT INTO index_attribute (index_attribute_id, collection_id, attribute_id, name, type, system) VALUES (54, 14, 68, 'index__user__password', 'KEY', true);
INSERT INTO index_attribute (index_attribute_id, collection_id, attribute_id, name, type, system) VALUES (55, 14, 67, 'unique__user__login', 'UNIQUE KEY', true);
INSERT INTO index_attribute (index_attribute_id, collection_id, attribute_id, name, type, system) VALUES (56, 15, 79, 'index__job__consume', 'KEY', true);
INSERT INTO index_attribute (index_attribute_id, collection_id, attribute_id, name, type, system) VALUES (57, 15, 86, 'index__job__system', 'KEY', true);
INSERT INTO index_attribute (index_attribute_id, collection_id, attribute_id, name, type, system) VALUES (58, 15, 84, 'index__job__security', 'KEY', true);
INSERT INTO index_attribute (index_attribute_id, collection_id, attribute_id, name, type, system) VALUES (59, 15, 82, 'index__job__error_class', 'KEY', true);
INSERT INTO index_attribute (index_attribute_id, collection_id, attribute_id, name, type, system) VALUES (60, 15, 85, 'index__job__date_created', 'KEY', true);
INSERT INTO index_attribute (index_attribute_id, collection_id, attribute_id, name, type, system) VALUES (61, 15, 83, 'index__job__date_last_executed', 'KEY', true);
INSERT INTO index_attribute (index_attribute_id, collection_id, attribute_id, name, type, system) VALUES (62, 15, 78, 'index__job__cron', 'KEY', true);
INSERT INTO index_attribute (index_attribute_id, collection_id, attribute_id, name, type, system) VALUES (63, 15, 81, 'index__job__error_message', 'KEY', true);
INSERT INTO index_attribute (index_attribute_id, collection_id, attribute_id, name, type, system) VALUES (64, 15, 77, 'unique__job__name', 'UNIQUE KEY', true);
INSERT INTO index_attribute (index_attribute_id, collection_id, attribute_id, name, type, system) VALUES (65, 16, 93, 'index__socket__system', 'KEY', true);
INSERT INTO index_attribute (index_attribute_id, collection_id, attribute_id, name, type, system) VALUES (66, 16, 88, 'index__socket__user_id', 'KEY', true);
INSERT INTO index_attribute (index_attribute_id, collection_id, attribute_id, name, type, system) VALUES (67, 16, 92, 'index__socket__page_key', 'KEY', true);
INSERT INTO index_attribute (index_attribute_id, collection_id, attribute_id, name, type, system) VALUES (68, 16, 89, 'index__socket__session_id', 'KEY', true);
INSERT INTO index_attribute (index_attribute_id, collection_id, attribute_id, name, type, system) VALUES (69, 16, 91, 'index__socket__resource_name', 'KEY', true);
INSERT INTO index_attribute (index_attribute_id, collection_id, attribute_id, name, type, system) VALUES (70, 16, 90, 'index__socket__date_created', 'KEY', true);
INSERT INTO index_attribute (index_attribute_id, collection_id, attribute_id, name, type, system) VALUES (71, 17, 102, 'index__file__system', 'KEY', true);
INSERT INTO index_attribute (index_attribute_id, collection_id, attribute_id, name, type, system) VALUES (72, 17, 95, 'index__file__name', 'KEY', true);
INSERT INTO index_attribute (index_attribute_id, collection_id, attribute_id, name, type, system) VALUES (73, 17, 96, 'index__file__label', 'KEY', true);
INSERT INTO index_attribute (index_attribute_id, collection_id, attribute_id, name, type, system) VALUES (74, 17, 97, 'index__file__path', 'KEY', true);
INSERT INTO index_attribute (index_attribute_id, collection_id, attribute_id, name, type, system) VALUES (75, 17, 98, 'index__file__mime', 'KEY', true);
INSERT INTO index_attribute (index_attribute_id, collection_id, attribute_id, name, type, system) VALUES (76, 17, 100, 'index__file__length', 'KEY', true);
INSERT INTO index_attribute (index_attribute_id, collection_id, attribute_id, name, type, system) VALUES (77, 17, 101, 'index__file__date_created', 'KEY', true);
INSERT INTO index_attribute (index_attribute_id, collection_id, attribute_id, name, type, system) VALUES (78, 17, 99, 'index__file__extension', 'KEY', true);
INSERT INTO index_attribute (index_attribute_id, collection_id, attribute_id, name, type, system) VALUES (79, 18, 106, 'index__enum__format', 'KEY', true);
INSERT INTO index_attribute (index_attribute_id, collection_id, attribute_id, name, type, system) VALUES (80, 18, 107, 'index__enum__description', 'KEY', true);
INSERT INTO index_attribute (index_attribute_id, collection_id, attribute_id, name, type, system) VALUES (81, 18, 108, 'index__enum__system', 'KEY', true);
INSERT INTO index_attribute (index_attribute_id, collection_id, attribute_id, name, type, system) VALUES (82, 18, 105, 'index__enum__type', 'KEY', true);
INSERT INTO index_attribute (index_attribute_id, collection_id, attribute_id, name, type, system) VALUES (83, 18, 104, 'unique__enum__name', 'UNIQUE KEY', true);
INSERT INTO index_attribute (index_attribute_id, collection_id, attribute_id, name, type, system) VALUES (84, 19, 112, 'index__enum_item__system', 'KEY', true);
INSERT INTO index_attribute (index_attribute_id, collection_id, attribute_id, name, type, system) VALUES (85, 19, 110, 'unique__enum_item__enum_id__value', 'UNIQUE KEY', true);
INSERT INTO index_attribute (index_attribute_id, collection_id, attribute_id, name, type, system) VALUES (86, 19, 111, 'unique__enum_item__enum_id__value', 'UNIQUE KEY', true);
INSERT INTO index_attribute (index_attribute_id, collection_id, attribute_id, name, type, system) VALUES (87, 20, 117, 'index__setting__system', 'KEY', true);
INSERT INTO index_attribute (index_attribute_id, collection_id, attribute_id, name, type, system) VALUES (88, 20, 115, 'index__setting__description', 'KEY', true);
INSERT INTO index_attribute (index_attribute_id, collection_id, attribute_id, name, type, system) VALUES (89, 20, 116, 'index__setting__value', 'KEY', true);
INSERT INTO index_attribute (index_attribute_id, collection_id, attribute_id, name, type, system) VALUES (90, 20, 114, 'index__setting__name', 'UNIQUE KEY', true);
INSERT INTO index_attribute (index_attribute_id, collection_id, attribute_id, name, type, system) VALUES (91, 21, 120, 'index__localization__page', 'KEY', true);
INSERT INTO index_attribute (index_attribute_id, collection_id, attribute_id, name, type, system) VALUES (92, 21, 121, 'index__localization__language', 'KEY', true);
INSERT INTO index_attribute (index_attribute_id, collection_id, attribute_id, name, type, system) VALUES (93, 21, 122, 'index__localization__label', 'KEY', true);
INSERT INTO index_attribute (index_attribute_id, collection_id, attribute_id, name, type, system) VALUES (94, 21, 119, 'index__localization__key', 'KEY', true);
INSERT INTO index_attribute (index_attribute_id, collection_id, attribute_id, name, type, system) VALUES (95, 21, 123, 'index__localization__system', 'KEY', true);
INSERT INTO index_attribute (index_attribute_id, collection_id, attribute_id, name, type, system) VALUES (96, 21, 119, 'index__localization__key__page__language', 'UNIQUE KEY', true);
INSERT INTO index_attribute (index_attribute_id, collection_id, attribute_id, name, type, system) VALUES (97, 21, 120, 'index__localization__key__page__language', 'UNIQUE KEY', true);
INSERT INTO index_attribute (index_attribute_id, collection_id, attribute_id, name, type, system) VALUES (98, 21, 121, 'index__localization__key__page__language', 'UNIQUE KEY', true);
INSERT INTO index_attribute (index_attribute_id, collection_id, attribute_id, name, type, system) VALUES (99, 22, 129, 'index__query__return_sub_type', 'KEY', true);
INSERT INTO index_attribute (index_attribute_id, collection_id, attribute_id, name, type, system) VALUES (100, 22, 131, 'index__query__security', 'KEY', true);
INSERT INTO index_attribute (index_attribute_id, collection_id, attribute_id, name, type, system) VALUES (101, 22, 130, 'index__query__date_created', 'KEY', true);
INSERT INTO index_attribute (index_attribute_id, collection_id, attribute_id, name, type, system) VALUES (102, 22, 126, 'index__query__description', 'KEY', true);
INSERT INTO index_attribute (index_attribute_id, collection_id, attribute_id, name, type, system) VALUES (103, 22, 132, 'index__query__system', 'KEY', true);
INSERT INTO index_attribute (index_attribute_id, collection_id, attribute_id, name, type, system) VALUES (104, 22, 128, 'index__query__return_type', 'KEY', true);
INSERT INTO index_attribute (index_attribute_id, collection_id, attribute_id, name, type, system) VALUES (105, 22, 125, 'unique__query__name', 'UNIQUE KEY', true);
INSERT INTO index_attribute (index_attribute_id, collection_id, attribute_id, name, type, system) VALUES (106, 23, 134, 'index__query_parameter__query_id', 'KEY', true);
INSERT INTO index_attribute (index_attribute_id, collection_id, attribute_id, name, type, system) VALUES (107, 23, 138, 'index__query_parameter__system', 'KEY', true);
INSERT INTO index_attribute (index_attribute_id, collection_id, attribute_id, name, type, system) VALUES (108, 23, 135, 'index__query_parameter__name', 'KEY', true);
INSERT INTO index_attribute (index_attribute_id, collection_id, attribute_id, name, type, system) VALUES (109, 23, 136, 'index__query_parameter__type', 'KEY', true);
INSERT INTO index_attribute (index_attribute_id, collection_id, attribute_id, name, type, system) VALUES (110, 23, 137, 'index__query_parameter__sub_type', 'KEY', true);
INSERT INTO index_attribute (index_attribute_id, collection_id, attribute_id, name, type, system) VALUES (111, 23, 135, 'unique__query_parameter__name__query_id', 'UNIQUE KEY', true);
INSERT INTO index_attribute (index_attribute_id, collection_id, attribute_id, name, type, system) VALUES (112, 23, 134, 'unique__query_parameter__name__query_id', 'UNIQUE KEY', true);
INSERT INTO index_attribute (index_attribute_id, collection_id, attribute_id, name, type, system) VALUES (113, 24, 141, 'index__section__system', 'KEY', true);
INSERT INTO index_attribute (index_attribute_id, collection_id, attribute_id, name, type, system) VALUES (114, 24, 142, 'index__section__order', 'KEY', true);
INSERT INTO index_attribute (index_attribute_id, collection_id, attribute_id, name, type, system) VALUES (115, 24, 140, 'unique__section__title', 'UNIQUE KEY', true);
INSERT INTO index_attribute (index_attribute_id, collection_id, attribute_id, name, type, system) VALUES (116, 25, 150, 'index__menu__order', 'KEY', true);
INSERT INTO index_attribute (index_attribute_id, collection_id, attribute_id, name, type, system) VALUES (117, 25, 145, 'index__menu__path', 'KEY', true);
INSERT INTO index_attribute (index_attribute_id, collection_id, attribute_id, name, type, system) VALUES (118, 25, 147, 'index__menu__icon', 'KEY', true);
INSERT INTO index_attribute (index_attribute_id, collection_id, attribute_id, name, type, system) VALUES (119, 25, 144, 'index__menu__title', 'KEY', true);
INSERT INTO index_attribute (index_attribute_id, collection_id, attribute_id, name, type, system) VALUES (120, 25, 149, 'index__menu__parent_menu_id', 'KEY', true);
INSERT INTO index_attribute (index_attribute_id, collection_id, attribute_id, name, type, system) VALUES (121, 25, 148, 'index__menu__section_id', 'KEY', true);
INSERT INTO index_attribute (index_attribute_id, collection_id, attribute_id, name, type, system) VALUES (122, 25, 146, 'index__menu__system', 'KEY', true);
INSERT INTO index_attribute (index_attribute_id, collection_id, attribute_id, name, type, system) VALUES (123, 26, 158, 'index__menu_item__section_id', 'KEY', true);
INSERT INTO index_attribute (index_attribute_id, collection_id, attribute_id, name, type, system) VALUES (124, 26, 156, 'index__menu_item__order', 'KEY', true);
INSERT INTO index_attribute (index_attribute_id, collection_id, attribute_id, name, type, system) VALUES (125, 26, 153, 'index__menu_item__title', 'KEY', true);
INSERT INTO index_attribute (index_attribute_id, collection_id, attribute_id, name, type, system) VALUES (126, 26, 155, 'index__menu_item__icon', 'KEY', true);
INSERT INTO index_attribute (index_attribute_id, collection_id, attribute_id, name, type, system) VALUES (127, 26, 154, 'index__menu_item__system', 'KEY', true);
INSERT INTO index_attribute (index_attribute_id, collection_id, attribute_id, name, type, system) VALUES (128, 26, 152, 'index__menu_item__menu_id', 'KEY', true);
INSERT INTO index_attribute (index_attribute_id, collection_id, attribute_id, name, type, system) VALUES (129, 26, 157, 'unique__menu_item__page_id', 'UNIQUE KEY', true);
INSERT INTO index_attribute (index_attribute_id, collection_id, attribute_id, name, type, system) VALUES (130, 27, 163, 'index__menu_item_parameter__system', 'KEY', true);
INSERT INTO index_attribute (index_attribute_id, collection_id, attribute_id, name, type, system) VALUES (131, 27, 162, 'unique__menu_item_parameter__value__name__menu_item_id', 'UNIQUE KEY', true);
INSERT INTO index_attribute (index_attribute_id, collection_id, attribute_id, name, type, system) VALUES (132, 27, 161, 'unique__menu_item_parameter__value__name__menu_item_id', 'UNIQUE KEY', true);
INSERT INTO index_attribute (index_attribute_id, collection_id, attribute_id, name, type, system) VALUES (133, 27, 160, 'unique__menu_item_parameter__value__name__menu_item_id', 'UNIQUE KEY', true);
INSERT INTO index_attribute (index_attribute_id, collection_id, attribute_id, name, type, system) VALUES (134, 28, 173, 'index__layout__date_modified', 'KEY', true);
INSERT INTO index_attribute (index_attribute_id, collection_id, attribute_id, name, type, system) VALUES (135, 28, 172, 'index__layout__date_created', 'KEY', true);
INSERT INTO index_attribute (index_attribute_id, collection_id, attribute_id, name, type, system) VALUES (136, 28, 166, 'index__layout__description', 'KEY', true);
INSERT INTO index_attribute (index_attribute_id, collection_id, attribute_id, name, type, system) VALUES (137, 28, 167, 'index__layout__system', 'KEY', true);
INSERT INTO index_attribute (index_attribute_id, collection_id, attribute_id, name, type, system) VALUES (138, 28, 171, 'index__layout__modified', 'KEY', true);
INSERT INTO index_attribute (index_attribute_id, collection_id, attribute_id, name, type, system) VALUES (139, 28, 165, 'unique__layout__title', 'UNIQUE KEY', true);
INSERT INTO index_attribute (index_attribute_id, collection_id, attribute_id, name, type, system) VALUES (140, 28, 170, 'unique__layout__java_class', 'UNIQUE KEY', true);
INSERT INTO index_attribute (index_attribute_id, collection_id, attribute_id, name, type, system) VALUES (141, 29, 184, 'index__page__date_created', 'KEY', true);
INSERT INTO index_attribute (index_attribute_id, collection_id, attribute_id, name, type, system) VALUES (142, 29, 183, 'index__page__modified', 'KEY', true);
INSERT INTO index_attribute (index_attribute_id, collection_id, attribute_id, name, type, system) VALUES (143, 29, 177, 'index__page__title', 'KEY', true);
INSERT INTO index_attribute (index_attribute_id, collection_id, attribute_id, name, type, system) VALUES (144, 29, 175, 'index__page__layout_id', 'KEY', true);
INSERT INTO index_attribute (index_attribute_id, collection_id, attribute_id, name, type, system) VALUES (145, 29, 185, 'index__page__date_modified', 'KEY', true);
INSERT INTO index_attribute (index_attribute_id, collection_id, attribute_id, name, type, system) VALUES (146, 29, 180, 'index__page__system', 'KEY', true);
INSERT INTO index_attribute (index_attribute_id, collection_id, attribute_id, name, type, system) VALUES (147, 29, 179, 'index__page__description', 'KEY', true);
INSERT INTO index_attribute (index_attribute_id, collection_id, attribute_id, name, type, system) VALUES (148, 29, 186, 'unique__page__java_class', 'UNIQUE KEY', true);
INSERT INTO index_attribute (index_attribute_id, collection_id, attribute_id, name, type, system) VALUES (149, 29, 176, 'unique__page__code', 'UNIQUE KEY', true);
INSERT INTO index_attribute (index_attribute_id, collection_id, attribute_id, name, type, system) VALUES (150, 29, 178, 'unique__page__path', 'UNIQUE KEY', true);
INSERT INTO index_attribute (index_attribute_id, collection_id, attribute_id, name, type, system) VALUES (151, 30, 191, 'unique__page_role__system', 'KEY', true);
INSERT INTO index_attribute (index_attribute_id, collection_id, attribute_id, name, type, system) VALUES (152, 30, 189, 'unique__page_role__page_id__role_id', 'UNIQUE KEY', true);
INSERT INTO index_attribute (index_attribute_id, collection_id, attribute_id, name, type, system) VALUES (153, 30, 190, 'unique__page_role__page_id__role_id', 'UNIQUE KEY', true);
INSERT INTO index_attribute (index_attribute_id, collection_id, attribute_id, name, type, system) VALUES (154, 31, 194, 'index__block__title', 'KEY', true);
INSERT INTO index_attribute (index_attribute_id, collection_id, attribute_id, name, type, system) VALUES (155, 31, 195, 'index__block__description', 'KEY', true);
INSERT INTO index_attribute (index_attribute_id, collection_id, attribute_id, name, type, system) VALUES (156, 31, 202, 'index__block__date_modified', 'KEY', true);
INSERT INTO index_attribute (index_attribute_id, collection_id, attribute_id, name, type, system) VALUES (157, 31, 203, 'index__block__system', 'KEY', true);
INSERT INTO index_attribute (index_attribute_id, collection_id, attribute_id, name, type, system) VALUES (158, 31, 201, 'index__block__date_created', 'KEY', true);
INSERT INTO index_attribute (index_attribute_id, collection_id, attribute_id, name, type, system) VALUES (159, 31, 200, 'index__block__modified', 'KEY', true);
INSERT INTO index_attribute (index_attribute_id, collection_id, attribute_id, name, type, system) VALUES (160, 31, 193, 'unique__block__code', 'UNIQUE KEY', true);
INSERT INTO index_attribute (index_attribute_id, collection_id, attribute_id, name, type, system) VALUES (161, 32, 213, 'index__json_field__system', 'KEY', true);
INSERT INTO index_attribute (index_attribute_id, collection_id, attribute_id, name, type, system) VALUES (162, 32, 205, 'unique__json_field__json_id__name', 'UNIQUE KEY', true);
INSERT INTO index_attribute (index_attribute_id, collection_id, attribute_id, name, type, system) VALUES (163, 32, 206, 'unique__json_field__json_id__name', 'UNIQUE KEY', true);
INSERT INTO index_attribute (index_attribute_id, collection_id, attribute_id, name, type, system) VALUES (164, 33, 218, 'index__rest__description', 'KEY', true);
INSERT INTO index_attribute (index_attribute_id, collection_id, attribute_id, name, type, system) VALUES (165, 33, 236, 'index__rest__system', 'KEY', true);
INSERT INTO index_attribute (index_attribute_id, collection_id, attribute_id, name, type, system) VALUES (166, 33, 222, 'index__rest__date_created', 'KEY', true);
INSERT INTO index_attribute (index_attribute_id, collection_id, attribute_id, name, type, system) VALUES (167, 33, 223, 'index__rest__security', 'KEY', true);
INSERT INTO index_attribute (index_attribute_id, collection_id, attribute_id, name, type, system) VALUES (168, 33, 217, 'index__rest__name', 'KEY', true);
INSERT INTO index_attribute (index_attribute_id, collection_id, attribute_id, name, type, system) VALUES (169, 33, 216, 'unique__rest__path__method', 'UNIQUE KEY', true);
INSERT INTO index_attribute (index_attribute_id, collection_id, attribute_id, name, type, system) VALUES (170, 33, 215, 'unique__rest__path__method', 'UNIQUE KEY', true);
INSERT INTO index_attribute (index_attribute_id, collection_id, attribute_id, name, type, system) VALUES (171, 33, 219, 'fulltext__rest__script', 'FULLTEXT KEY', true);
INSERT INTO index_attribute (index_attribute_id, collection_id, attribute_id, name, type, system) VALUES (172, 34, 241, 'index__rest_request_header__system', 'KEY', true);
INSERT INTO index_attribute (index_attribute_id, collection_id, attribute_id, name, type, system) VALUES (173, 34, 238, 'unique__rest_request_header__rest_id__http_header_id', 'UNIQUE KEY', true);
INSERT INTO index_attribute (index_attribute_id, collection_id, attribute_id, name, type, system) VALUES (174, 34, 239, 'unique__rest_request_header__rest_id__http_header_id', 'UNIQUE KEY', true);
INSERT INTO index_attribute (index_attribute_id, collection_id, attribute_id, name, type, system) VALUES (175, 35, 246, 'index__rest_request_query__system', 'KEY', true);
INSERT INTO index_attribute (index_attribute_id, collection_id, attribute_id, name, type, system) VALUES (176, 35, 243, 'unique__rest_request_query__rest_id__http_query_id', 'UNIQUE KEY', true);
INSERT INTO index_attribute (index_attribute_id, collection_id, attribute_id, name, type, system) VALUES (177, 35, 244, 'unique__rest_request_query__rest_id__http_query_id', 'UNIQUE KEY', true);
INSERT INTO index_attribute (index_attribute_id, collection_id, attribute_id, name, type, system) VALUES (178, 36, 251, 'index__rest_response_header__system', 'KEY', true);
INSERT INTO index_attribute (index_attribute_id, collection_id, attribute_id, name, type, system) VALUES (179, 36, 248, 'unique__rest_response_header__rest_id__http_header_id', 'UNIQUE KEY', true);
INSERT INTO index_attribute (index_attribute_id, collection_id, attribute_id, name, type, system) VALUES (180, 36, 249, 'unique__rest_response_header__rest_id__http_header_id', 'UNIQUE KEY', true);
INSERT INTO index_attribute (index_attribute_id, collection_id, attribute_id, name, type, system) VALUES (181, 37, 259, 'unique__http_header__system', 'KEY', true);
INSERT INTO index_attribute (index_attribute_id, collection_id, attribute_id, name, type, system) VALUES (182, 37, 253, 'unique__http_header__name', 'UNIQUE KEY', true);
INSERT INTO index_attribute (index_attribute_id, collection_id, attribute_id, name, type, system) VALUES (183, 38, 267, 'unique__http_query__system', 'KEY', true);
INSERT INTO index_attribute (index_attribute_id, collection_id, attribute_id, name, type, system) VALUES (184, 38, 261, 'unique__http_query__name', 'UNIQUE KEY', true);
INSERT INTO index_attribute (index_attribute_id, collection_id, attribute_id, name, type, system) VALUES (185, 39, 270, 'index__json__description', 'KEY', true);
INSERT INTO index_attribute (index_attribute_id, collection_id, attribute_id, name, type, system) VALUES (186, 39, 272, 'index__json__system', 'KEY', true);
INSERT INTO index_attribute (index_attribute_id, collection_id, attribute_id, name, type, system) VALUES (187, 39, 269, 'unique__json__name', 'UNIQUE KEY', true);
INSERT INTO index_attribute (index_attribute_id, collection_id, attribute_id, name, type, system) VALUES (188, 40, 274, 'index__eav_decimal__collection_id', 'KEY', true);
INSERT INTO index_attribute (index_attribute_id, collection_id, attribute_id, name, type, system) VALUES (189, 40, 278, 'index__eav_decimal__eav_value', 'KEY', true);
INSERT INTO index_attribute (index_attribute_id, collection_id, attribute_id, name, type, system) VALUES (190, 40, 276, 'index__eav_decimal__document_id', 'KEY', true);
INSERT INTO index_attribute (index_attribute_id, collection_id, attribute_id, name, type, system) VALUES (191, 40, 275, 'index__eav_decimal__attribute_id', 'KEY', true);
INSERT INTO index_attribute (index_attribute_id, collection_id, attribute_id, name, type, system) VALUES (192, 40, 277, 'index__eav_decimal__attribute_type', 'KEY', true);
INSERT INTO index_attribute (index_attribute_id, collection_id, attribute_id, name, type, system) VALUES (193, 40, 274, 'unique__eav_decimal__collection_id__attribute_id__document_id', 'UNIQUE KEY', true);
INSERT INTO index_attribute (index_attribute_id, collection_id, attribute_id, name, type, system) VALUES (194, 40, 275, 'unique__eav_decimal__collection_id__attribute_id__document_id', 'UNIQUE KEY', true);
INSERT INTO index_attribute (index_attribute_id, collection_id, attribute_id, name, type, system) VALUES (195, 40, 276, 'unique__eav_decimal__collection_id__attribute_id__document_id', 'UNIQUE KEY', true);
INSERT INTO index_attribute (index_attribute_id, collection_id, attribute_id, name, type, system) VALUES (196, 41, 280, 'index__eav_integer__collection_id', 'KEY', true);
INSERT INTO index_attribute (index_attribute_id, collection_id, attribute_id, name, type, system) VALUES (197, 41, 282, 'index__eav_integer__document_id', 'KEY', true);
INSERT INTO index_attribute (index_attribute_id, collection_id, attribute_id, name, type, system) VALUES (198, 41, 284, 'index__eav_integer__eav_value', 'KEY', true);
INSERT INTO index_attribute (index_attribute_id, collection_id, attribute_id, name, type, system) VALUES (199, 41, 283, 'index__eav_integer__attribute_type', 'KEY', true);
INSERT INTO index_attribute (index_attribute_id, collection_id, attribute_id, name, type, system) VALUES (200, 41, 281, 'index__eav_integer__attribute_id', 'KEY', true);
INSERT INTO index_attribute (index_attribute_id, collection_id, attribute_id, name, type, system) VALUES (201, 41, 280, 'unique__eav_integer__collection_id__attribute_id__document_id', 'UNIQUE KEY', true);
INSERT INTO index_attribute (index_attribute_id, collection_id, attribute_id, name, type, system) VALUES (202, 41, 281, 'unique__eav_integer__collection_id__attribute_id__document_id', 'UNIQUE KEY', true);
INSERT INTO index_attribute (index_attribute_id, collection_id, attribute_id, name, type, system) VALUES (203, 41, 282, 'unique__eav_integer__collection_id__attribute_id__document_id', 'UNIQUE KEY', true);
INSERT INTO index_attribute (index_attribute_id, collection_id, attribute_id, name, type, system) VALUES (204, 42, 288, 'index__eav_text__document_id', 'KEY', true);
INSERT INTO index_attribute (index_attribute_id, collection_id, attribute_id, name, type, system) VALUES (205, 42, 289, 'index__eav_text__attribute_type', 'KEY', true);
INSERT INTO index_attribute (index_attribute_id, collection_id, attribute_id, name, type, system) VALUES (206, 42, 287, 'index__eav_text__attribute_id', 'KEY', true);
INSERT INTO index_attribute (index_attribute_id, collection_id, attribute_id, name, type, system) VALUES (207, 42, 286, 'index__eav_text__collection_id', 'KEY', true);
INSERT INTO index_attribute (index_attribute_id, collection_id, attribute_id, name, type, system) VALUES (208, 42, 286, 'unique__eav_text__collection_id__attribute_id__document_id', 'UNIQUE KEY', true);
INSERT INTO index_attribute (index_attribute_id, collection_id, attribute_id, name, type, system) VALUES (209, 42, 287, 'unique__eav_text__collection_id__attribute_id__document_id', 'UNIQUE KEY', true);
INSERT INTO index_attribute (index_attribute_id, collection_id, attribute_id, name, type, system) VALUES (210, 42, 288, 'unique__eav_text__collection_id__attribute_id__document_id', 'UNIQUE KEY', true);
INSERT INTO index_attribute (index_attribute_id, collection_id, attribute_id, name, type, system) VALUES (211, 42, 290, 'fulltext__eav_text__eav_value', 'FULLTEXT KEY', true);
INSERT INTO index_attribute (index_attribute_id, collection_id, attribute_id, name, type, system) VALUES (212, 43, 295, 'index__eav_varchar__attribute_type', 'KEY', true);
INSERT INTO index_attribute (index_attribute_id, collection_id, attribute_id, name, type, system) VALUES (213, 43, 292, 'index__eav_varchar__collection_id', 'KEY', true);
INSERT INTO index_attribute (index_attribute_id, collection_id, attribute_id, name, type, system) VALUES (214, 43, 293, 'index__eav_varchar__attribute_id', 'KEY', true);
INSERT INTO index_attribute (index_attribute_id, collection_id, attribute_id, name, type, system) VALUES (215, 43, 294, 'index__eav_varchar__document_id', 'KEY', true);
INSERT INTO index_attribute (index_attribute_id, collection_id, attribute_id, name, type, system) VALUES (216, 43, 292, 'unique__eav_varchar__collection_id__attribute_id__document_id', 'UNIQUE KEY', true);
INSERT INTO index_attribute (index_attribute_id, collection_id, attribute_id, name, type, system) VALUES (217, 43, 293, 'unique__eav_varchar__collection_id__attribute_id__document_id', 'UNIQUE KEY', true);
INSERT INTO index_attribute (index_attribute_id, collection_id, attribute_id, name, type, system) VALUES (218, 43, 294, 'unique__eav_varchar__collection_id__attribute_id__document_id', 'UNIQUE KEY', true);
INSERT INTO index_attribute (index_attribute_id, collection_id, attribute_id, name, type, system) VALUES (219, 43, 296, 'fulltext__eav_varchar__eav_value', 'FULLTEXT KEY', true);
INSERT INTO index_attribute (index_attribute_id, collection_id, attribute_id, name, type, system) VALUES (220, 44, 298, 'index__eav_boolean__collection_id', 'KEY', true);
INSERT INTO index_attribute (index_attribute_id, collection_id, attribute_id, name, type, system) VALUES (221, 44, 299, 'index__eav_boolean__attribute_id', 'KEY', true);
INSERT INTO index_attribute (index_attribute_id, collection_id, attribute_id, name, type, system) VALUES (222, 44, 302, 'index__eav_boolean__eav_value', 'KEY', true);
INSERT INTO index_attribute (index_attribute_id, collection_id, attribute_id, name, type, system) VALUES (223, 44, 300, 'index__eav_boolean__document_id', 'KEY', true);
INSERT INTO index_attribute (index_attribute_id, collection_id, attribute_id, name, type, system) VALUES (224, 44, 301, 'index__eav_boolean__attribute_type', 'KEY', true);
INSERT INTO index_attribute (index_attribute_id, collection_id, attribute_id, name, type, system) VALUES (225, 44, 298, 'unique__eav_boolean__collection_id__attribute_id__document_id', 'UNIQUE KEY', true);
INSERT INTO index_attribute (index_attribute_id, collection_id, attribute_id, name, type, system) VALUES (226, 44, 299, 'unique__eav_boolean__collection_id__attribute_id__document_id', 'UNIQUE KEY', true);
INSERT INTO index_attribute (index_attribute_id, collection_id, attribute_id, name, type, system) VALUES (227, 44, 300, 'unique__eav_boolean__collection_id__attribute_id__document_id', 'UNIQUE KEY', true);
INSERT INTO index_attribute (index_attribute_id, collection_id, attribute_id, name, type, system) VALUES (228, 45, 305, 'index__eav_date_time__attribute_id', 'KEY', true);
INSERT INTO index_attribute (index_attribute_id, collection_id, attribute_id, name, type, system) VALUES (229, 45, 304, 'index__eav_date_time__collection_id', 'KEY', true);
INSERT INTO index_attribute (index_attribute_id, collection_id, attribute_id, name, type, system) VALUES (230, 45, 308, 'index__eav_date_time__eav_value', 'KEY', true);
INSERT INTO index_attribute (index_attribute_id, collection_id, attribute_id, name, type, system) VALUES (231, 45, 306, 'index__eav_date_time__document_id', 'KEY', true);
INSERT INTO index_attribute (index_attribute_id, collection_id, attribute_id, name, type, system) VALUES (232, 45, 307, 'index__eav_date_time__attribute_type', 'KEY', true);
INSERT INTO index_attribute (index_attribute_id, collection_id, attribute_id, name, type, system) VALUES (233, 45, 304, 'unique__eav_date_time__collection_id__attribute_id__document_id', 'UNIQUE KEY', true);
INSERT INTO index_attribute (index_attribute_id, collection_id, attribute_id, name, type, system) VALUES (234, 45, 305, 'unique__eav_date_time__collection_id__attribute_id__document_id', 'UNIQUE KEY', true);
INSERT INTO index_attribute (index_attribute_id, collection_id, attribute_id, name, type, system) VALUES (235, 45, 306, 'unique__eav_date_time__collection_id__attribute_id__document_id', 'UNIQUE KEY', true);
INSERT INTO index_attribute (index_attribute_id, collection_id, attribute_id, name, type, system) VALUES (236, 46, 310, 'index__eav_date__collection_id', 'KEY', true);
INSERT INTO index_attribute (index_attribute_id, collection_id, attribute_id, name, type, system) VALUES (237, 46, 311, 'index__eav_date__attribute_id', 'KEY', true);
INSERT INTO index_attribute (index_attribute_id, collection_id, attribute_id, name, type, system) VALUES (238, 46, 312, 'index__eav_date__document_id', 'KEY', true);
INSERT INTO index_attribute (index_attribute_id, collection_id, attribute_id, name, type, system) VALUES (239, 46, 313, 'index__eav_date__attribute_type', 'KEY', true);
INSERT INTO index_attribute (index_attribute_id, collection_id, attribute_id, name, type, system) VALUES (240, 46, 314, 'index__eav_date__eav_value', 'KEY', true);
INSERT INTO index_attribute (index_attribute_id, collection_id, attribute_id, name, type, system) VALUES (241, 46, 310, 'unique__eav_date__collection_id__attribute_id__document_id', 'UNIQUE KEY', true);
INSERT INTO index_attribute (index_attribute_id, collection_id, attribute_id, name, type, system) VALUES (242, 46, 311, 'unique__eav_date__collection_id__attribute_id__document_id', 'UNIQUE KEY', true);
INSERT INTO index_attribute (index_attribute_id, collection_id, attribute_id, name, type, system) VALUES (243, 46, 312, 'unique__eav_date__collection_id__attribute_id__document_id', 'UNIQUE KEY', true);
INSERT INTO index_attribute (index_attribute_id, collection_id, attribute_id, name, type, system) VALUES (244, 47, 317, 'index__eav_time__attribute_id', 'KEY', true);
INSERT INTO index_attribute (index_attribute_id, collection_id, attribute_id, name, type, system) VALUES (245, 47, 320, 'index__eav_time__eav_value', 'KEY', true);
INSERT INTO index_attribute (index_attribute_id, collection_id, attribute_id, name, type, system) VALUES (246, 47, 319, 'index__eav_time__attribute_type', 'KEY', true);
INSERT INTO index_attribute (index_attribute_id, collection_id, attribute_id, name, type, system) VALUES (247, 47, 318, 'index__eav_time__document_id', 'KEY', true);
INSERT INTO index_attribute (index_attribute_id, collection_id, attribute_id, name, type, system) VALUES (248, 47, 316, 'index__eav_time__collection_id', 'KEY', true);
INSERT INTO index_attribute (index_attribute_id, collection_id, attribute_id, name, type, system) VALUES (249, 47, 316, 'unique__eav_time__collection_id__attribute_id__document_id', 'UNIQUE KEY', true);
INSERT INTO index_attribute (index_attribute_id, collection_id, attribute_id, name, type, system) VALUES (250, 47, 317, 'unique__eav_time__collection_id__attribute_id__document_id', 'UNIQUE KEY', true);
INSERT INTO index_attribute (index_attribute_id, collection_id, attribute_id, name, type, system) VALUES (251, 47, 318, 'unique__eav_time__collection_id__attribute_id__document_id', 'UNIQUE KEY', true);
INSERT INTO index_attribute (index_attribute_id, collection_id, attribute_id, name, type, system) VALUES (252, 48, 326, 'index__eav_character__eav_value', 'KEY', true);
INSERT INTO index_attribute (index_attribute_id, collection_id, attribute_id, name, type, system) VALUES (253, 48, 324, 'index__eav_character__document_id', 'KEY', true);
INSERT INTO index_attribute (index_attribute_id, collection_id, attribute_id, name, type, system) VALUES (254, 48, 325, 'index__eav_character__attribute_type', 'KEY', true);
INSERT INTO index_attribute (index_attribute_id, collection_id, attribute_id, name, type, system) VALUES (255, 48, 322, 'index__eav_character__collection_id', 'KEY', true);
INSERT INTO index_attribute (index_attribute_id, collection_id, attribute_id, name, type, system) VALUES (256, 48, 323, 'index__eav_character__attribute_id', 'KEY', true);
INSERT INTO index_attribute (index_attribute_id, collection_id, attribute_id, name, type, system) VALUES (257, 48, 322, 'unique__eav_character__collection_id__attribute_id__document_id', 'UNIQUE KEY', true);
INSERT INTO index_attribute (index_attribute_id, collection_id, attribute_id, name, type, system) VALUES (258, 48, 323, 'unique__eav_character__collection_id__attribute_id__document_id', 'UNIQUE KEY', true);
INSERT INTO index_attribute (index_attribute_id, collection_id, attribute_id, name, type, system) VALUES (259, 48, 324, 'unique__eav_character__collection_id__attribute_id__document_id', 'UNIQUE KEY', true);
INSERT INTO index_attribute (index_attribute_id, collection_id, attribute_id, name, type, system) VALUES (260, 49, 329, 'index__restore__table_name', 'KEY', true);
INSERT INTO index_attribute (index_attribute_id, collection_id, attribute_id, name, type, system) VALUES (261, 49, 330, 'index__restore__date_created', 'KEY', true);
INSERT INTO index_attribute (index_attribute_id, collection_id, attribute_id, name, type, system) VALUES (262, 49, 328, 'fulltext__restore__fields', 'FULLTEXT KEY', true);
